segment_id,start,end,length_h
0,2025-12-31 20:00:00+00:00,2026-01-02 06:00:00+00:00,35
1,2025-12-31 20:00:00+00:00,2026-01-02 06:00:00+00:00,35
2,2025-12-31 20:00:00+00:00,2026-01-02 06:00:00+00:00,35
3,2025-12-31 20:00:00+00:00,2026-01-02 06:00:00+00:00,35
4,2025-12-31 20:00:00+00:00,2026-01-02 06:00:00+00:00,35
5,2025-12-31 20:00:00+00:00,2026-01-02 06:00:00+00:00,35
6,2025-12-31 20:00:00+00:00,2026-01-02 06:00:00+00:00,35
7,2025-12-31 20:00:00+00:00,2026-01-02 06:00:00+00:00,35
8,2025-12-31 20:00:00+00:00,2026-01-02 06:00:00+00:00,35
9,2025-12-31 20:00:00+00:00,2026-01-02 06:00:00+00:00,35
10,2025-12-31 20:00:00+00:00,2026-01-02 06:00:00+00:00,35
11,2025-12-31 20:00:00+00:00,2026-01-02 06:00:00+00:00,35
12,2025-12-31 20:00:00+00:00,2026-01-02 06:00:00+00:00,35
13,2025-12-31 20:00:00+00:00,2026-01-02 06:00:00+00:00,35
14,2025-12-31 20:00:00+00:00,2026-01-02 06:00:00+00:00,35
15,2025-12-31 20:00:00+00:00,2026-01-02 06:00:00+00:00,35
16,2025-12-31 20:00:00+00:00,2026-01-02 06:00:00+00:00,35
17,2025-12-31 20:00:00+00:00,2026-01-02 06:00:00+00:00,35
18,2025-12-31 20:00:00+00:00,2026-01-02 06:00:00+00:00,35
19,2025-12-31 20:00:00+00:00,2026-01-02 06:00:00+00:00,35
20,2025-12-31 20:00:00+00:00,2026-01-02 06:00:00+00:00,35
21,2025-12-31 20:00:00+00:00,2026-01-02 06:00:00+00:00,35
22,2025-12-31 20:00:00+00:00,2026-01-02 06:00:00+00:00,35
23,2025-12-31 20:00:00+00:00,2026-01-02 06:00:00+00:00,35
24,2025-12-31 20:00:00+00:00,2026-01-02 06:00:00+00:00,35
25,2025-12-31 20:00:00+00:00,2026-01-02 06:00:00+00:00,35
26,2025-12-31 20:00:00+00:00,2026-01-02 06:00:00+00:00,35
27,2025-12-31 20:00:00+00:00,2026-01-02 06:00:00+00:00,35
28,2025-12-31 20:00:00+00:00,2026-01-02 06:00:00+00:00,35
29,2025-12-31 20:00:00+00:00,2026-01-02 06:00:00+00:00,35
30,2025-12-31 20:00:00+00:00,2026-01-02 06:00:00+00:00,35
31,2025-12-31 20:00:00+00:00,2026-01-02 06:00:00+00:00,35
32,2025-12-31 20:00:00+00:00,2026-01-02 06:00:00+00:00,35
33,2025-12-31 20:00:00+00:00,2026-01-02 06:00:00+00:00,35
34,2025-12-31 20:00:00+00:00,2026-01-02 06:00:00+00:00,35
35,2025-12-31 20:00:00+00:00,2026-01-02 06:00:00+00:00,35
36,2025-12-31 20:00:00+00:00,2026-01-02 06:00:00+00:00,35
37,2025-12-31 20:00:00+00:00,2026-01-02 06:00:00+00:00,35
38,2025-12-31 20:00:00+00:00,2026-01-02 06:00:00+00:00,35
39,2025-12-31 20:00:00+00:00,2026-01-02 06:00:00+00:00,35
40,2025-12-31 20:00:00+00:00,2026-01-02 06:00:00+00:00,35
41,2025-12-31 20:00:00+00:00,2026-01-02 06:00:00+00:00,35
42,2025-12-31 20:00:00+00:00,2026-01-02 06:00:00+00:00,35
43,2025-12-31 20:00:00+00:00,2026-01-02 06:00:00+00:00,35
44,2025-12-31 20:00:00+00:00,2026-01-02 06:00:00+00:00,35
45,2025-12-31 20:00:00+00:00,2026-01-02 06:00:00+00:00,35
46,2025-12-31 20:00:00+00:00,2026-01-02 06:00:00+00:00,35
47,2025-12-31 20:00:00+00:00,2026-01-02 06:00:00+00:00,35
48,2025-12-31 20:00:00+00:00,2026-01-02 06:00:00+00:00,35
49,2025-12-31 20:00:00+00:00,2026-01-02 06:00:00+00:00,35
50,2025-12-31 20:00:00+00:00,2026-01-02 06:00:00+00:00,35
51,2025-12-31 20:00:00+00:00,2026-01-02 06:00:00+00:00,35
52,2025-12-31 20:00:00+00:00,2026-01-02 06:00:00+00:00,35
53,2025-12-31 20:00:00+00:00,2026-01-02 06:00:00+00:00,35
54,2025-12-31 20:00:00+00:00,2026-01-02 06:00:00+00:00,35
55,2025-12-31 20:00:00+00:00,2026-01-02 06:00:00+00:00,35
56,2025-12-31 20:00:00+00:00,2026-01-02 06:00:00+00:00,35
57,2025-12-31 20:00:00+00:00,2026-01-02 06:00:00+00:00,35
58,2025-12-31 20:00:00+00:00,2026-01-02 06:00:00+00:00,35
59,2025-12-31 20:00:00+00:00,2026-01-02 06:00:00+00:00,35
60,2025-12-31 20:00:00+00:00,2026-01-02 06:00:00+00:00,35
61,2025-12-31 20:00:00+00:00,2026-01-02 06:00:00+00:00,35
62,2025-12-31 20:00:00+00:00,2026-01-02 06:00:00+00:00,35
63,2025-12-31 20:00:00+00:00,2026-01-02 06:00:00+00:00,35
64,2025-12-31 20:00:00+00:00,2026-01-02 06:00:00+00:00,35
65,2025-12-31 20:00:00+00:00,2026-01-02 06:00:00+00:00,35
66,2025-12-31 20:00:00+00:00,2026-01-02 06:00:00+00:00,35
67,2025-12-31 20:00:00+00:00,2026-01-02 06:00:00+00:00,35
68,2025-12-31 20:00:00+00:00,2026-01-02 06:00:00+00:00,35
69,2025-12-31 20:00:00+00:00,2026-01-02 06:00:00+00:00,35
70,2025-12-31 20:00:00+00:00,2026-01-02 06:00:00+00:00,35
71,2025-12-31 20:00:00+00:00,2026-01-02 06:00:00+00:00,35
72,2025-12-31 20:00:00+00:00,2026-01-02 06:00:00+00:00,35
73,2025-12-31 20:00:00+00:00,2026-01-02 06:00:00+00:00,35
74,2025-12-31 20:00:00+00:00,2026-01-02 06:00:00+00:00,35
75,2025-12-31 20:00:00+00:00,2026-01-02 06:00:00+00:00,35
76,2025-12-31 20:00:00+00:00,2026-01-02 06:00:00+00:00,35
77,2025-12-31 20:00:00+00:00,2026-01-02 06:00:00+00:00,35
78,2025-12-31 20:00:00+00:00,2026-01-02 06:00:00+00:00,35
79,2025-12-31 20:00:00+00:00,2026-01-02 06:00:00+00:00,35
80,2025-12-31 20:00:00+00:00,2026-01-02 06:00:00+00:00,35
81,2025-12-31 20:00:00+00:00,2026-01-02 06:00:00+00:00,35
82,2025-12-31 20:00:00+00:00,2026-01-02 06:00:00+00:00,35
83,2025-12-31 20:00:00+00:00,2026-01-02 06:00:00+00:00,35
84,2025-12-31 20:00:00+00:00,2026-01-02 06:00:00+00:00,35
85,2025-12-31 20:00:00+00:00,2026-01-02 06:00:00+00:00,35
86,2025-12-31 20:00:00+00:00,2026-01-02 06:00:00+00:00,35
87,2025-12-31 20:00:00+00:00,2026-01-02 06:00:00+00:00,35
88,2025-12-31 20:00:00+00:00,2026-01-02 06:00:00+00:00,35
89,2025-12-31 20:00:00+00:00,2026-01-02 06:00:00+00:00,35
90,2025-12-31 20:00:00+00:00,2026-01-02 06:00:00+00:00,35
91,2025-12-31 20:00:00+00:00,2026-01-02 06:00:00+00:00,35
92,2025-12-31 20:00:00+00:00,2026-01-02 06:00:00+00:00,35
93,2025-12-31 20:00:00+00:00,2026-01-02 06:00:00+00:00,35
94,2025-12-31 20:00:00+00:00,2026-01-02 06:00:00+00:00,35
95,2025-12-31 20:00:00+00:00,2026-01-02 06:00:00+00:00,35
96,2025-12-31 20:00:00+00:00,2026-01-02 06:00:00+00:00,35
97,2025-12-31 20:00:00+00:00,2026-01-02 06:00:00+00:00,35
98,2025-12-31 20:00:00+00:00,2026-01-02 06:00:00+00:00,35
99,2025-12-31 20:00:00+00:00,2026-01-02 06:00:00+00:00,35
100,2025-12-31 20:00:00+00:00,2026-01-02 06:00:00+00:00,35
101,2025-12-31 20:00:00+00:00,2026-01-02 06:00:00+00:00,35
102,2025-12-31 20:00:00+00:00,2026-01-02 06:00:00+00:00,35
103,2025-12-31 20:00:00+00:00,2026-01-02 06:00:00+00:00,35
103,2026-01-12 06:00:00+00:00,2026-01-12 06:00:00+00:00,1
104,2025-12-31 20:00:00+00:00,2026-01-02 06:00:00+00:00,35
105,2025-12-31 20:00:00+00:00,2026-01-02 06:00:00+00:00,35
106,2025-12-31 20:00:00+00:00,2026-01-02 06:00:00+00:00,35
107,2025-12-31 20:00:00+00:00,2026-01-02 06:00:00+00:00,35
108,2025-12-31 20:00:00+00:00,2026-01-02 06:00:00+00:00,35
109,2025-12-31 20:00:00+00:00,2026-01-02 06:00:00+00:00,35
110,2025-12-31 20:00:00+00:00,2026-01-02 06:00:00+00:00,35
111,2025-12-31 20:00:00+00:00,2026-01-02 06:00:00+00:00,35
112,2025-12-31 20:00:00+00:00,2026-01-02 06:00:00+00:00,35
113,2025-12-31 20:00:00+00:00,2026-01-02 06:00:00+00:00,35
114,2025-12-31 20:00:00+00:00,2026-01-02 06:00:00+00:00,35
115,2025-12-31 20:00:00+00:00,2026-01-02 06:00:00+00:00,35
116,2025-12-31 20:00:00+00:00,2026-01-02 06:00:00+00:00,35
117,2025-12-31 20:00:00+00:00,2026-01-02 06:00:00+00:00,35
118,2025-12-31 20:00:00+00:00,2026-01-02 06:00:00+00:00,35
119,2025-12-31 20:00:00+00:00,2026-01-02 06:00:00+00:00,35
120,2025-12-31 20:00:00+00:00,2026-01-02 06:00:00+00:00,35
121,2025-12-31 20:00:00+00:00,2026-01-02 06:00:00+00:00,35
122,2025-12-31 20:00:00+00:00,2026-01-02 06:00:00+00:00,35
123,2025-12-31 20:00:00+00:00,2026-01-02 06:00:00+00:00,35
124,2025-12-31 20:00:00+00:00,2026-01-02 06:00:00+00:00,35
125,2025-12-31 20:00:00+00:00,2026-01-02 06:00:00+00:00,35
126,2025-12-31 20:00:00+00:00,2026-01-02 06:00:00+00:00,35
127,2025-12-31 20:00:00+00:00,2026-01-02 06:00:00+00:00,35
128,2025-12-31 20:00:00+00:00,2026-01-02 06:00:00+00:00,35
129,2025-12-31 20:00:00+00:00,2026-01-02 06:00:00+00:00,35
130,2025-12-31 20:00:00+00:00,2026-01-02 06:00:00+00:00,35
131,2025-12-31 20:00:00+00:00,2026-01-02 06:00:00+00:00,35
132,2025-12-31 20:00:00+00:00,2026-01-02 06:00:00+00:00,35
133,2025-12-31 20:00:00+00:00,2026-01-02 06:00:00+00:00,35
134,2025-12-31 20:00:00+00:00,2026-01-02 06:00:00+00:00,35
135,2025-12-31 20:00:00+00:00,2026-01-02 06:00:00+00:00,35
136,2025-12-31 20:00:00+00:00,2026-01-02 06:00:00+00:00,35
137,2025-12-31 20:00:00+00:00,2026-01-02 06:00:00+00:00,35
138,2025-12-31 20:00:00+00:00,2026-01-02 06:00:00+00:00,35
139,2025-12-31 20:00:00+00:00,2026-01-02 06:00:00+00:00,35
140,2025-12-31 20:00:00+00:00,2026-01-02 06:00:00+00:00,35
141,2025-12-31 20:00:00+00:00,2026-01-02 06:00:00+00:00,35
142,2025-12-31 20:00:00+00:00,2026-01-02 06:00:00+00:00,35
143,2025-12-31 20:00:00+00:00,2026-01-02 06:00:00+00:00,35
144,2025-12-31 20:00:00+00:00,2026-01-02 06:00:00+00:00,35
145,2025-12-31 20:00:00+00:00,2026-01-02 06:00:00+00:00,35
146,2025-12-31 20:00:00+00:00,2026-01-02 06:00:00+00:00,35
147,2025-12-31 20:00:00+00:00,2026-01-02 06:00:00+00:00,35
148,2025-12-31 20:00:00+00:00,2026-01-02 06:00:00+00:00,35
149,2025-12-31 20:00:00+00:00,2026-01-02 06:00:00+00:00,35
150,2025-12-31 20:00:00+00:00,2026-01-02 06:00:00+00:00,35
151,2025-12-31 20:00:00+00:00,2026-01-02 06:00:00+00:00,35
152,2025-12-31 20:00:00+00:00,2026-01-02 06:00:00+00:00,35
153,2025-12-31 20:00:00+00:00,2026-01-02 06:00:00+00:00,35
154,2025-12-31 20:00:00+00:00,2026-01-02 06:00:00+00:00,35
155,2025-12-31 20:00:00+00:00,2026-01-02 06:00:00+00:00,35
156,2025-12-31 20:00:00+00:00,2026-01-02 06:00:00+00:00,35
157,2025-12-31 20:00:00+00:00,2026-01-02 06:00:00+00:00,35
158,2025-12-31 20:00:00+00:00,2026-01-02 06:00:00+00:00,35
159,2025-12-31 20:00:00+00:00,2026-01-02 06:00:00+00:00,35
160,2025-12-31 20:00:00+00:00,2026-01-02 06:00:00+00:00,35
161,2025-12-31 20:00:00+00:00,2026-01-02 06:00:00+00:00,35
162,2025-12-31 20:00:00+00:00,2026-01-02 06:00:00+00:00,35
163,2025-12-31 20:00:00+00:00,2026-01-02 06:00:00+00:00,35
164,2025-12-31 20:00:00+00:00,2026-01-02 06:00:00+00:00,35
165,2025-12-31 20:00:00+00:00,2026-01-02 06:00:00+00:00,35
166,2025-12-31 20:00:00+00:00,2026-01-02 06:00:00+00:00,35
167,2025-12-31 20:00:00+00:00,2026-01-02 06:00:00+00:00,35
168,2025-12-31 20:00:00+00:00,2026-01-02 06:00:00+00:00,35
169,2025-12-31 20:00:00+00:00,2026-01-02 06:00:00+00:00,35
170,2025-12-31 20:00:00+00:00,2026-01-02 06:00:00+00:00,35
171,2025-12-31 20:00:00+00:00,2026-01-02 06:00:00+00:00,35
172,2025-12-31 20:00:00+00:00,2026-01-02 06:00:00+00:00,35
173,2025-12-31 20:00:00+00:00,2026-01-02 06:00:00+00:00,35
174,2025-12-31 20:00:00+00:00,2026-01-02 06:00:00+00:00,35
175,2025-12-31 20:00:00+00:00,2026-01-02 06:00:00+00:00,35
176,2025-12-31 20:00:00+00:00,2026-01-02 06:00:00+00:00,35
177,2025-12-31 20:00:00+00:00,2026-01-02 06:00:00+00:00,35
178,2025-12-31 20:00:00+00:00,2026-01-02 06:00:00+00:00,35
179,2025-12-31 20:00:00+00:00,2026-01-02 06:00:00+00:00,35
180,2025-12-31 20:00:00+00:00,2026-01-02 06:00:00+00:00,35
181,2025-12-31 20:00:00+00:00,2026-01-02 06:00:00+00:00,35
182,2025-12-31 20:00:00+00:00,2026-01-02 06:00:00+00:00,35
183,2025-12-31 20:00:00+00:00,2026-01-02 06:00:00+00:00,35
184,2025-12-31 20:00:00+00:00,2026-01-02 06:00:00+00:00,35
185,2025-12-31 20:00:00+00:00,2026-01-02 06:00:00+00:00,35
186,2025-12-31 20:00:00+00:00,2026-01-02 06:00:00+00:00,35
187,2025-12-31 20:00:00+00:00,2026-01-02 06:00:00+00:00,35
188,2025-12-31 20:00:00+00:00,2026-01-02 06:00:00+00:00,35
189,2025-12-31 20:00:00+00:00,2026-01-02 06:00:00+00:00,35
190,2025-12-31 20:00:00+00:00,2026-01-02 06:00:00+00:00,35
191,2025-12-31 20:00:00+00:00,2026-01-02 06:00:00+00:00,35
192,2025-12-31 20:00:00+00:00,2026-01-02 06:00:00+00:00,35
193,2025-12-31 20:00:00+00:00,2026-01-02 06:00:00+00:00,35
194,2025-12-31 20:00:00+00:00,2026-01-02 06:00:00+00:00,35
195,2025-12-31 20:00:00+00:00,2026-01-02 06:00:00+00:00,35
196,2025-12-31 20:00:00+00:00,2026-01-02 06:00:00+00:00,35
197,2025-12-31 20:00:00+00:00,2026-01-02 06:00:00+00:00,35
198,2025-12-31 20:00:00+00:00,2026-01-02 06:00:00+00:00,35
199,2025-12-31 20:00:00+00:00,2026-01-02 06:00:00+00:00,35
200,2025-12-31 20:00:00+00:00,2026-01-02 06:00:00+00:00,35
201,2025-12-31 20:00:00+00:00,2026-01-02 06:00:00+00:00,35
202,2025-12-31 20:00:00+00:00,2026-01-02 06:00:00+00:00,35
203,2025-12-31 20:00:00+00:00,2026-01-02 06:00:00+00:00,35
204,2025-12-31 20:00:00+00:00,2026-01-02 06:00:00+00:00,35
205,2025-12-31 20:00:00+00:00,2026-01-02 06:00:00+00:00,35
206,2025-12-31 20:00:00+00:00,2026-01-02 06:00:00+00:00,35
207,2025-12-31 20:00:00+00:00,2026-01-02 06:00:00+00:00,35
208,2025-12-31 20:00:00+00:00,2026-01-02 06:00:00+00:00,35
209,2025-12-31 20:00:00+00:00,2026-01-02 06:00:00+00:00,35
210,2025-12-31 20:00:00+00:00,2026-01-02 06:00:00+00:00,35
211,2025-12-31 20:00:00+00:00,2026-01-02 06:00:00+00:00,35
212,2025-12-31 20:00:00+00:00,2026-01-02 06:00:00+00:00,35
213,2025-12-31 20:00:00+00:00,2026-01-02 06:00:00+00:00,35
214,2025-12-31 20:00:00+00:00,2026-01-02 06:00:00+00:00,35
215,2025-12-31 20:00:00+00:00,2026-01-02 06:00:00+00:00,35
216,2025-12-31 20:00:00+00:00,2026-01-02 06:00:00+00:00,35
217,2025-12-31 20:00:00+00:00,2026-01-02 06:00:00+00:00,35
218,2025-12-31 20:00:00+00:00,2026-01-02 06:00:00+00:00,35
219,2025-12-31 20:00:00+00:00,2026-01-02 06:00:00+00:00,35
220,2025-12-31 20:00:00+00:00,2026-01-02 06:00:00+00:00,35
221,2025-12-31 20:00:00+00:00,2026-01-02 06:00:00+00:00,35
222,2025-12-31 20:00:00+00:00,2026-01-02 06:00:00+00:00,35
223,2025-12-31 20:00:00+00:00,2026-01-02 06:00:00+00:00,35
224,2025-12-31 20:00:00+00:00,2026-01-02 06:00:00+00:00,35
225,2025-12-31 20:00:00+00:00,2026-01-02 06:00:00+00:00,35
226,2025-12-31 20:00:00+00:00,2026-01-02 06:00:00+00:00,35
227,2025-12-31 20:00:00+00:00,2026-01-02 06:00:00+00:00,35
228,2025-12-31 20:00:00+00:00,2026-01-02 06:00:00+00:00,35
229,2025-12-31 20:00:00+00:00,2026-01-02 06:00:00+00:00,35
230,2025-12-31 20:00:00+00:00,2026-01-02 06:00:00+00:00,35
231,2025-12-31 20:00:00+00:00,2026-01-02 06:00:00+00:00,35
232,2025-12-31 20:00:00+00:00,2026-01-02 06:00:00+00:00,35
233,2025-12-31 20:00:00+00:00,2026-01-02 06:00:00+00:00,35
234,2025-12-31 20:00:00+00:00,2026-01-02 06:00:00+00:00,35
235,2025-12-31 20:00:00+00:00,2026-01-02 06:00:00+00:00,35
236,2025-12-31 20:00:00+00:00,2026-01-02 06:00:00+00:00,35
237,2025-12-31 20:00:00+00:00,2026-01-02 06:00:00+00:00,35
238,2025-12-31 20:00:00+00:00,2026-01-02 06:00:00+00:00,35
239,2025-12-31 20:00:00+00:00,2026-01-02 06:00:00+00:00,35
240,2025-12-31 20:00:00+00:00,2026-01-02 06:00:00+00:00,35
241,2025-12-31 20:00:00+00:00,2026-01-02 06:00:00+00:00,35
242,2025-12-31 20:00:00+00:00,2026-01-02 06:00:00+00:00,35
243,2025-12-31 20:00:00+00:00,2026-01-02 06:00:00+00:00,35
244,2025-12-31 20:00:00+00:00,2026-01-02 06:00:00+00:00,35
245,2025-12-31 20:00:00+00:00,2026-01-02 06:00:00+00:00,35
246,2025-12-31 20:00:00+00:00,2026-01-02 06:00:00+00:00,35
247,2025-12-31 20:00:00+00:00,2026-01-02 06:00:00+00:00,35
248,2025-12-31 20:00:00+00:00,2026-01-02 06:00:00+00:00,35
249,2025-12-31 20:00:00+00:00,2026-01-02 06:00:00+00:00,35
250,2025-12-31 20:00:00+00:00,2026-01-02 06:00:00+00:00,35
251,2025-12-31 20:00:00+00:00,2026-01-02 06:00:00+00:00,35
252,2025-12-31 20:00:00+00:00,2026-01-02 06:00:00+00:00,35
253,2025-12-31 20:00:00+00:00,2026-01-02 06:00:00+00:00,35
254,2025-12-31 20:00:00+00:00,2026-01-02 06:00:00+00:00,35
255,2025-12-31 20:00:00+00:00,2026-01-02 06:00:00+00:00,35
256,2025-12-31 20:00:00+00:00,2026-01-02 06:00:00+00:00,35
257,2025-12-31 20:00:00+00:00,2026-01-02 06:00:00+00:00,35
258,2025-12-31 20:00:00+00:00,2026-01-02 06:00:00+00:00,35
259,2025-12-31 20:00:00+00:00,2026-01-02 06:00:00+00:00,35
260,2025-12-31 20:00:00+00:00,2026-01-02 06:00:00+00:00,35
261,2025-12-31 20:00:00+00:00,2026-01-02 06:00:00+00:00,35
262,2025-12-31 20:00:00+00:00,2026-01-02 06:00:00+00:00,35
263,2025-12-31 20:00:00+00:00,2026-01-02 06:00:00+00:00,35
264,2025-12-31 20:00:00+00:00,2026-01-02 06:00:00+00:00,35
265,2025-12-31 20:00:00+00:00,2026-01-02 06:00:00+00:00,35
266,2025-12-31 20:00:00+00:00,2026-01-02 06:00:00+00:00,35
267,2025-12-31 20:00:00+00:00,2026-01-02 06:00:00+00:00,35
268,2025-12-31 20:00:00+00:00,2026-01-02 06:00:00+00:00,35
269,2025-12-31 20:00:00+00:00,2026-01-02 06:00:00+00:00,35
270,2025-12-31 20:00:00+00:00,2026-01-02 06:00:00+00:00,35
271,2025-12-31 20:00:00+00:00,2026-01-02 06:00:00+00:00,35
272,2025-12-31 20:00:00+00:00,2026-01-02 06:00:00+00:00,35
273,2025-12-31 20:00:00+00:00,2026-01-02 06:00:00+00:00,35
274,2025-12-31 20:00:00+00:00,2026-01-02 06:00:00+00:00,35
275,2025-12-31 20:00:00+00:00,2026-01-02 06:00:00+00:00,35
276,2025-12-31 20:00:00+00:00,2026-01-02 06:00:00+00:00,35
277,2025-12-31 20:00:00+00:00,2026-01-02 06:00:00+00:00,35
278,2025-12-31 20:00:00+00:00,2026-01-02 06:00:00+00:00,35
279,2025-12-31 20:00:00+00:00,2026-01-02 06:00:00+00:00,35
280,2025-12-31 20:00:00+00:00,2026-01-02 06:00:00+00:00,35
281,2025-12-31 20:00:00+00:00,2026-01-02 06:00:00+00:00,35
282,2025-12-31 20:00:00+00:00,2026-01-02 06:00:00+00:00,35
283,2025-12-31 20:00:00+00:00,2026-01-02 06:00:00+00:00,35
284,2025-12-31 20:00:00+00:00,2026-01-02 06:00:00+00:00,35
285,2025-12-31 20:00:00+00:00,2026-01-02 06:00:00+00:00,35
286,2025-12-31 20:00:00+00:00,2026-01-02 06:00:00+00:00,35
287,2025-12-31 20:00:00+00:00,2026-01-02 06:00:00+00:00,35
288,2025-12-31 20:00:00+00:00,2026-01-02 06:00:00+00:00,35
289,2025-12-31 20:00:00+00:00,2026-01-02 06:00:00+00:00,35
290,2025-12-31 20:00:00+00:00,2026-01-02 06:00:00+00:00,35
291,2025-12-31 20:00:00+00:00,2026-01-02 06:00:00+00:00,35
292,2025-12-31 20:00:00+00:00,2026-01-02 06:00:00+00:00,35
293,2025-12-31 20:00:00+00:00,2026-01-02 06:00:00+00:00,35
294,2025-12-31 20:00:00+00:00,2026-01-02 06:00:00+00:00,35
295,2025-12-31 20:00:00+00:00,2026-01-02 06:00:00+00:00,35
296,2025-12-31 20:00:00+00:00,2026-01-02 06:00:00+00:00,35
297,2025-12-31 20:00:00+00:00,2026-01-02 06:00:00+00:00,35
298,2025-12-31 20:00:00+00:00,2026-01-02 06:00:00+00:00,35
299,2025-12-31 20:00:00+00:00,2026-01-02 06:00:00+00:00,35
300,2025-12-31 20:00:00+00:00,2026-01-02 06:00:00+00:00,35
301,2025-12-31 20:00:00+00:00,2026-01-02 06:00:00+00:00,35
302,2025-12-31 20:00:00+00:00,2026-01-02 06:00:00+00:00,35
303,2025-12-31 20:00:00+00:00,2026-01-02 06:00:00+00:00,35
304,2025-12-31 20:00:00+00:00,2026-01-02 06:00:00+00:00,35
305,2025-12-31 20:00:00+00:00,2026-01-02 06:00:00+00:00,35
306,2025-12-31 20:00:00+00:00,2026-01-02 06:00:00+00:00,35
307,2025-12-31 20:00:00+00:00,2026-01-02 06:00:00+00:00,35
308,2025-12-31 20:00:00+00:00,2026-01-02 06:00:00+00:00,35
309,2025-12-31 20:00:00+00:00,2026-01-02 06:00:00+00:00,35
310,2025-12-31 20:00:00+00:00,2026-01-02 06:00:00+00:00,35
311,2025-12-31 20:00:00+00:00,2026-01-02 06:00:00+00:00,35
312,2025-12-31 20:00:00+00:00,2026-01-02 06:00:00+00:00,35
313,2025-12-31 20:00:00+00:00,2026-01-02 06:00:00+00:00,35
314,2025-12-31 20:00:00+00:00,2026-01-02 06:00:00+00:00,35
315,2025-12-31 20:00:00+00:00,2026-01-02 06:00:00+00:00,35
316,2025-12-31 20:00:00+00:00,2026-01-02 06:00:00+00:00,35
317,2025-12-31 20:00:00+00:00,2026-01-02 06:00:00+00:00,35
318,2025-12-31 20:00:00+00:00,2026-01-02 06:00:00+00:00,35
319,2025-12-31 20:00:00+00:00,2026-01-02 06:00:00+00:00,35
320,2025-12-31 20:00:00+00:00,2026-01-02 06:00:00+00:00,35
321,2025-12-31 20:00:00+00:00,2026-01-02 06:00:00+00:00,35
322,2025-12-31 20:00:00+00:00,2026-01-02 06:00:00+00:00,35
323,2025-12-31 20:00:00+00:00,2026-01-02 06:00:00+00:00,35
324,2025-12-31 20:00:00+00:00,2026-01-02 06:00:00+00:00,35
325,2025-12-31 20:00:00+00:00,2026-01-02 06:00:00+00:00,35
326,2025-12-31 20:00:00+00:00,2026-01-02 06:00:00+00:00,35
327,2025-12-31 20:00:00+00:00,2026-01-02 06:00:00+00:00,35
328,2025-12-31 20:00:00+00:00,2026-01-02 06:00:00+00:00,35
329,2025-12-31 20:00:00+00:00,2026-01-02 06:00:00+00:00,35
330,2025-12-31 20:00:00+00:00,2026-01-02 06:00:00+00:00,35
331,2025-12-31 20:00:00+00:00,2026-01-02 06:00:00+00:00,35
332,2025-12-31 20:00:00+00:00,2026-01-02 06:00:00+00:00,35
333,2025-12-31 20:00:00+00:00,2026-01-02 06:00:00+00:00,35
334,2025-12-31 20:00:00+00:00,2026-01-02 06:00:00+00:00,35
335,2025-12-31 20:00:00+00:00,2026-01-02 06:00:00+00:00,35
336,2025-12-31 20:00:00+00:00,2026-01-02 06:00:00+00:00,35
337,2025-12-31 20:00:00+00:00,2026-01-02 06:00:00+00:00,35
338,2025-12-31 20:00:00+00:00,2026-01-02 06:00:00+00:00,35
339,2025-12-31 20:00:00+00:00,2026-01-02 06:00:00+00:00,35
340,2025-12-31 20:00:00+00:00,2026-01-02 06:00:00+00:00,35
341,2025-12-31 20:00:00+00:00,2026-01-02 06:00:00+00:00,35
342,2025-12-31 20:00:00+00:00,2026-01-02 06:00:00+00:00,35
343,2025-12-31 20:00:00+00:00,2026-01-02 06:00:00+00:00,35
344,2025-12-31 20:00:00+00:00,2026-01-02 06:00:00+00:00,35
345,2025-12-31 20:00:00+00:00,2026-01-02 06:00:00+00:00,35
346,2025-12-31 20:00:00+00:00,2026-01-02 06:00:00+00:00,35
347,2025-12-31 20:00:00+00:00,2026-01-02 06:00:00+00:00,35
348,2025-12-31 20:00:00+00:00,2026-01-02 06:00:00+00:00,35
349,2025-12-31 20:00:00+00:00,2026-01-02 06:00:00+00:00,35
350,2025-12-31 19:00:00+00:00,2026-01-02 19:00:00+00:00,49
351,2025-12-31 19:00:00+00:00,2026-01-02 19:00:00+00:00,49
352,2025-12-31 19:00:00+00:00,2026-01-02 19:00:00+00:00,49
353,2025-12-31 19:00:00+00:00,2026-01-02 19:00:00+00:00,49
354,2025-12-31 19:00:00+00:00,2026-01-02 19:00:00+00:00,49
355,2025-12-31 19:00:00+00:00,2026-01-02 19:00:00+00:00,49
356,2025-12-31 19:00:00+00:00,2026-01-02 19:00:00+00:00,49
357,2025-12-31 19:00:00+00:00,2026-01-02 19:00:00+00:00,49
358,2025-12-31 19:00:00+00:00,2026-01-02 19:00:00+00:00,49
359,2025-12-31 19:00:00+00:00,2026-01-02 19:00:00+00:00,49
360,2025-12-31 19:00:00+00:00,2026-01-02 19:00:00+00:00,49
361,2025-12-31 19:00:00+00:00,2026-01-02 19:00:00+00:00,49
362,2025-12-31 19:00:00+00:00,2026-01-02 19:00:00+00:00,49
363,2025-12-31 19:00:00+00:00,2026-01-02 19:00:00+00:00,49
364,2025-12-31 19:00:00+00:00,2026-01-02 19:00:00+00:00,49
365,2025-12-31 19:00:00+00:00,2026-01-02 19:00:00+00:00,49
366,2025-12-31 19:00:00+00:00,2026-01-02 19:00:00+00:00,49
367,2025-12-31 19:00:00+00:00,2026-01-02 19:00:00+00:00,49
368,2025-12-31 19:00:00+00:00,2026-01-02 19:00:00+00:00,49
369,2025-12-31 19:00:00+00:00,2026-01-02 19:00:00+00:00,49
370,2025-12-31 19:00:00+00:00,2026-01-02 19:00:00+00:00,49
371,2025-12-31 19:00:00+00:00,2026-01-02 19:00:00+00:00,49
372,2025-12-31 19:00:00+00:00,2026-01-02 19:00:00+00:00,49
373,2025-12-31 19:00:00+00:00,2026-01-02 19:00:00+00:00,49
374,2025-12-31 19:00:00+00:00,2026-01-02 19:00:00+00:00,49
375,2025-12-31 19:00:00+00:00,2026-01-02 19:00:00+00:00,49
376,2025-12-31 19:00:00+00:00,2026-01-02 19:00:00+00:00,49
377,2025-12-31 19:00:00+00:00,2026-01-02 19:00:00+00:00,49
378,2025-12-31 19:00:00+00:00,2026-01-02 19:00:00+00:00,49
379,2025-12-31 19:00:00+00:00,2026-01-02 19:00:00+00:00,49
380,2025-12-31 19:00:00+00:00,2026-01-02 19:00:00+00:00,49
381,2025-12-31 19:00:00+00:00,2026-01-02 19:00:00+00:00,49
382,2025-12-31 19:00:00+00:00,2026-01-02 19:00:00+00:00,49
383,2025-12-31 19:00:00+00:00,2026-01-02 19:00:00+00:00,49
384,2025-12-31 19:00:00+00:00,2026-01-02 19:00:00+00:00,49
385,2025-12-31 19:00:00+00:00,2026-01-02 19:00:00+00:00,49
386,2025-12-31 19:00:00+00:00,2026-01-02 19:00:00+00:00,49
387,2025-12-31 19:00:00+00:00,2026-01-02 19:00:00+00:00,49
388,2025-12-31 19:00:00+00:00,2026-01-02 19:00:00+00:00,49
389,2025-12-31 19:00:00+00:00,2026-01-02 19:00:00+00:00,49
390,2025-12-31 19:00:00+00:00,2026-01-02 19:00:00+00:00,49
391,2025-12-31 19:00:00+00:00,2026-01-02 19:00:00+00:00,49
392,2025-12-31 19:00:00+00:00,2026-01-02 19:00:00+00:00,49
393,2025-12-31 19:00:00+00:00,2026-01-02 19:00:00+00:00,49
394,2025-12-31 19:00:00+00:00,2026-01-02 19:00:00+00:00,49
395,2025-12-31 19:00:00+00:00,2026-01-02 19:00:00+00:00,49
396,2025-12-31 19:00:00+00:00,2026-01-02 19:00:00+00:00,49
397,2025-12-31 19:00:00+00:00,2026-01-02 19:00:00+00:00,49
398,2025-12-31 19:00:00+00:00,2026-01-02 19:00:00+00:00,49
399,2025-12-31 19:00:00+00:00,2026-01-02 19:00:00+00:00,49
400,2025-12-31 19:00:00+00:00,2026-01-02 19:00:00+00:00,49
401,2025-12-31 19:00:00+00:00,2026-01-02 19:00:00+00:00,49
402,2025-12-31 19:00:00+00:00,2026-01-02 19:00:00+00:00,49
403,2025-12-31 19:00:00+00:00,2026-01-02 19:00:00+00:00,49
404,2025-12-31 19:00:00+00:00,2026-01-02 19:00:00+00:00,49
405,2025-12-31 19:00:00+00:00,2026-01-02 19:00:00+00:00,49
406,2025-12-31 19:00:00+00:00,2026-01-02 19:00:00+00:00,49
407,2025-12-31 19:00:00+00:00,2026-01-02 19:00:00+00:00,49
408,2025-12-31 19:00:00+00:00,2026-01-02 19:00:00+00:00,49
409,2025-12-31 19:00:00+00:00,2026-01-02 19:00:00+00:00,49
410,2025-12-31 19:00:00+00:00,2026-01-02 19:00:00+00:00,49
411,2025-12-31 19:00:00+00:00,2026-01-02 19:00:00+00:00,49
412,2025-12-31 19:00:00+00:00,2026-01-02 19:00:00+00:00,49
413,2025-12-31 19:00:00+00:00,2026-01-02 19:00:00+00:00,49
414,2025-12-31 19:00:00+00:00,2026-01-02 19:00:00+00:00,49
415,2025-12-31 19:00:00+00:00,2026-01-02 19:00:00+00:00,49
416,2025-12-31 19:00:00+00:00,2026-01-02 19:00:00+00:00,49
417,2025-12-31 19:00:00+00:00,2026-01-02 19:00:00+00:00,49
418,2025-12-31 19:00:00+00:00,2026-01-02 19:00:00+00:00,49
419,2025-12-31 19:00:00+00:00,2026-01-02 19:00:00+00:00,49
420,2025-12-31 19:00:00+00:00,2026-01-02 19:00:00+00:00,49
421,2025-12-31 19:00:00+00:00,2026-01-02 19:00:00+00:00,49
422,2025-12-31 19:00:00+00:00,2026-01-02 19:00:00+00:00,49
423,2025-12-31 19:00:00+00:00,2026-01-02 19:00:00+00:00,49
424,2025-12-31 19:00:00+00:00,2026-01-02 19:00:00+00:00,49
425,2025-12-31 19:00:00+00:00,2026-01-02 19:00:00+00:00,49
426,2025-12-31 19:00:00+00:00,2026-01-02 19:00:00+00:00,49
427,2025-12-31 19:00:00+00:00,2026-01-02 19:00:00+00:00,49
428,2025-12-31 19:00:00+00:00,2026-01-02 19:00:00+00:00,49
429,2025-12-31 19:00:00+00:00,2026-01-02 19:00:00+00:00,49
430,2025-12-31 19:00:00+00:00,2026-01-02 19:00:00+00:00,49
431,2025-12-31 19:00:00+00:00,2026-01-02 19:00:00+00:00,49
432,2025-12-31 19:00:00+00:00,2026-01-02 19:00:00+00:00,49
433,2025-12-31 19:00:00+00:00,2026-01-02 19:00:00+00:00,49
434,2025-12-31 19:00:00+00:00,2026-01-02 19:00:00+00:00,49
435,2025-12-31 19:00:00+00:00,2026-01-02 19:00:00+00:00,49
436,2025-12-31 19:00:00+00:00,2026-01-02 19:00:00+00:00,49
437,2025-12-31 19:00:00+00:00,2026-01-02 19:00:00+00:00,49
438,2025-12-31 19:00:00+00:00,2026-01-02 19:00:00+00:00,49
439,2025-12-31 19:00:00+00:00,2026-01-02 19:00:00+00:00,49
440,2025-12-31 19:00:00+00:00,2026-01-02 19:00:00+00:00,49
441,2025-12-31 19:00:00+00:00,2026-01-02 19:00:00+00:00,49
442,2025-12-31 19:00:00+00:00,2026-01-02 19:00:00+00:00,49
443,2025-12-31 19:00:00+00:00,2026-01-02 19:00:00+00:00,49
444,2025-12-31 19:00:00+00:00,2026-01-02 19:00:00+00:00,49
445,2025-12-31 19:00:00+00:00,2026-01-02 19:00:00+00:00,49
446,2025-12-31 19:00:00+00:00,2026-01-02 19:00:00+00:00,49
447,2025-12-31 19:00:00+00:00,2026-01-02 19:00:00+00:00,49
448,2025-12-31 19:00:00+00:00,2026-01-02 19:00:00+00:00,49
449,2025-12-31 19:00:00+00:00,2026-01-02 19:00:00+00:00,49
450,2025-12-31 19:00:00+00:00,2026-01-02 19:00:00+00:00,49
451,2025-12-31 19:00:00+00:00,2026-01-02 19:00:00+00:00,49
452,2025-12-31 19:00:00+00:00,2026-01-02 19:00:00+00:00,49
453,2025-12-31 19:00:00+00:00,2026-01-02 19:00:00+00:00,49
454,2025-12-31 19:00:00+00:00,2026-01-02 19:00:00+00:00,49
455,2025-12-31 19:00:00+00:00,2026-01-02 19:00:00+00:00,49
456,2025-12-31 19:00:00+00:00,2026-01-02 19:00:00+00:00,49
457,2025-12-31 19:00:00+00:00,2026-01-02 19:00:00+00:00,49
458,2025-12-31 19:00:00+00:00,2026-01-02 19:00:00+00:00,49
459,2025-12-31 19:00:00+00:00,2026-01-02 19:00:00+00:00,49
460,2025-12-31 19:00:00+00:00,2026-01-02 19:00:00+00:00,49
461,2025-12-31 19:00:00+00:00,2026-01-02 19:00:00+00:00,49
462,2025-12-31 19:00:00+00:00,2026-01-02 19:00:00+00:00,49
463,2025-12-31 19:00:00+00:00,2026-01-02 19:00:00+00:00,49
464,2025-12-31 19:00:00+00:00,2026-01-02 19:00:00+00:00,49
465,2025-12-31 19:00:00+00:00,2026-01-02 19:00:00+00:00,49
466,2025-12-31 19:00:00+00:00,2026-01-02 19:00:00+00:00,49
467,2025-12-31 19:00:00+00:00,2026-01-02 19:00:00+00:00,49
468,2025-12-31 19:00:00+00:00,2026-01-02 19:00:00+00:00,49
469,2025-12-31 19:00:00+00:00,2026-01-02 19:00:00+00:00,49
470,2025-12-31 19:00:00+00:00,2026-01-02 19:00:00+00:00,49
471,2025-12-31 19:00:00+00:00,2026-01-02 19:00:00+00:00,49
472,2025-12-31 19:00:00+00:00,2026-01-02 19:00:00+00:00,49
473,2025-12-31 19:00:00+00:00,2026-01-02 19:00:00+00:00,49
474,2025-12-31 19:00:00+00:00,2026-01-02 19:00:00+00:00,49
475,2025-12-31 19:00:00+00:00,2026-01-02 19:00:00+00:00,49
476,2025-12-31 19:00:00+00:00,2026-01-02 19:00:00+00:00,49
477,2025-12-31 19:00:00+00:00,2026-01-02 19:00:00+00:00,49
478,2025-12-31 19:00:00+00:00,2026-01-02 19:00:00+00:00,49
479,2025-12-31 19:00:00+00:00,2026-01-02 19:00:00+00:00,49
480,2025-12-31 19:00:00+00:00,2026-01-02 19:00:00+00:00,49
481,2025-12-31 19:00:00+00:00,2026-01-02 19:00:00+00:00,49
482,2025-12-31 19:00:00+00:00,2026-01-02 19:00:00+00:00,49
483,2025-12-31 19:00:00+00:00,2026-01-02 19:00:00+00:00,49
484,2025-12-31 19:00:00+00:00,2026-01-02 19:00:00+00:00,49
485,2025-12-31 19:00:00+00:00,2026-01-02 19:00:00+00:00,49
486,2025-12-31 19:00:00+00:00,2026-01-02 19:00:00+00:00,49
487,2025-12-31 19:00:00+00:00,2026-01-02 19:00:00+00:00,49
488,2025-12-31 19:00:00+00:00,2026-01-02 19:00:00+00:00,49
489,2025-12-31 19:00:00+00:00,2026-01-02 19:00:00+00:00,49
490,2025-12-31 19:00:00+00:00,2026-01-02 19:00:00+00:00,49
491,2025-12-31 19:00:00+00:00,2026-01-02 19:00:00+00:00,49
492,2025-12-31 19:00:00+00:00,2026-01-02 19:00:00+00:00,49
493,2025-12-31 19:00:00+00:00,2026-01-02 19:00:00+00:00,49
494,2025-12-31 19:00:00+00:00,2026-01-02 19:00:00+00:00,49
495,2025-12-31 19:00:00+00:00,2026-01-02 19:00:00+00:00,49
496,2025-12-31 19:00:00+00:00,2026-01-02 19:00:00+00:00,49
497,2025-12-31 19:00:00+00:00,2026-01-02 19:00:00+00:00,49
498,2025-12-31 19:00:00+00:00,2026-01-02 19:00:00+00:00,49
499,2025-12-31 19:00:00+00:00,2026-01-02 19:00:00+00:00,49
500,2025-12-31 19:00:00+00:00,2026-01-02 19:00:00+00:00,49
501,2025-12-31 19:00:00+00:00,2026-01-02 19:00:00+00:00,49
502,2025-12-31 19:00:00+00:00,2026-01-02 19:00:00+00:00,49
503,2025-12-31 19:00:00+00:00,2026-01-02 19:00:00+00:00,49
504,2025-12-31 19:00:00+00:00,2026-01-02 19:00:00+00:00,49
505,2025-12-31 19:00:00+00:00,2026-01-02 19:00:00+00:00,49
506,2025-12-31 19:00:00+00:00,2026-01-02 19:00:00+00:00,49
507,2025-12-31 19:00:00+00:00,2026-01-02 19:00:00+00:00,49
508,2025-12-31 19:00:00+00:00,2026-01-02 19:00:00+00:00,49
509,2025-12-31 19:00:00+00:00,2026-01-02 19:00:00+00:00,49
510,2025-12-31 19:00:00+00:00,2026-01-02 19:00:00+00:00,49
511,2025-12-31 19:00:00+00:00,2026-01-02 19:00:00+00:00,49
512,2025-12-31 19:00:00+00:00,2026-01-02 19:00:00+00:00,49
513,2025-12-31 19:00:00+00:00,2026-01-02 19:00:00+00:00,49
514,2025-12-31 19:00:00+00:00,2026-01-02 19:00:00+00:00,49
515,2025-12-31 19:00:00+00:00,2026-01-02 19:00:00+00:00,49
516,2025-12-31 19:00:00+00:00,2026-01-02 19:00:00+00:00,49
517,2025-12-31 19:00:00+00:00,2026-01-02 19:00:00+00:00,49
518,2025-12-31 19:00:00+00:00,2026-01-02 19:00:00+00:00,49
519,2025-12-31 19:00:00+00:00,2026-01-02 19:00:00+00:00,49
520,2025-12-31 19:00:00+00:00,2026-01-02 19:00:00+00:00,49
521,2025-12-31 19:00:00+00:00,2026-01-02 19:00:00+00:00,49
522,2025-12-31 19:00:00+00:00,2026-01-02 19:00:00+00:00,49
523,2025-12-31 19:00:00+00:00,2026-01-02 19:00:00+00:00,49
524,2025-12-31 19:00:00+00:00,2026-01-02 19:00:00+00:00,49
525,2025-12-31 19:00:00+00:00,2026-01-02 19:00:00+00:00,49
526,2025-12-31 19:00:00+00:00,2026-01-02 19:00:00+00:00,49
527,2025-12-31 19:00:00+00:00,2026-01-02 19:00:00+00:00,49
528,2025-12-31 19:00:00+00:00,2026-01-02 19:00:00+00:00,49
529,2025-12-31 19:00:00+00:00,2026-01-02 19:00:00+00:00,49
530,2025-12-31 19:00:00+00:00,2026-01-02 19:00:00+00:00,49
531,2025-12-31 19:00:00+00:00,2026-01-02 19:00:00+00:00,49
532,2025-12-31 19:00:00+00:00,2026-01-02 19:00:00+00:00,49
533,2025-12-31 19:00:00+00:00,2026-01-02 19:00:00+00:00,49
534,2025-12-31 19:00:00+00:00,2026-01-02 19:00:00+00:00,49
535,2025-12-31 19:00:00+00:00,2026-01-02 19:00:00+00:00,49
536,2025-12-31 19:00:00+00:00,2026-01-02 19:00:00+00:00,49
537,2025-12-31 19:00:00+00:00,2026-01-02 19:00:00+00:00,49
538,2025-12-31 19:00:00+00:00,2026-01-02 19:00:00+00:00,49
539,2025-12-31 19:00:00+00:00,2026-01-02 19:00:00+00:00,49
540,2025-12-31 19:00:00+00:00,2026-01-02 19:00:00+00:00,49
541,2025-12-31 19:00:00+00:00,2026-01-02 19:00:00+00:00,49
542,2025-12-31 19:00:00+00:00,2026-01-02 19:00:00+00:00,49
543,2025-12-31 19:00:00+00:00,2026-01-02 19:00:00+00:00,49
544,2025-12-31 19:00:00+00:00,2026-01-02 19:00:00+00:00,49
545,2025-12-31 19:00:00+00:00,2026-01-02 19:00:00+00:00,49
546,2025-12-31 19:00:00+00:00,2026-01-02 19:00:00+00:00,49
547,2025-12-31 19:00:00+00:00,2026-01-02 19:00:00+00:00,49
548,2025-12-31 19:00:00+00:00,2026-01-02 19:00:00+00:00,49
549,2025-12-31 19:00:00+00:00,2026-01-02 19:00:00+00:00,49
550,2025-12-31 19:00:00+00:00,2026-01-02 19:00:00+00:00,49
551,2025-12-31 19:00:00+00:00,2026-01-02 19:00:00+00:00,49
552,2025-12-31 19:00:00+00:00,2026-01-02 19:00:00+00:00,49
553,2025-12-31 19:00:00+00:00,2026-01-02 19:00:00+00:00,49
554,2025-12-31 19:00:00+00:00,2026-01-02 19:00:00+00:00,49
555,2025-12-31 19:00:00+00:00,2026-01-02 19:00:00+00:00,49
556,2025-12-31 19:00:00+00:00,2026-01-02 19:00:00+00:00,49
557,2025-12-31 19:00:00+00:00,2026-01-02 19:00:00+00:00,49
558,2025-12-31 19:00:00+00:00,2026-01-02 19:00:00+00:00,49
559,2025-12-31 19:00:00+00:00,2026-01-02 19:00:00+00:00,49
560,2025-12-31 19:00:00+00:00,2026-01-02 19:00:00+00:00,49
561,2025-12-31 19:00:00+00:00,2026-01-02 19:00:00+00:00,49
562,2025-12-31 19:00:00+00:00,2026-01-02 19:00:00+00:00,49
563,2025-12-31 19:00:00+00:00,2026-01-02 19:00:00+00:00,49
564,2025-12-31 19:00:00+00:00,2026-01-02 19:00:00+00:00,49
565,2025-12-31 19:00:00+00:00,2026-01-02 19:00:00+00:00,49
566,2025-12-31 19:00:00+00:00,2026-01-02 19:00:00+00:00,49
567,2025-12-31 19:00:00+00:00,2026-01-02 19:00:00+00:00,49
568,2025-12-31 19:00:00+00:00,2026-01-02 19:00:00+00:00,49
569,2025-12-31 19:00:00+00:00,2026-01-02 19:00:00+00:00,49
570,2025-12-31 19:00:00+00:00,2026-01-02 19:00:00+00:00,49
571,2025-12-31 19:00:00+00:00,2026-01-02 19:00:00+00:00,49
572,2025-12-31 19:00:00+00:00,2026-01-02 19:00:00+00:00,49
573,2025-12-31 19:00:00+00:00,2026-01-02 19:00:00+00:00,49
574,2025-12-31 19:00:00+00:00,2026-01-02 19:00:00+00:00,49
575,2025-12-31 19:00:00+00:00,2026-01-02 19:00:00+00:00,49
576,2025-12-31 19:00:00+00:00,2026-01-02 19:00:00+00:00,49
577,2025-12-31 19:00:00+00:00,2026-01-02 19:00:00+00:00,49
578,2025-12-31 19:00:00+00:00,2026-01-02 19:00:00+00:00,49
579,2025-12-31 19:00:00+00:00,2026-01-02 19:00:00+00:00,49
580,2025-12-31 19:00:00+00:00,2026-01-02 19:00:00+00:00,49
581,2025-12-31 19:00:00+00:00,2026-01-02 19:00:00+00:00,49
582,2025-12-31 19:00:00+00:00,2026-01-02 19:00:00+00:00,49
583,2025-12-31 19:00:00+00:00,2026-01-02 19:00:00+00:00,49
584,2025-12-31 19:00:00+00:00,2026-01-02 19:00:00+00:00,49
585,2025-12-31 19:00:00+00:00,2026-01-02 19:00:00+00:00,49
586,2025-12-31 19:00:00+00:00,2026-01-02 19:00:00+00:00,49
587,2025-12-31 19:00:00+00:00,2026-01-02 19:00:00+00:00,49
588,2025-12-31 19:00:00+00:00,2026-01-02 19:00:00+00:00,49
589,2025-12-31 19:00:00+00:00,2026-01-02 19:00:00+00:00,49
590,2025-12-31 19:00:00+00:00,2026-01-02 19:00:00+00:00,49
591,2025-12-31 19:00:00+00:00,2026-01-02 19:00:00+00:00,49
592,2025-12-31 19:00:00+00:00,2026-01-02 19:00:00+00:00,49
593,2025-12-31 19:00:00+00:00,2026-01-02 19:00:00+00:00,49
594,2025-12-31 19:00:00+00:00,2026-01-02 19:00:00+00:00,49
595,2025-12-31 19:00:00+00:00,2026-01-02 19:00:00+00:00,49
596,2025-12-31 19:00:00+00:00,2026-01-02 19:00:00+00:00,49
597,2025-12-31 19:00:00+00:00,2026-01-02 19:00:00+00:00,49
598,2025-12-31 19:00:00+00:00,2026-01-02 19:00:00+00:00,49
599,2025-12-31 19:00:00+00:00,2026-01-02 19:00:00+00:00,49
600,2025-12-31 19:00:00+00:00,2026-01-02 19:00:00+00:00,49
601,2025-12-31 19:00:00+00:00,2026-01-02 19:00:00+00:00,49
602,2025-12-31 19:00:00+00:00,2026-01-02 19:00:00+00:00,49
603,2025-12-31 19:00:00+00:00,2026-01-02 19:00:00+00:00,49
604,2025-12-31 19:00:00+00:00,2026-01-02 19:00:00+00:00,49
605,2025-12-31 19:00:00+00:00,2026-01-02 19:00:00+00:00,49
606,2025-12-31 19:00:00+00:00,2026-01-02 19:00:00+00:00,49
607,2025-12-31 19:00:00+00:00,2026-01-02 19:00:00+00:00,49
608,2025-12-31 19:00:00+00:00,2026-01-02 19:00:00+00:00,49
609,2025-12-31 19:00:00+00:00,2026-01-02 19:00:00+00:00,49
610,2025-12-31 19:00:00+00:00,2026-01-02 19:00:00+00:00,49
611,2025-12-31 19:00:00+00:00,2026-01-02 19:00:00+00:00,49
612,2025-12-31 19:00:00+00:00,2026-01-02 19:00:00+00:00,49
613,2025-12-31 19:00:00+00:00,2026-01-02 19:00:00+00:00,49
614,2025-12-31 19:00:00+00:00,2026-01-02 19:00:00+00:00,49
615,2025-12-31 19:00:00+00:00,2026-01-02 19:00:00+00:00,49
616,2025-12-31 19:00:00+00:00,2026-01-02 19:00:00+00:00,49
617,2025-12-31 19:00:00+00:00,2026-01-02 19:00:00+00:00,49
618,2025-12-31 19:00:00+00:00,2026-01-02 19:00:00+00:00,49
619,2025-12-31 19:00:00+00:00,2026-01-02 19:00:00+00:00,49
620,2025-12-31 19:00:00+00:00,2026-01-02 19:00:00+00:00,49
621,2025-12-31 19:00:00+00:00,2026-01-02 19:00:00+00:00,49
622,2025-12-31 19:00:00+00:00,2026-01-02 19:00:00+00:00,49
623,2025-12-31 19:00:00+00:00,2026-01-02 19:00:00+00:00,49
624,2025-12-31 19:00:00+00:00,2026-01-02 19:00:00+00:00,49
625,2025-12-31 19:00:00+00:00,2026-01-02 19:00:00+00:00,49
626,2025-12-31 19:00:00+00:00,2026-01-02 19:00:00+00:00,49
627,2025-12-31 19:00:00+00:00,2026-01-02 19:00:00+00:00,49
628,2025-12-31 19:00:00+00:00,2026-01-02 19:00:00+00:00,49
629,2025-12-31 19:00:00+00:00,2026-01-02 19:00:00+00:00,49
630,2025-12-31 19:00:00+00:00,2026-01-02 19:00:00+00:00,49
631,2025-12-31 19:00:00+00:00,2026-01-02 19:00:00+00:00,49
632,2025-12-31 19:00:00+00:00,2026-01-02 19:00:00+00:00,49
633,2025-12-31 19:00:00+00:00,2026-01-02 19:00:00+00:00,49
634,2025-12-31 19:00:00+00:00,2026-01-02 19:00:00+00:00,49
635,2025-12-31 19:00:00+00:00,2026-01-02 19:00:00+00:00,49
636,2025-12-31 19:00:00+00:00,2026-01-02 19:00:00+00:00,49
637,2025-12-31 19:00:00+00:00,2026-01-02 19:00:00+00:00,49
638,2025-12-31 19:00:00+00:00,2026-01-02 19:00:00+00:00,49
639,2025-12-31 19:00:00+00:00,2026-01-02 19:00:00+00:00,49
640,2025-12-31 19:00:00+00:00,2026-01-02 19:00:00+00:00,49
641,2025-12-31 19:00:00+00:00,2026-01-02 19:00:00+00:00,49
642,2025-12-31 19:00:00+00:00,2026-01-02 19:00:00+00:00,49
643,2025-12-31 19:00:00+00:00,2026-01-02 19:00:00+00:00,49
644,2025-12-31 19:00:00+00:00,2026-01-02 19:00:00+00:00,49
645,2025-12-31 19:00:00+00:00,2026-01-02 19:00:00+00:00,49
646,2025-12-31 19:00:00+00:00,2026-01-02 19:00:00+00:00,49
647,2025-12-31 19:00:00+00:00,2026-01-02 19:00:00+00:00,49
648,2025-12-31 19:00:00+00:00,2026-01-02 19:00:00+00:00,49
649,2025-12-31 19:00:00+00:00,2026-01-02 19:00:00+00:00,49
650,2025-12-31 19:00:00+00:00,2026-01-02 19:00:00+00:00,49
651,2025-12-31 19:00:00+00:00,2026-01-02 19:00:00+00:00,49
652,2025-12-31 19:00:00+00:00,2026-01-02 19:00:00+00:00,49
653,2025-12-31 19:00:00+00:00,2026-01-02 19:00:00+00:00,49
654,2025-12-31 19:00:00+00:00,2026-01-02 19:00:00+00:00,49
655,2025-12-31 19:00:00+00:00,2026-01-02 19:00:00+00:00,49
656,2025-12-31 19:00:00+00:00,2026-01-02 19:00:00+00:00,49
657,2025-12-31 19:00:00+00:00,2026-01-02 19:00:00+00:00,49
658,2025-12-31 19:00:00+00:00,2026-01-02 19:00:00+00:00,49
659,2025-12-31 19:00:00+00:00,2026-01-02 19:00:00+00:00,49
660,2025-12-31 19:00:00+00:00,2026-01-02 19:00:00+00:00,49
661,2025-12-31 19:00:00+00:00,2026-01-02 19:00:00+00:00,49
662,2025-12-31 19:00:00+00:00,2026-01-02 19:00:00+00:00,49
663,2025-12-31 19:00:00+00:00,2026-01-02 19:00:00+00:00,49
664,2025-12-31 19:00:00+00:00,2026-01-02 19:00:00+00:00,49
665,2025-12-31 19:00:00+00:00,2026-01-02 19:00:00+00:00,49
666,2025-12-31 19:00:00+00:00,2026-01-02 19:00:00+00:00,49
667,2025-12-31 19:00:00+00:00,2026-01-02 19:00:00+00:00,49
668,2025-12-31 19:00:00+00:00,2026-01-02 19:00:00+00:00,49
669,2025-12-31 19:00:00+00:00,2026-01-02 19:00:00+00:00,49
670,2025-12-31 19:00:00+00:00,2026-01-02 19:00:00+00:00,49
671,2025-12-31 19:00:00+00:00,2026-01-02 19:00:00+00:00,49
672,2025-12-31 19:00:00+00:00,2026-01-02 19:00:00+00:00,49
673,2025-12-31 19:00:00+00:00,2026-01-02 19:00:00+00:00,49
674,2025-12-31 19:00:00+00:00,2026-01-02 19:00:00+00:00,49
675,2025-12-31 19:00:00+00:00,2026-01-02 19:00:00+00:00,49
676,2025-12-31 19:00:00+00:00,2026-01-02 19:00:00+00:00,49
677,2025-12-31 19:00:00+00:00,2026-01-02 19:00:00+00:00,49
678,2025-12-31 19:00:00+00:00,2026-01-02 19:00:00+00:00,49
679,2025-12-31 19:00:00+00:00,2026-01-02 19:00:00+00:00,49
680,2025-12-31 19:00:00+00:00,2026-01-02 19:00:00+00:00,49
681,2025-12-31 19:00:00+00:00,2026-01-02 19:00:00+00:00,49
682,2025-12-31 19:00:00+00:00,2026-01-02 19:00:00+00:00,49
683,2025-12-31 19:00:00+00:00,2026-01-02 19:00:00+00:00,49
684,2025-12-31 19:00:00+00:00,2026-01-02 19:00:00+00:00,49
685,2025-12-31 19:00:00+00:00,2026-01-02 19:00:00+00:00,49
686,2025-12-31 19:00:00+00:00,2026-01-02 19:00:00+00:00,49
687,2025-12-31 19:00:00+00:00,2026-01-02 19:00:00+00:00,49
688,2025-12-31 19:00:00+00:00,2026-01-02 19:00:00+00:00,49
689,2025-12-31 19:00:00+00:00,2026-01-02 19:00:00+00:00,49
690,2025-12-31 19:00:00+00:00,2026-01-02 19:00:00+00:00,49
691,2025-12-31 19:00:00+00:00,2026-01-02 19:00:00+00:00,49
692,2025-12-31 19:00:00+00:00,2026-01-02 19:00:00+00:00,49
693,2025-12-31 19:00:00+00:00,2026-01-02 19:00:00+00:00,49
694,2025-12-31 19:00:00+00:00,2026-01-02 19:00:00+00:00,49
695,2025-12-31 19:00:00+00:00,2026-01-02 19:00:00+00:00,49
696,2025-12-31 19:00:00+00:00,2026-01-02 19:00:00+00:00,49
697,2025-12-31 19:00:00+00:00,2026-01-02 19:00:00+00:00,49
698,2025-12-31 19:00:00+00:00,2026-01-02 19:00:00+00:00,49
699,2025-12-31 19:00:00+00:00,2026-01-02 19:00:00+00:00,49
