segment_id,total,observed,missing,missing_pct
41,394,359,35,8.883248730964468
89,394,359,35,8.883248730964468
90,394,359,35,8.883248730964468
91,394,359,35,8.883248730964468
92,394,359,35,8.883248730964468
93,394,359,35,8.883248730964468
94,394,359,35,8.883248730964468
95,394,359,35,8.883248730964468
80,394,359,35,8.883248730964468
81,394,359,35,8.883248730964468
82,394,359,35,8.883248730964468
83,394,359,35,8.883248730964468
84,394,359,35,8.883248730964468
85,394,359,35,8.883248730964468
86,394,359,35,8.883248730964468
87,394,359,35,8.883248730964468
72,394,359,35,8.883248730964468
73,394,359,35,8.883248730964468
74,394,359,35,8.883248730964468
75,394,359,35,8.883248730964468
76,394,359,35,8.883248730964468
77,394,359,35,8.883248730964468
78,394,359,35,8.883248730964468
79,394,359,35,8.883248730964468
44,394,359,35,8.883248730964468
65,394,359,35,8.883248730964468
66,394,359,35,8.883248730964468
67,394,359,35,8.883248730964468
68,394,359,35,8.883248730964468
69,394,359,35,8.883248730964468
70,394,359,35,8.883248730964468
71,394,359,35,8.883248730964468
43,394,359,35,8.883248730964468
345,394,359,35,8.883248730964468
346,394,359,35,8.883248730964468
347,394,359,35,8.883248730964468
348,394,359,35,8.883248730964468
349,394,359,35,8.883248730964468
28,394,359,35,8.883248730964468
29,394,359,35,8.883248730964468
336,394,359,35,8.883248730964468
337,394,359,35,8.883248730964468
338,394,359,35,8.883248730964468
339,394,359,35,8.883248730964468
340,394,359,35,8.883248730964468
341,394,359,35,8.883248730964468
342,394,359,35,8.883248730964468
343,394,359,35,8.883248730964468
328,394,359,35,8.883248730964468
329,394,359,35,8.883248730964468
330,394,359,35,8.883248730964468
331,394,359,35,8.883248730964468
332,394,359,35,8.883248730964468
333,394,359,35,8.883248730964468
334,394,359,35,8.883248730964468
335,394,359,35,8.883248730964468
46,394,359,35,8.883248730964468
321,394,359,35,8.883248730964468
322,394,359,35,8.883248730964468
323,394,359,35,8.883248730964468
324,394,359,35,8.883248730964468
325,394,359,35,8.883248730964468
326,394,359,35,8.883248730964468
327,394,359,35,8.883248730964468
120,394,359,35,8.883248730964468
121,394,359,35,8.883248730964468
122,394,359,35,8.883248730964468
123,394,359,35,8.883248730964468
124,394,359,35,8.883248730964468
125,394,359,35,8.883248730964468
126,394,359,35,8.883248730964468
127,394,359,35,8.883248730964468
112,394,359,35,8.883248730964468
113,394,359,35,8.883248730964468
114,394,359,35,8.883248730964468
115,394,359,35,8.883248730964468
116,394,359,35,8.883248730964468
117,394,359,35,8.883248730964468
118,394,359,35,8.883248730964468
119,394,359,35,8.883248730964468
104,394,359,35,8.883248730964468
105,394,359,35,8.883248730964468
106,394,359,35,8.883248730964468
107,394,359,35,8.883248730964468
108,394,359,35,8.883248730964468
109,394,359,35,8.883248730964468
110,394,359,35,8.883248730964468
111,394,359,35,8.883248730964468
96,394,359,35,8.883248730964468
97,394,359,35,8.883248730964468
98,394,359,35,8.883248730964468
99,394,359,35,8.883248730964468
100,394,359,35,8.883248730964468
101,394,359,35,8.883248730964468
102,394,359,35,8.883248730964468
40,394,359,35,8.883248730964468
152,394,359,35,8.883248730964468
153,394,359,35,8.883248730964468
154,394,359,35,8.883248730964468
155,394,359,35,8.883248730964468
156,394,359,35,8.883248730964468
157,394,359,35,8.883248730964468
158,394,359,35,8.883248730964468
159,394,359,35,8.883248730964468
144,394,359,35,8.883248730964468
145,394,359,35,8.883248730964468
146,394,359,35,8.883248730964468
147,394,359,35,8.883248730964468
148,394,359,35,8.883248730964468
149,394,359,35,8.883248730964468
150,394,359,35,8.883248730964468
151,394,359,35,8.883248730964468
136,394,359,35,8.883248730964468
137,394,359,35,8.883248730964468
138,394,359,35,8.883248730964468
139,394,359,35,8.883248730964468
140,394,359,35,8.883248730964468
141,394,359,35,8.883248730964468
142,394,359,35,8.883248730964468
143,394,359,35,8.883248730964468
128,394,359,35,8.883248730964468
129,394,359,35,8.883248730964468
130,394,359,35,8.883248730964468
131,394,359,35,8.883248730964468
132,394,359,35,8.883248730964468
133,394,359,35,8.883248730964468
134,394,359,35,8.883248730964468
135,394,359,35,8.883248730964468
184,394,359,35,8.883248730964468
185,394,359,35,8.883248730964468
186,394,359,35,8.883248730964468
187,394,359,35,8.883248730964468
188,394,359,35,8.883248730964468
189,394,359,35,8.883248730964468
190,394,359,35,8.883248730964468
191,394,359,35,8.883248730964468
176,394,359,35,8.883248730964468
177,394,359,35,8.883248730964468
178,394,359,35,8.883248730964468
179,394,359,35,8.883248730964468
180,394,359,35,8.883248730964468
181,394,359,35,8.883248730964468
182,394,359,35,8.883248730964468
183,394,359,35,8.883248730964468
168,394,359,35,8.883248730964468
169,394,359,35,8.883248730964468
170,394,359,35,8.883248730964468
171,394,359,35,8.883248730964468
172,394,359,35,8.883248730964468
173,394,359,35,8.883248730964468
174,394,359,35,8.883248730964468
175,394,359,35,8.883248730964468
160,394,359,35,8.883248730964468
161,394,359,35,8.883248730964468
162,394,359,35,8.883248730964468
163,394,359,35,8.883248730964468
164,394,359,35,8.883248730964468
165,394,359,35,8.883248730964468
166,394,359,35,8.883248730964468
167,394,359,35,8.883248730964468
216,394,359,35,8.883248730964468
217,394,359,35,8.883248730964468
218,394,359,35,8.883248730964468
219,394,359,35,8.883248730964468
220,394,359,35,8.883248730964468
221,394,359,35,8.883248730964468
222,394,359,35,8.883248730964468
223,394,359,35,8.883248730964468
208,394,359,35,8.883248730964468
209,394,359,35,8.883248730964468
210,394,359,35,8.883248730964468
211,394,359,35,8.883248730964468
212,394,359,35,8.883248730964468
213,394,359,35,8.883248730964468
214,394,359,35,8.883248730964468
215,394,359,35,8.883248730964468
200,394,359,35,8.883248730964468
201,394,359,35,8.883248730964468
202,394,359,35,8.883248730964468
203,394,359,35,8.883248730964468
204,394,359,35,8.883248730964468
205,394,359,35,8.883248730964468
206,394,359,35,8.883248730964468
207,394,359,35,8.883248730964468
192,394,359,35,8.883248730964468
193,394,359,35,8.883248730964468
194,394,359,35,8.883248730964468
195,394,359,35,8.883248730964468
196,394,359,35,8.883248730964468
197,394,359,35,8.883248730964468
198,394,359,35,8.883248730964468
199,394,359,35,8.883248730964468
248,394,359,35,8.883248730964468
249,394,359,35,8.883248730964468
250,394,359,35,8.883248730964468
251,394,359,35,8.883248730964468
252,394,359,35,8.883248730964468
253,394,359,35,8.883248730964468
254,394,359,35,8.883248730964468
255,394,359,35,8.883248730964468
240,394,359,35,8.883248730964468
241,394,359,35,8.883248730964468
242,394,359,35,8.883248730964468
243,394,359,35,8.883248730964468
244,394,359,35,8.883248730964468
245,394,359,35,8.883248730964468
246,394,359,35,8.883248730964468
247,394,359,35,8.883248730964468
232,394,359,35,8.883248730964468
233,394,359,35,8.883248730964468
234,394,359,35,8.883248730964468
235,394,359,35,8.883248730964468
236,394,359,35,8.883248730964468
237,394,359,35,8.883248730964468
238,394,359,35,8.883248730964468
239,394,359,35,8.883248730964468
224,394,359,35,8.883248730964468
225,394,359,35,8.883248730964468
226,394,359,35,8.883248730964468
227,394,359,35,8.883248730964468
228,394,359,35,8.883248730964468
229,394,359,35,8.883248730964468
230,394,359,35,8.883248730964468
231,394,359,35,8.883248730964468
280,394,359,35,8.883248730964468
281,394,359,35,8.883248730964468
282,394,359,35,8.883248730964468
283,394,359,35,8.883248730964468
284,394,359,35,8.883248730964468
285,394,359,35,8.883248730964468
286,394,359,35,8.883248730964468
287,394,359,35,8.883248730964468
272,394,359,35,8.883248730964468
273,394,359,35,8.883248730964468
274,394,359,35,8.883248730964468
275,394,359,35,8.883248730964468
276,394,359,35,8.883248730964468
277,394,359,35,8.883248730964468
278,394,359,35,8.883248730964468
279,394,359,35,8.883248730964468
264,394,359,35,8.883248730964468
265,394,359,35,8.883248730964468
266,394,359,35,8.883248730964468
267,394,359,35,8.883248730964468
268,394,359,35,8.883248730964468
269,394,359,35,8.883248730964468
270,394,359,35,8.883248730964468
271,394,359,35,8.883248730964468
256,394,359,35,8.883248730964468
257,394,359,35,8.883248730964468
258,394,359,35,8.883248730964468
259,394,359,35,8.883248730964468
260,394,359,35,8.883248730964468
261,394,359,35,8.883248730964468
262,394,359,35,8.883248730964468
263,394,359,35,8.883248730964468
312,394,359,35,8.883248730964468
313,394,359,35,8.883248730964468
314,394,359,35,8.883248730964468
315,394,359,35,8.883248730964468
316,394,359,35,8.883248730964468
317,394,359,35,8.883248730964468
318,394,359,35,8.883248730964468
319,394,359,35,8.883248730964468
304,394,359,35,8.883248730964468
305,394,359,35,8.883248730964468
306,394,359,35,8.883248730964468
307,394,359,35,8.883248730964468
308,394,359,35,8.883248730964468
309,394,359,35,8.883248730964468
310,394,359,35,8.883248730964468
311,394,359,35,8.883248730964468
296,394,359,35,8.883248730964468
297,394,359,35,8.883248730964468
298,394,359,35,8.883248730964468
299,394,359,35,8.883248730964468
300,394,359,35,8.883248730964468
301,394,359,35,8.883248730964468
302,394,359,35,8.883248730964468
303,394,359,35,8.883248730964468
288,394,359,35,8.883248730964468
289,394,359,35,8.883248730964468
290,394,359,35,8.883248730964468
291,394,359,35,8.883248730964468
292,394,359,35,8.883248730964468
293,394,359,35,8.883248730964468
294,394,359,35,8.883248730964468
295,394,359,35,8.883248730964468
45,394,359,35,8.883248730964468
25,394,359,35,8.883248730964468
26,394,359,35,8.883248730964468
27,394,359,35,8.883248730964468
60,394,359,35,8.883248730964468
61,394,359,35,8.883248730964468
62,394,359,35,8.883248730964468
63,394,359,35,8.883248730964468
16,394,359,35,8.883248730964468
17,394,359,35,8.883248730964468
18,394,359,35,8.883248730964468
19,394,359,35,8.883248730964468
20,394,359,35,8.883248730964468
21,394,359,35,8.883248730964468
22,394,359,35,8.883248730964468
23,394,359,35,8.883248730964468
8,394,359,35,8.883248730964468
9,394,359,35,8.883248730964468
10,394,359,35,8.883248730964468
11,394,359,35,8.883248730964468
12,394,359,35,8.883248730964468
13,394,359,35,8.883248730964468
14,394,359,35,8.883248730964468
15,394,359,35,8.883248730964468
42,394,359,35,8.883248730964468
1,394,359,35,8.883248730964468
2,394,359,35,8.883248730964468
3,394,359,35,8.883248730964468
4,394,359,35,8.883248730964468
5,394,359,35,8.883248730964468
6,394,359,35,8.883248730964468
7,394,359,35,8.883248730964468
47,394,359,35,8.883248730964468
48,394,359,35,8.883248730964468
49,394,359,35,8.883248730964468
50,394,359,35,8.883248730964468
51,394,359,35,8.883248730964468
52,394,359,35,8.883248730964468
53,394,359,35,8.883248730964468
54,394,359,35,8.883248730964468
55,394,359,35,8.883248730964468
56,394,359,35,8.883248730964468
57,394,359,35,8.883248730964468
58,394,359,35,8.883248730964468
59,394,359,35,8.883248730964468
0,394,359,35,8.883248730964468
344,394,359,35,8.883248730964468
64,394,359,35,8.883248730964468
24,394,359,35,8.883248730964468
320,394,359,35,8.883248730964468
88,394,359,35,8.883248730964468
30,394,359,35,8.883248730964468
31,394,359,35,8.883248730964468
32,394,359,35,8.883248730964468
33,394,359,35,8.883248730964468
34,394,359,35,8.883248730964468
35,394,359,35,8.883248730964468
36,394,359,35,8.883248730964468
37,394,359,35,8.883248730964468
38,394,359,35,8.883248730964468
39,394,359,35,8.883248730964468
103,394,358,36,9.137055837563452
692,394,345,49,12.436548223350254
693,394,345,49,12.436548223350254
694,394,345,49,12.436548223350254
695,394,345,49,12.436548223350254
696,394,345,49,12.436548223350254
697,394,345,49,12.436548223350254
698,394,345,49,12.436548223350254
699,394,345,49,12.436548223350254
684,394,345,49,12.436548223350254
685,394,345,49,12.436548223350254
686,394,345,49,12.436548223350254
687,394,345,49,12.436548223350254
688,394,345,49,12.436548223350254
689,394,345,49,12.436548223350254
690,394,345,49,12.436548223350254
691,394,345,49,12.436548223350254
676,394,345,49,12.436548223350254
677,394,345,49,12.436548223350254
678,394,345,49,12.436548223350254
679,394,345,49,12.436548223350254
680,394,345,49,12.436548223350254
681,394,345,49,12.436548223350254
682,394,345,49,12.436548223350254
683,394,345,49,12.436548223350254
668,394,345,49,12.436548223350254
669,394,345,49,12.436548223350254
670,394,345,49,12.436548223350254
671,394,345,49,12.436548223350254
672,394,345,49,12.436548223350254
673,394,345,49,12.436548223350254
674,394,345,49,12.436548223350254
675,394,345,49,12.436548223350254
404,394,345,49,12.436548223350254
405,394,345,49,12.436548223350254
406,394,345,49,12.436548223350254
407,394,345,49,12.436548223350254
408,394,345,49,12.436548223350254
409,394,345,49,12.436548223350254
410,394,345,49,12.436548223350254
411,394,345,49,12.436548223350254
396,394,345,49,12.436548223350254
397,394,345,49,12.436548223350254
398,394,345,49,12.436548223350254
399,394,345,49,12.436548223350254
400,394,345,49,12.436548223350254
401,394,345,49,12.436548223350254
402,394,345,49,12.436548223350254
403,394,345,49,12.436548223350254
388,394,345,49,12.436548223350254
389,394,345,49,12.436548223350254
390,394,345,49,12.436548223350254
391,394,345,49,12.436548223350254
392,394,345,49,12.436548223350254
393,394,345,49,12.436548223350254
394,394,345,49,12.436548223350254
395,394,345,49,12.436548223350254
380,394,345,49,12.436548223350254
381,394,345,49,12.436548223350254
382,394,345,49,12.436548223350254
383,394,345,49,12.436548223350254
384,394,345,49,12.436548223350254
385,394,345,49,12.436548223350254
386,394,345,49,12.436548223350254
387,394,345,49,12.436548223350254
436,394,345,49,12.436548223350254
437,394,345,49,12.436548223350254
438,394,345,49,12.436548223350254
439,394,345,49,12.436548223350254
440,394,345,49,12.436548223350254
441,394,345,49,12.436548223350254
442,394,345,49,12.436548223350254
443,394,345,49,12.436548223350254
428,394,345,49,12.436548223350254
429,394,345,49,12.436548223350254
430,394,345,49,12.436548223350254
431,394,345,49,12.436548223350254
432,394,345,49,12.436548223350254
433,394,345,49,12.436548223350254
434,394,345,49,12.436548223350254
435,394,345,49,12.436548223350254
420,394,345,49,12.436548223350254
421,394,345,49,12.436548223350254
422,394,345,49,12.436548223350254
423,394,345,49,12.436548223350254
424,394,345,49,12.436548223350254
425,394,345,49,12.436548223350254
426,394,345,49,12.436548223350254
427,394,345,49,12.436548223350254
412,394,345,49,12.436548223350254
413,394,345,49,12.436548223350254
414,394,345,49,12.436548223350254
415,394,345,49,12.436548223350254
416,394,345,49,12.436548223350254
417,394,345,49,12.436548223350254
418,394,345,49,12.436548223350254
419,394,345,49,12.436548223350254
468,394,345,49,12.436548223350254
469,394,345,49,12.436548223350254
470,394,345,49,12.436548223350254
471,394,345,49,12.436548223350254
472,394,345,49,12.436548223350254
473,394,345,49,12.436548223350254
474,394,345,49,12.436548223350254
475,394,345,49,12.436548223350254
460,394,345,49,12.436548223350254
461,394,345,49,12.436548223350254
462,394,345,49,12.436548223350254
463,394,345,49,12.436548223350254
464,394,345,49,12.436548223350254
465,394,345,49,12.436548223350254
466,394,345,49,12.436548223350254
467,394,345,49,12.436548223350254
452,394,345,49,12.436548223350254
453,394,345,49,12.436548223350254
454,394,345,49,12.436548223350254
455,394,345,49,12.436548223350254
456,394,345,49,12.436548223350254
457,394,345,49,12.436548223350254
458,394,345,49,12.436548223350254
459,394,345,49,12.436548223350254
444,394,345,49,12.436548223350254
445,394,345,49,12.436548223350254
446,394,345,49,12.436548223350254
447,394,345,49,12.436548223350254
448,394,345,49,12.436548223350254
449,394,345,49,12.436548223350254
450,394,345,49,12.436548223350254
451,394,345,49,12.436548223350254
500,394,345,49,12.436548223350254
501,394,345,49,12.436548223350254
502,394,345,49,12.436548223350254
503,394,345,49,12.436548223350254
504,394,345,49,12.436548223350254
505,394,345,49,12.436548223350254
506,394,345,49,12.436548223350254
507,394,345,49,12.436548223350254
492,394,345,49,12.436548223350254
493,394,345,49,12.436548223350254
494,394,345,49,12.436548223350254
495,394,345,49,12.436548223350254
496,394,345,49,12.436548223350254
497,394,345,49,12.436548223350254
498,394,345,49,12.436548223350254
499,394,345,49,12.436548223350254
484,394,345,49,12.436548223350254
485,394,345,49,12.436548223350254
486,394,345,49,12.436548223350254
487,394,345,49,12.436548223350254
488,394,345,49,12.436548223350254
489,394,345,49,12.436548223350254
490,394,345,49,12.436548223350254
491,394,345,49,12.436548223350254
476,394,345,49,12.436548223350254
477,394,345,49,12.436548223350254
478,394,345,49,12.436548223350254
479,394,345,49,12.436548223350254
480,394,345,49,12.436548223350254
481,394,345,49,12.436548223350254
482,394,345,49,12.436548223350254
483,394,345,49,12.436548223350254
532,394,345,49,12.436548223350254
533,394,345,49,12.436548223350254
534,394,345,49,12.436548223350254
535,394,345,49,12.436548223350254
536,394,345,49,12.436548223350254
537,394,345,49,12.436548223350254
538,394,345,49,12.436548223350254
539,394,345,49,12.436548223350254
524,394,345,49,12.436548223350254
525,394,345,49,12.436548223350254
526,394,345,49,12.436548223350254
527,394,345,49,12.436548223350254
528,394,345,49,12.436548223350254
529,394,345,49,12.436548223350254
530,394,345,49,12.436548223350254
531,394,345,49,12.436548223350254
516,394,345,49,12.436548223350254
517,394,345,49,12.436548223350254
518,394,345,49,12.436548223350254
519,394,345,49,12.436548223350254
520,394,345,49,12.436548223350254
521,394,345,49,12.436548223350254
522,394,345,49,12.436548223350254
523,394,345,49,12.436548223350254
508,394,345,49,12.436548223350254
509,394,345,49,12.436548223350254
510,394,345,49,12.436548223350254
511,394,345,49,12.436548223350254
512,394,345,49,12.436548223350254
513,394,345,49,12.436548223350254
514,394,345,49,12.436548223350254
515,394,345,49,12.436548223350254
564,394,345,49,12.436548223350254
565,394,345,49,12.436548223350254
566,394,345,49,12.436548223350254
567,394,345,49,12.436548223350254
568,394,345,49,12.436548223350254
569,394,345,49,12.436548223350254
570,394,345,49,12.436548223350254
571,394,345,49,12.436548223350254
556,394,345,49,12.436548223350254
557,394,345,49,12.436548223350254
558,394,345,49,12.436548223350254
559,394,345,49,12.436548223350254
560,394,345,49,12.436548223350254
561,394,345,49,12.436548223350254
562,394,345,49,12.436548223350254
563,394,345,49,12.436548223350254
548,394,345,49,12.436548223350254
549,394,345,49,12.436548223350254
550,394,345,49,12.436548223350254
551,394,345,49,12.436548223350254
552,394,345,49,12.436548223350254
553,394,345,49,12.436548223350254
554,394,345,49,12.436548223350254
555,394,345,49,12.436548223350254
540,394,345,49,12.436548223350254
541,394,345,49,12.436548223350254
542,394,345,49,12.436548223350254
543,394,345,49,12.436548223350254
544,394,345,49,12.436548223350254
545,394,345,49,12.436548223350254
546,394,345,49,12.436548223350254
547,394,345,49,12.436548223350254
596,394,345,49,12.436548223350254
597,394,345,49,12.436548223350254
598,394,345,49,12.436548223350254
599,394,345,49,12.436548223350254
600,394,345,49,12.436548223350254
601,394,345,49,12.436548223350254
602,394,345,49,12.436548223350254
603,394,345,49,12.436548223350254
588,394,345,49,12.436548223350254
589,394,345,49,12.436548223350254
590,394,345,49,12.436548223350254
591,394,345,49,12.436548223350254
592,394,345,49,12.436548223350254
593,394,345,49,12.436548223350254
594,394,345,49,12.436548223350254
595,394,345,49,12.436548223350254
580,394,345,49,12.436548223350254
581,394,345,49,12.436548223350254
582,394,345,49,12.436548223350254
583,394,345,49,12.436548223350254
584,394,345,49,12.436548223350254
585,394,345,49,12.436548223350254
586,394,345,49,12.436548223350254
587,394,345,49,12.436548223350254
572,394,345,49,12.436548223350254
573,394,345,49,12.436548223350254
574,394,345,49,12.436548223350254
575,394,345,49,12.436548223350254
576,394,345,49,12.436548223350254
577,394,345,49,12.436548223350254
578,394,345,49,12.436548223350254
579,394,345,49,12.436548223350254
628,394,345,49,12.436548223350254
629,394,345,49,12.436548223350254
630,394,345,49,12.436548223350254
631,394,345,49,12.436548223350254
632,394,345,49,12.436548223350254
633,394,345,49,12.436548223350254
634,394,345,49,12.436548223350254
635,394,345,49,12.436548223350254
620,394,345,49,12.436548223350254
621,394,345,49,12.436548223350254
622,394,345,49,12.436548223350254
623,394,345,49,12.436548223350254
624,394,345,49,12.436548223350254
625,394,345,49,12.436548223350254
626,394,345,49,12.436548223350254
627,394,345,49,12.436548223350254
612,394,345,49,12.436548223350254
613,394,345,49,12.436548223350254
614,394,345,49,12.436548223350254
615,394,345,49,12.436548223350254
616,394,345,49,12.436548223350254
617,394,345,49,12.436548223350254
618,394,345,49,12.436548223350254
619,394,345,49,12.436548223350254
604,394,345,49,12.436548223350254
605,394,345,49,12.436548223350254
606,394,345,49,12.436548223350254
607,394,345,49,12.436548223350254
608,394,345,49,12.436548223350254
609,394,345,49,12.436548223350254
610,394,345,49,12.436548223350254
611,394,345,49,12.436548223350254
660,394,345,49,12.436548223350254
661,394,345,49,12.436548223350254
662,394,345,49,12.436548223350254
663,394,345,49,12.436548223350254
664,394,345,49,12.436548223350254
665,394,345,49,12.436548223350254
666,394,345,49,12.436548223350254
667,394,345,49,12.436548223350254
652,394,345,49,12.436548223350254
653,394,345,49,12.436548223350254
654,394,345,49,12.436548223350254
655,394,345,49,12.436548223350254
656,394,345,49,12.436548223350254
657,394,345,49,12.436548223350254
658,394,345,49,12.436548223350254
659,394,345,49,12.436548223350254
644,394,345,49,12.436548223350254
645,394,345,49,12.436548223350254
646,394,345,49,12.436548223350254
647,394,345,49,12.436548223350254
648,394,345,49,12.436548223350254
649,394,345,49,12.436548223350254
650,394,345,49,12.436548223350254
651,394,345,49,12.436548223350254
636,394,345,49,12.436548223350254
637,394,345,49,12.436548223350254
638,394,345,49,12.436548223350254
639,394,345,49,12.436548223350254
640,394,345,49,12.436548223350254
641,394,345,49,12.436548223350254
642,394,345,49,12.436548223350254
643,394,345,49,12.436548223350254
372,394,345,49,12.436548223350254
373,394,345,49,12.436548223350254
374,394,345,49,12.436548223350254
375,394,345,49,12.436548223350254
376,394,345,49,12.436548223350254
377,394,345,49,12.436548223350254
378,394,345,49,12.436548223350254
379,394,345,49,12.436548223350254
364,394,345,49,12.436548223350254
365,394,345,49,12.436548223350254
366,394,345,49,12.436548223350254
367,394,345,49,12.436548223350254
368,394,345,49,12.436548223350254
369,394,345,49,12.436548223350254
370,394,345,49,12.436548223350254
371,394,345,49,12.436548223350254
356,394,345,49,12.436548223350254
357,394,345,49,12.436548223350254
358,394,345,49,12.436548223350254
359,394,345,49,12.436548223350254
360,394,345,49,12.436548223350254
361,394,345,49,12.436548223350254
362,394,345,49,12.436548223350254
363,394,345,49,12.436548223350254
350,394,345,49,12.436548223350254
351,394,345,49,12.436548223350254
352,394,345,49,12.436548223350254
353,394,345,49,12.436548223350254
354,394,345,49,12.436548223350254
355,394,345,49,12.436548223350254
