tomtom_signature,n_segments,road_types,fftt,ffs,tomtom_len_m
38,5,primary,1736.0,41.0,19771.11111111111
161,5,primary,1665.0,42.0,19425.0
48,5,primary,1665.0,42.0,19425.0
463,5,primary,1665.0,42.0,19425.0
0,4,trunk,1376.0,54.0,20640.0
44,4,primary,1665.0,42.0,19425.0
17,3,trunk,2181.0,34.0,20598.333333333332
77,3,primary,1736.0,41.0,19771.11111111111
249,3,trunk,998.0,21.0,5821.666666666667
377,3,primary,1665.0,42.0,19425.0
395,3,secondary,1344.0,28.0,10453.333333333334
287,2,primary,1565.0,46.0,19997.222222222223
181,2,secondary,444.0,27.0,3330.0
78,2,secondary,2618.0,27.0,19635.0
288,2,secondary,444.0,27.0,3330.0
219,2,secondary,1295.0,29.0,10431.944444444443
36,2,trunk,1428.0,54.0,21420.0
172,2,primary,1860.0,37.0,19116.666666666668
33,2,trunk,1428.0,54.0,21420.0
39,2,secondary,442.0,21.0,2578.3333333333335
40,2,secondary,97.0,33.0,889.1666666666666
41,2,primary,1295.0,29.0,10431.944444444443
298,2,"primary,secondary",1565.0,46.0,19997.222222222223
45,2,trunk,1358.0,53.0,19992.777777777777
243,2,secondary,2489.0,28.0,19358.888888888887
309,2,primary,1723.0,43.0,20580.277777777777
67,2,secondary,2489.0,28.0,19358.888888888887
313,2,secondary,2618.0,27.0,19635.0
322,2,primary,1665.0,42.0,19425.0
324,2,secondary,1299.0,29.0,10464.166666666666
350,2,secondary,461.0,26.0,3329.4444444444443
353,2,primary,2489.0,28.0,19358.888888888887
126,2,secondary,2181.0,34.0,20598.333333333332
208,2,primary,1565.0,46.0,19997.222222222223
408,2,secondary,1344.0,28.0,10453.333333333334
432,2,secondary,1565.0,46.0,19997.222222222223
433,2,secondary,97.0,33.0,889.1666666666666
434,2,secondary,1344.0,28.0,10453.333333333334
450,2,secondary,2489.0,28.0,19358.888888888887
190,2,primary,1723.0,43.0,20580.277777777777
472,2,"primary,secondary",1565.0,46.0,19997.222222222223
483,2,primary,1723.0,43.0,20580.277777777777
485,2,secondary,2489.0,28.0,19358.888888888887
542,2,secondary,400.0,23.0,2555.5555555555557
553,2,secondary,1344.0,28.0,10453.333333333334
563,2,secondary,1015.0,32.0,9022.222222222223
578,2,secondary,1299.0,29.0,10464.166666666666
601,2,secondary,2181.0,34.0,20598.333333333332
5,2,trunk,1309.0,54.0,19635.0
607,2,primary,1565.0,46.0,19997.222222222223
25,1,trunk,1428.0,54.0,21420.0
26,1,trunk,1376.0,54.0,20640.0
27,1,trunk,76.0,45.0,950.0
7,1,trunk,998.0,21.0,5821.666666666667
29,1,secondary,2489.0,28.0,19358.888888888887
30,1,secondary,2489.0,28.0,19358.888888888887
31,1,primary,570.0,29.0,4591.666666666667
32,1,secondary,2618.0,27.0,19635.0
34,1,primary,254.0,34.0,2398.8888888888887
35,1,secondary,2618.0,27.0,19635.0
37,1,primary,1723.0,43.0,20580.277777777777
42,1,primary,461.0,26.0,3329.4444444444443
43,1,trunk,1428.0,54.0,21420.0
46,1,secondary,1295.0,29.0,10431.944444444443
47,1,primary,2489.0,28.0,19358.888888888887
49,1,primary,1860.0,37.0,19116.666666666668
50,1,primary,598.0,35.0,5813.888888888889
51,1,trunk,1428.0,54.0,21420.0
4,1,trunk,500.0,29.0,4027.777777777778
53,1,trunk,998.0,21.0,5821.666666666667
54,1,primary,444.0,27.0,3330.0
55,1,primary,1860.0,37.0,19116.666666666668
56,1,secondary,1295.0,29.0,10431.944444444443
57,1,trunk,1376.0,54.0,20640.0
58,1,secondary,898.0,34.0,8481.111111111111
59,1,secondary,2489.0,28.0,19358.888888888887
60,1,secondary,2489.0,28.0,19358.888888888887
61,1,secondary,1015.0,32.0,9022.222222222223
62,1,primary,1860.0,37.0,19116.666666666668
63,1,primary,461.0,26.0,3329.4444444444443
64,1,trunk,998.0,21.0,5821.666666666667
65,1,primary,1860.0,37.0,19116.666666666668
66,1,secondary,898.0,34.0,8481.111111111111
68,1,trunk,1344.0,28.0,10453.333333333334
69,1,primary,1723.0,43.0,20580.277777777777
70,1,trunk,320.0,22.0,1955.5555555555554
71,1,secondary,2618.0,27.0,19635.0
72,1,primary,1565.0,46.0,19997.222222222223
73,1,secondary,1341.0,28.0,10430.0
74,1,trunk,1309.0,54.0,19635.0
75,1,secondary,1295.0,29.0,10431.944444444443
76,1,trunk,1428.0,54.0,21420.0
9,1,trunk,649.0,36.0,6490.0
79,1,trunk,1565.0,46.0,19997.222222222223
80,1,secondary,1295.0,29.0,10431.944444444443
81,1,secondary,1295.0,29.0,10431.944444444443
82,1,primary,271.0,32.0,2408.8888888888887
83,1,primary,299.0,27.0,2242.5
84,1,secondary,1295.0,29.0,10431.944444444443
85,1,primary,2051.0,36.0,20510.0
86,1,primary,1860.0,37.0,19116.666666666668
87,1,primary,1565.0,46.0,19997.222222222223
88,1,secondary,1015.0,32.0,9022.222222222223
89,1,trunk,998.0,21.0,5821.666666666667
90,1,primary,271.0,32.0,2408.8888888888887
91,1,primary,461.0,26.0,3329.4444444444443
92,1,primary,444.0,27.0,3330.0
93,1,trunk,1428.0,54.0,21420.0
94,1,primary,1565.0,46.0,19997.222222222223
95,1,primary,598.0,35.0,5813.888888888889
96,1,primary,1723.0,43.0,20580.277777777777
97,1,primary,1723.0,43.0,20580.277777777777
98,1,primary,1565.0,46.0,19997.222222222223
99,1,secondary,898.0,34.0,8481.111111111111
100,1,secondary,1015.0,32.0,9022.222222222223
101,1,primary,1565.0,46.0,19997.222222222223
102,1,primary,598.0,35.0,5813.888888888889
103,1,primary,2051.0,36.0,20510.0
104,1,trunk,622.0,29.0,5010.555555555556
105,1,primary,258.0,31.0,2221.6666666666665
106,1,primary,62.0,27.0,465.0
107,1,secondary,898.0,34.0,8481.111111111111
108,1,secondary,400.0,23.0,2555.5555555555557
109,1,primary,570.0,29.0,4591.666666666667
110,1,primary,2051.0,36.0,20510.0
111,1,primary,2051.0,36.0,20510.0
112,1,primary,1723.0,43.0,20580.277777777777
113,1,primary,598.0,35.0,5813.888888888889
114,1,primary,1565.0,46.0,19997.222222222223
115,1,secondary,898.0,34.0,8481.111111111111
116,1,secondary,444.0,27.0,3330.0
117,1,secondary,444.0,27.0,3330.0
118,1,primary,272.0,26.0,1964.4444444444443
119,1,trunk,998.0,21.0,5821.666666666667
120,1,primary,1723.0,43.0,20580.277777777777
121,1,primary,2051.0,36.0,20510.0
122,1,secondary,444.0,27.0,3330.0
123,1,secondary,444.0,27.0,3330.0
124,1,primary,1565.0,46.0,19997.222222222223
125,1,primary,271.0,32.0,2408.8888888888887
127,1,secondary,400.0,23.0,2555.5555555555557
128,1,primary,1565.0,46.0,19997.222222222223
129,1,trunk,1723.0,43.0,20580.277777777777
130,1,primary,2489.0,28.0,19358.888888888887
131,1,secondary,2618.0,27.0,19635.0
132,1,primary,271.0,32.0,2408.8888888888887
133,1,secondary,1295.0,29.0,10431.944444444443
134,1,primary,1723.0,43.0,20580.277777777777
135,1,trunk,1376.0,54.0,20640.0
136,1,secondary,1341.0,28.0,10430.0
137,1,secondary,2618.0,27.0,19635.0
138,1,secondary,400.0,23.0,2555.5555555555557
139,1,primary,461.0,26.0,3329.4444444444443
140,1,primary,2051.0,36.0,20510.0
141,1,primary,1723.0,43.0,20580.277777777777
142,1,primary,2051.0,36.0,20510.0
143,1,primary,1723.0,43.0,20580.277777777777
144,1,secondary,1295.0,29.0,10431.944444444443
145,1,primary,258.0,31.0,2221.6666666666665
146,1,primary,1860.0,37.0,19116.666666666668
147,1,primary,1565.0,46.0,19997.222222222223
148,1,trunk,1428.0,54.0,21420.0
149,1,primary,1723.0,43.0,20580.277777777777
150,1,secondary,1341.0,28.0,10430.0
151,1,secondary,1295.0,29.0,10431.944444444443
152,1,secondary,1341.0,28.0,10430.0
153,1,primary,1860.0,37.0,19116.666666666668
154,1,secondary,898.0,34.0,8481.111111111111
155,1,secondary,1295.0,29.0,10431.944444444443
156,1,primary,1860.0,37.0,19116.666666666668
157,1,secondary,1295.0,29.0,10431.944444444443
158,1,primary,598.0,35.0,5813.888888888889
159,1,secondary,2618.0,27.0,19635.0
160,1,primary,2051.0,36.0,20510.0
162,1,primary,1736.0,41.0,19771.11111111111
163,1,primary,254.0,34.0,2398.8888888888887
164,1,secondary,1015.0,32.0,9022.222222222223
165,1,secondary,1015.0,32.0,9022.222222222223
166,1,primary,1723.0,43.0,20580.277777777777
167,1,secondary,1295.0,29.0,10431.944444444443
168,1,secondary,1344.0,28.0,10453.333333333334
169,1,primary,1860.0,37.0,19116.666666666668
170,1,trunk,1428.0,54.0,21420.0
171,1,primary,1723.0,43.0,20580.277777777777
173,1,trunk,998.0,21.0,5821.666666666667
174,1,primary,2051.0,36.0,20510.0
175,1,secondary,2618.0,27.0,19635.0
176,1,primary,598.0,35.0,5813.888888888889
177,1,primary,1723.0,43.0,20580.277777777777
178,1,secondary,2489.0,28.0,19358.888888888887
179,1,primary,1565.0,46.0,19997.222222222223
180,1,primary,2051.0,36.0,20510.0
182,1,primary,1565.0,46.0,19997.222222222223
183,1,trunk,1358.0,53.0,19992.777777777777
184,1,secondary,1015.0,32.0,9022.222222222223
185,1,secondary,898.0,34.0,8481.111111111111
186,1,trunk,1376.0,54.0,20640.0
187,1,trunk,1428.0,54.0,21420.0
188,1,secondary,461.0,26.0,3329.4444444444443
189,1,secondary,461.0,26.0,3329.4444444444443
191,1,primary,598.0,35.0,5813.888888888889
192,1,secondary,1341.0,28.0,10430.0
193,1,primary,1565.0,46.0,19997.222222222223
194,1,secondary,2489.0,28.0,19358.888888888887
195,1,secondary,2618.0,27.0,19635.0
196,1,primary,258.0,31.0,2221.6666666666665
197,1,secondary,898.0,34.0,8481.111111111111
198,1,primary,1565.0,46.0,19997.222222222223
199,1,secondary,1341.0,28.0,10430.0
200,1,primary,2051.0,36.0,20510.0
201,1,primary,1565.0,46.0,19997.222222222223
202,1,primary,1860.0,37.0,19116.666666666668
203,1,primary,2051.0,36.0,20510.0
204,1,primary,1723.0,43.0,20580.277777777777
205,1,secondary,1299.0,29.0,10464.166666666666
206,1,primary,1723.0,43.0,20580.277777777777
207,1,trunk,998.0,21.0,5821.666666666667
209,1,primary,2051.0,36.0,20510.0
210,1,primary,598.0,35.0,5813.888888888889
211,1,primary,299.0,27.0,2242.5
212,1,primary,299.0,27.0,2242.5
213,1,primary,1565.0,46.0,19997.222222222223
214,1,primary,598.0,35.0,5813.888888888889
215,1,primary,1860.0,37.0,19116.666666666668
216,1,trunk,1309.0,54.0,19635.0
217,1,trunk,1565.0,46.0,19997.222222222223
218,1,trunk,1428.0,54.0,21420.0
220,1,primary,1723.0,43.0,20580.277777777777
221,1,primary,299.0,27.0,2242.5
222,1,secondary,400.0,23.0,2555.5555555555557
223,1,trunk,1428.0,54.0,21420.0
224,1,primary,1860.0,37.0,19116.666666666668
225,1,primary,71.0,27.0,532.5
226,1,secondary,1295.0,29.0,10431.944444444443
227,1,primary,1723.0,43.0,20580.277777777777
228,1,primary,2051.0,36.0,20510.0
229,1,secondary,1295.0,29.0,10431.944444444443
230,1,primary,1860.0,37.0,19116.666666666668
231,1,secondary,898.0,34.0,8481.111111111111
232,1,primary,62.0,27.0,465.0
233,1,primary,1565.0,46.0,19997.222222222223
234,1,primary,271.0,32.0,2408.8888888888887
235,1,primary,1723.0,43.0,20580.277777777777
236,1,secondary,2618.0,27.0,19635.0
237,1,primary,1723.0,43.0,20580.277777777777
238,1,primary,1565.0,46.0,19997.222222222223
239,1,primary,2051.0,36.0,20510.0
240,1,secondary,1295.0,29.0,10431.944444444443
241,1,primary,271.0,32.0,2408.8888888888887
242,1,secondary,2618.0,27.0,19635.0
244,1,primary,1565.0,46.0,19997.222222222223
245,1,secondary,1295.0,29.0,10431.944444444443
246,1,secondary,898.0,34.0,8481.111111111111
247,1,primary,1723.0,43.0,20580.277777777777
248,1,primary,254.0,34.0,2398.8888888888887
250,1,primary,1723.0,43.0,20580.277777777777
251,1,secondary,1341.0,28.0,10430.0
252,1,secondary,2618.0,27.0,19635.0
253,1,secondary,2618.0,27.0,19635.0
254,1,primary,272.0,26.0,1964.4444444444443
255,1,primary,1860.0,37.0,19116.666666666668
256,1,trunk,76.0,45.0,950.0
257,1,trunk,904.0,23.0,5775.555555555556
258,1,primary,1565.0,46.0,19997.222222222223
259,1,secondary,1344.0,28.0,10453.333333333334
260,1,primary,598.0,35.0,5813.888888888889
261,1,secondary,1341.0,28.0,10430.0
262,1,primary,2051.0,36.0,20510.0
263,1,secondary,1344.0,28.0,10453.333333333334
264,1,primary,1565.0,46.0,19997.222222222223
265,1,primary,2051.0,36.0,20510.0
266,1,primary,1565.0,46.0,19997.222222222223
267,1,secondary,2618.0,27.0,19635.0
268,1,secondary,2489.0,28.0,19358.888888888887
269,1,secondary,1344.0,28.0,10453.333333333334
270,1,primary,2051.0,36.0,20510.0
271,1,secondary,898.0,34.0,8481.111111111111
272,1,trunk,181.0,51.0,2564.1666666666665
273,1,secondary,898.0,34.0,8481.111111111111
274,1,primary,1565.0,46.0,19997.222222222223
275,1,secondary,1295.0,29.0,10431.944444444443
276,1,trunk,998.0,21.0,5821.666666666667
277,1,primary,2051.0,36.0,20510.0
278,1,primary,461.0,26.0,3329.4444444444443
279,1,primary,1565.0,46.0,19997.222222222223
280,1,secondary,1295.0,29.0,10431.944444444443
281,1,primary,258.0,31.0,2221.6666666666665
282,1,primary,1565.0,46.0,19997.222222222223
283,1,primary,2051.0,36.0,20510.0
284,1,primary,69.0,28.0,536.6666666666666
285,1,trunk,1723.0,43.0,20580.277777777777
286,1,primary,258.0,31.0,2221.6666666666665
289,1,primary,2051.0,36.0,20510.0
290,1,trunk,1723.0,43.0,20580.277777777777
291,1,secondary,2489.0,28.0,19358.888888888887
292,1,primary,1565.0,46.0,19997.222222222223
293,1,primary,299.0,27.0,2242.5
294,1,primary,1723.0,43.0,20580.277777777777
295,1,secondary,400.0,23.0,2555.5555555555557
296,1,trunk,1309.0,54.0,19635.0
297,1,primary,258.0,31.0,2221.6666666666665
299,1,primary,2051.0,36.0,20510.0
300,1,secondary,1015.0,32.0,9022.222222222223
301,1,primary,299.0,27.0,2242.5
302,1,primary,272.0,26.0,1964.4444444444443
303,1,primary,254.0,34.0,2398.8888888888887
304,1,primary,2051.0,36.0,20510.0
305,1,primary,299.0,27.0,2242.5
306,1,primary,71.0,27.0,532.5
307,1,secondary,97.0,33.0,889.1666666666666
308,1,secondary,97.0,33.0,889.1666666666666
310,1,secondary,1299.0,29.0,10464.166666666666
311,1,secondary,1344.0,28.0,10453.333333333334
312,1,primary,258.0,31.0,2221.6666666666665
314,1,secondary,1344.0,28.0,10453.333333333334
315,1,primary,2051.0,36.0,20510.0
316,1,primary,2051.0,36.0,20510.0
317,1,secondary,1295.0,29.0,10431.944444444443
318,1,secondary,1344.0,28.0,10453.333333333334
319,1,primary,254.0,34.0,2398.8888888888887
320,1,primary,1565.0,46.0,19997.222222222223
321,1,secondary,1295.0,29.0,10431.944444444443
10,1,trunk,103.0,29.0,829.7222222222222
323,1,secondary,1295.0,29.0,10431.944444444443
11,1,trunk,998.0,21.0,5821.666666666667
325,1,secondary,1295.0,29.0,10431.944444444443
326,1,primary,2051.0,36.0,20510.0
327,1,secondary,1295.0,29.0,10431.944444444443
328,1,secondary,1341.0,28.0,10430.0
329,1,primary,598.0,35.0,5813.888888888889
330,1,secondary,1295.0,29.0,10431.944444444443
331,1,primary,1565.0,46.0,19997.222222222223
332,1,secondary,1341.0,28.0,10430.0
333,1,primary,1565.0,46.0,19997.222222222223
334,1,secondary,1295.0,29.0,10431.944444444443
335,1,secondary,1015.0,32.0,9022.222222222223
336,1,secondary,898.0,34.0,8481.111111111111
337,1,secondary,1341.0,28.0,10430.0
338,1,primary,1723.0,43.0,20580.277777777777
339,1,primary,598.0,35.0,5813.888888888889
340,1,secondary,1295.0,29.0,10431.944444444443
341,1,trunk,1376.0,54.0,20640.0
342,1,primary,1860.0,37.0,19116.666666666668
343,1,secondary,2489.0,28.0,19358.888888888887
344,1,primary,271.0,32.0,2408.8888888888887
345,1,secondary,1295.0,29.0,10431.944444444443
346,1,trunk,1723.0,43.0,20580.277777777777
347,1,primary,444.0,27.0,3330.0
348,1,primary,1723.0,43.0,20580.277777777777
349,1,primary,2618.0,27.0,19635.0
12,1,trunk,1299.0,29.0,10464.166666666666
351,1,primary,254.0,34.0,2398.8888888888887
352,1,primary,1860.0,37.0,19116.666666666668
13,1,secondary,1015.0,32.0,9022.222222222223
354,1,secondary,1341.0,28.0,10430.0
355,1,primary,1723.0,43.0,20580.277777777777
356,1,primary,2618.0,27.0,19635.0
357,1,primary,2618.0,27.0,19635.0
358,1,secondary,1341.0,28.0,10430.0
359,1,trunk,1358.0,53.0,19992.777777777777
360,1,secondary,400.0,23.0,2555.5555555555557
361,1,secondary,1341.0,28.0,10430.0
362,1,primary,598.0,35.0,5813.888888888889
363,1,secondary,2618.0,27.0,19635.0
364,1,secondary,1295.0,29.0,10431.944444444443
365,1,primary,2051.0,36.0,20510.0
366,1,primary,254.0,34.0,2398.8888888888887
367,1,primary,2051.0,36.0,20510.0
368,1,secondary,2618.0,27.0,19635.0
369,1,secondary,2618.0,27.0,19635.0
370,1,primary,261.0,27.0,1957.5
371,1,secondary,1341.0,28.0,10430.0
372,1,primary,598.0,35.0,5813.888888888889
373,1,secondary,2489.0,28.0,19358.888888888887
374,1,secondary,2489.0,28.0,19358.888888888887
375,1,primary,461.0,26.0,3329.4444444444443
376,1,primary,2051.0,36.0,20510.0
14,1,secondary,898.0,34.0,8481.111111111111
378,1,secondary,2489.0,28.0,19358.888888888887
379,1,primary,1565.0,46.0,19997.222222222223
380,1,secondary,1015.0,32.0,9022.222222222223
381,1,secondary,1015.0,32.0,9022.222222222223
382,1,trunk,1723.0,43.0,20580.277777777777
383,1,primary,1565.0,46.0,19997.222222222223
384,1,secondary,1341.0,28.0,10430.0
385,1,secondary,2618.0,27.0,19635.0
386,1,secondary,1015.0,32.0,9022.222222222223
387,1,secondary,1295.0,29.0,10431.944444444443
388,1,secondary,1295.0,29.0,10431.944444444443
389,1,secondary,1565.0,46.0,19997.222222222223
390,1,secondary,1565.0,46.0,19997.222222222223
391,1,primary,1723.0,43.0,20580.277777777777
392,1,trunk,998.0,21.0,5821.666666666667
393,1,secondary,1295.0,29.0,10431.944444444443
394,1,primary,2051.0,36.0,20510.0
15,1,primary,2051.0,36.0,20510.0
396,1,primary,254.0,34.0,2398.8888888888887
397,1,primary,1860.0,37.0,19116.666666666668
398,1,primary,2051.0,36.0,20510.0
399,1,secondary,1341.0,28.0,10430.0
400,1,primary,2051.0,36.0,20510.0
401,1,secondary,1015.0,32.0,9022.222222222223
402,1,primary,1860.0,37.0,19116.666666666668
403,1,trunk,1723.0,43.0,20580.277777777777
404,1,primary,1565.0,46.0,19997.222222222223
405,1,primary,2051.0,36.0,20510.0
406,1,primary,1860.0,37.0,19116.666666666668
407,1,secondary,1295.0,29.0,10431.944444444443
16,1,trunk,1428.0,54.0,21420.0
409,1,primary,461.0,26.0,3329.4444444444443
410,1,primary,444.0,27.0,3330.0
411,1,primary,254.0,34.0,2398.8888888888887
412,1,trunk,1428.0,54.0,21420.0
413,1,secondary,1344.0,28.0,10453.333333333334
414,1,primary,299.0,27.0,2242.5
415,1,secondary,2618.0,27.0,19635.0
416,1,primary,2051.0,36.0,20510.0
417,1,secondary,1341.0,28.0,10430.0
418,1,primary,1565.0,46.0,19997.222222222223
419,1,primary,2051.0,36.0,20510.0
420,1,primary,1860.0,37.0,19116.666666666668
421,1,secondary,1344.0,28.0,10453.333333333334
422,1,primary,258.0,31.0,2221.6666666666665
423,1,primary,62.0,27.0,465.0
424,1,secondary,1295.0,29.0,10431.944444444443
425,1,trunk,998.0,21.0,5821.666666666667
426,1,secondary,898.0,34.0,8481.111111111111
427,1,secondary,444.0,27.0,3330.0
428,1,secondary,444.0,27.0,3330.0
429,1,secondary,1015.0,32.0,9022.222222222223
430,1,secondary,1015.0,32.0,9022.222222222223
431,1,primary,254.0,34.0,2398.8888888888887
18,1,trunk,1428.0,54.0,21420.0
19,1,trunk,1358.0,53.0,19992.777777777777
20,1,primary,444.0,27.0,3330.0
435,1,secondary,444.0,27.0,3330.0
436,1,secondary,444.0,27.0,3330.0
437,1,secondary,1295.0,29.0,10431.944444444443
438,1,primary,2051.0,36.0,20510.0
439,1,primary,1860.0,37.0,19116.666666666668
440,1,secondary,1341.0,28.0,10430.0
441,1,primary,1860.0,37.0,19116.666666666668
442,1,primary,1565.0,46.0,19997.222222222223
443,1,primary,2051.0,36.0,20510.0
444,1,primary,444.0,27.0,3330.0
445,1,primary,1723.0,43.0,20580.277777777777
446,1,primary,2051.0,36.0,20510.0
447,1,primary,254.0,34.0,2398.8888888888887
448,1,secondary,1295.0,29.0,10431.944444444443
449,1,trunk,1428.0,54.0,21420.0
572,1,secondary,1015.0,32.0,9022.222222222223
451,1,primary,461.0,26.0,3329.4444444444443
452,1,secondary,1341.0,28.0,10430.0
453,1,secondary,2618.0,27.0,19635.0
454,1,primary,1723.0,43.0,20580.277777777777
455,1,primary,2051.0,36.0,20510.0
456,1,secondary,1341.0,28.0,10430.0
457,1,secondary,1015.0,32.0,9022.222222222223
458,1,primary,1723.0,43.0,20580.277777777777
459,1,secondary,1015.0,32.0,9022.222222222223
460,1,secondary,1015.0,32.0,9022.222222222223
461,1,trunk,1428.0,54.0,21420.0
462,1,primary,1723.0,43.0,20580.277777777777
52,1,trunk,181.0,51.0,2564.1666666666665
464,1,primary,2618.0,27.0,19635.0
465,1,primary,598.0,35.0,5813.888888888889
466,1,secondary,444.0,27.0,3330.0
467,1,secondary,444.0,27.0,3330.0
468,1,secondary,1015.0,32.0,9022.222222222223
469,1,secondary,1015.0,32.0,9022.222222222223
470,1,primary,1565.0,46.0,19997.222222222223
471,1,primary,1723.0,43.0,20580.277777777777
604,1,secondary,1344.0,28.0,10453.333333333334
473,1,secondary,1565.0,46.0,19997.222222222223
474,1,secondary,898.0,34.0,8481.111111111111
475,1,trunk,998.0,21.0,5821.666666666667
476,1,secondary,2618.0,27.0,19635.0
477,1,secondary,1015.0,32.0,9022.222222222223
478,1,secondary,1015.0,32.0,9022.222222222223
479,1,secondary,1015.0,32.0,9022.222222222223
480,1,secondary,1341.0,28.0,10430.0
481,1,primary,1565.0,46.0,19997.222222222223
482,1,primary,2051.0,36.0,20510.0
596,1,primary,1723.0,43.0,20580.277777777777
484,1,primary,1565.0,46.0,19997.222222222223
28,1,trunk,1428.0,54.0,21420.0
486,1,primary,1565.0,46.0,19997.222222222223
487,1,trunk,1358.0,53.0,19992.777777777777
488,1,secondary,1341.0,28.0,10430.0
489,1,primary,1565.0,46.0,19997.222222222223
490,1,primary,1565.0,46.0,19997.222222222223
491,1,primary,2051.0,36.0,20510.0
492,1,secondary,1341.0,28.0,10430.0
493,1,primary,1723.0,43.0,20580.277777777777
494,1,primary,254.0,34.0,2398.8888888888887
495,1,secondary,1341.0,28.0,10430.0
496,1,secondary,2618.0,27.0,19635.0
497,1,secondary,2618.0,27.0,19635.0
498,1,primary,1565.0,46.0,19997.222222222223
499,1,secondary,1344.0,28.0,10453.333333333334
500,1,primary,2618.0,27.0,19635.0
501,1,primary,1565.0,46.0,19997.222222222223
502,1,secondary,2489.0,28.0,19358.888888888887
503,1,primary,71.0,27.0,532.5
504,1,primary,2618.0,27.0,19635.0
505,1,primary,2051.0,36.0,20510.0
506,1,primary,1723.0,43.0,20580.277777777777
507,1,secondary,1015.0,32.0,9022.222222222223
508,1,secondary,1015.0,32.0,9022.222222222223
509,1,primary,2051.0,36.0,20510.0
510,1,primary,2618.0,27.0,19635.0
511,1,trunk,1376.0,54.0,20640.0
512,1,primary,1565.0,46.0,19997.222222222223
513,1,primary,1723.0,43.0,20580.277777777777
514,1,secondary,1015.0,32.0,9022.222222222223
515,1,secondary,271.0,32.0,2408.8888888888887
516,1,secondary,271.0,32.0,2408.8888888888887
517,1,secondary,2489.0,28.0,19358.888888888887
518,1,secondary,2489.0,28.0,19358.888888888887
519,1,primary,258.0,31.0,2221.6666666666665
520,1,secondary,98.0,33.0,898.3333333333333
521,1,primary,1723.0,43.0,20580.277777777777
522,1,secondary,1295.0,29.0,10431.944444444443
523,1,secondary,2618.0,27.0,19635.0
524,1,secondary,97.0,33.0,889.1666666666666
525,1,primary,2051.0,36.0,20510.0
526,1,secondary,898.0,34.0,8481.111111111111
527,1,primary,1723.0,43.0,20580.277777777777
528,1,secondary,1015.0,32.0,9022.222222222223
529,1,secondary,898.0,34.0,8481.111111111111
530,1,secondary,1341.0,28.0,10430.0
531,1,primary,258.0,31.0,2221.6666666666665
532,1,secondary,2618.0,27.0,19635.0
533,1,secondary,1295.0,29.0,10431.944444444443
534,1,primary,1723.0,43.0,20580.277777777777
535,1,primary,261.0,27.0,1957.5
536,1,secondary,2618.0,27.0,19635.0
537,1,secondary,1344.0,28.0,10453.333333333334
538,1,secondary,2618.0,27.0,19635.0
539,1,primary,1860.0,37.0,19116.666666666668
540,1,secondary,1341.0,28.0,10430.0
541,1,primary,1723.0,43.0,20580.277777777777
628,1,primary,1860.0,37.0,19116.666666666668
543,1,primary,2051.0,36.0,20510.0
544,1,primary,1723.0,43.0,20580.277777777777
545,1,primary,1565.0,46.0,19997.222222222223
546,1,secondary,2489.0,28.0,19358.888888888887
547,1,primary,2051.0,36.0,20510.0
548,1,trunk,1309.0,54.0,19635.0
549,1,secondary,2618.0,27.0,19635.0
550,1,primary,1723.0,43.0,20580.277777777777
551,1,primary,254.0,34.0,2398.8888888888887
552,1,secondary,1344.0,28.0,10453.333333333334
1,1,trunk,334.0,32.0,2968.8888888888887
554,1,primary,62.0,27.0,465.0
555,1,primary,299.0,27.0,2242.5
556,1,primary,2051.0,36.0,20510.0
557,1,primary,1565.0,46.0,19997.222222222223
558,1,secondary,1015.0,32.0,9022.222222222223
559,1,secondary,1295.0,29.0,10431.944444444443
560,1,primary,2051.0,36.0,20510.0
561,1,secondary,1341.0,28.0,10430.0
562,1,primary,1565.0,46.0,19997.222222222223
2,1,trunk,181.0,51.0,2564.1666666666665
564,1,secondary,1015.0,32.0,9022.222222222223
565,1,secondary,1341.0,28.0,10430.0
566,1,secondary,1295.0,29.0,10431.944444444443
567,1,secondary,898.0,34.0,8481.111111111111
568,1,secondary,1341.0,28.0,10430.0
569,1,primary,1723.0,43.0,20580.277777777777
570,1,secondary,2489.0,28.0,19358.888888888887
571,1,secondary,2489.0,28.0,19358.888888888887
3,1,trunk,904.0,23.0,5775.555555555556
573,1,primary,1565.0,46.0,19997.222222222223
574,1,secondary,1341.0,28.0,10430.0
575,1,trunk,1358.0,53.0,19992.777777777777
576,1,trunk,1565.0,46.0,19997.222222222223
577,1,primary,1565.0,46.0,19997.222222222223
21,1,trunk,598.0,35.0,5813.888888888889
579,1,primary,1565.0,46.0,19997.222222222223
580,1,secondary,1341.0,28.0,10430.0
581,1,primary,258.0,31.0,2221.6666666666665
582,1,secondary,1341.0,28.0,10430.0
583,1,trunk,1428.0,54.0,21420.0
584,1,primary,1723.0,43.0,20580.277777777777
585,1,primary,254.0,34.0,2398.8888888888887
586,1,primary,1860.0,37.0,19116.666666666668
587,1,secondary,1341.0,28.0,10430.0
588,1,primary,1860.0,37.0,19116.666666666668
589,1,secondary,898.0,34.0,8481.111111111111
590,1,primary,271.0,32.0,2408.8888888888887
591,1,primary,1723.0,43.0,20580.277777777777
592,1,primary,2051.0,36.0,20510.0
593,1,primary,1565.0,46.0,19997.222222222223
594,1,primary,598.0,35.0,5813.888888888889
595,1,secondary,898.0,34.0,8481.111111111111
6,1,trunk,1299.0,29.0,10464.166666666666
597,1,primary,1860.0,37.0,19116.666666666668
598,1,primary,1860.0,37.0,19116.666666666668
599,1,secondary,1341.0,28.0,10430.0
600,1,primary,271.0,32.0,2408.8888888888887
22,1,primary,2051.0,36.0,20510.0
602,1,secondary,400.0,23.0,2555.5555555555557
603,1,secondary,1341.0,28.0,10430.0
23,1,secondary,2489.0,28.0,19358.888888888887
605,1,primary,1723.0,43.0,20580.277777777777
606,1,primary,299.0,27.0,2242.5
24,1,trunk,998.0,21.0,5821.666666666667
608,1,secondary,2.0,20.0,11.11111111111111
609,1,primary,258.0,31.0,2221.6666666666665
610,1,secondary,1295.0,29.0,10431.944444444443
611,1,secondary,1295.0,29.0,10431.944444444443
612,1,primary,261.0,27.0,1957.5
613,1,secondary,898.0,34.0,8481.111111111111
614,1,primary,2051.0,36.0,20510.0
615,1,primary,2618.0,27.0,19635.0
616,1,secondary,1344.0,28.0,10453.333333333334
617,1,primary,1723.0,43.0,20580.277777777777
618,1,primary,1565.0,46.0,19997.222222222223
619,1,primary,1860.0,37.0,19116.666666666668
620,1,secondary,1341.0,28.0,10430.0
621,1,secondary,1341.0,28.0,10430.0
622,1,primary,2051.0,36.0,20510.0
623,1,primary,1860.0,37.0,19116.666666666668
624,1,trunk,1428.0,54.0,21420.0
625,1,secondary,898.0,34.0,8481.111111111111
626,1,primary,1565.0,46.0,19997.222222222223
627,1,secondary,1015.0,32.0,9022.222222222223
8,1,trunk,230.0,29.0,1852.7777777777778
