segment_id,traffic_osmid,road_type,traffic_length_m,traffic_lat,traffic_lon,osm_id,u,v,edge_key,osm_edge_length_m,highway,oneway,geometry_available,u_lat,u_lon,v_lat,v_lon
0,"[1209033472, 280421140, 1317533102]",trunk,3016.9979383186064,20.283950272583752,85.80626747532335,"[1209033472, 280421140, 1317533102]",2845389661,4875425580,0,3016.9979383186064,trunk,True,True,20.2754472,85.7952254,20.2913942,85.8182813
4,873398460,trunk,1656.7999817793127,20.262789181520738,85.86831658151024,873398460,8105661609,11936495261,0,1452.9773308428084,trunk,True,True,20.2442306,85.860135,20.2559212,85.8654556
4,873398460,trunk,1656.7999817793127,20.262789181520738,85.86831658151024,873398460,8106127986,8106128001,0,43.14382715559413,trunk,True,False,20.2700098,85.8702479,20.2703832,85.8703603
4,873398460,trunk,1656.7999817793127,20.262789181520738,85.86831658151024,873398460,8106128001,6010327766,0,794.5244481372048,trunk,True,True,20.2703832,85.8703603,20.2772564,85.8724421
4,873398460,trunk,1656.7999817793127,20.262789181520738,85.86831658151024,873398460,11936495261,8106127986,0,1656.7999817793127,trunk,True,True,20.2559212,85.8654556,20.2700098,85.8702479
8,873398460,trunk,1452.9773308428084,20.250454150626567,85.86202456938696,873398460,8105661609,11936495261,0,1452.9773308428084,trunk,True,True,20.2442306,85.860135,20.2559212,85.8654556
8,873398460,trunk,1452.9773308428084,20.250454150626567,85.86202456938696,873398460,8106127986,8106128001,0,43.14382715559413,trunk,True,False,20.2700098,85.8702479,20.2703832,85.8703603
8,873398460,trunk,1452.9773308428084,20.250454150626567,85.86202456938696,873398460,8106128001,6010327766,0,794.5244481372048,trunk,True,True,20.2703832,85.8703603,20.2772564,85.8724421
8,873398460,trunk,1452.9773308428084,20.250454150626567,85.86202456938696,873398460,11936495261,8106127986,0,1656.7999817793127,trunk,True,True,20.2559212,85.8654556,20.2700098,85.8702479
17,26754491,secondary,1066.50914612262,20.30192356653856,85.83311581230055,26754491,293466286,9798857326,0,384.2460579503212,secondary,True,True,20.3067033,85.8334864,20.3101463,85.8338008
17,26754491,secondary,1066.50914612262,20.30192356653856,85.83311581230055,26754491,6944073197,6944073198,0,301.84731400627015,secondary,True,True,20.3119484,85.8333192,20.3128242,85.8305796
17,26754491,secondary,1066.50914612262,20.30192356653856,85.83311581230055,26754491,6944073198,9781361238,0,76.85837924965404,secondary,True,True,20.3128242,85.8305796,20.313091,85.8298998
17,26754491,secondary,1066.50914612262,20.30192356653856,85.83311581230055,26754491,8166852626,293466286,0,1066.50914612262,secondary,True,True,20.2971574,85.8331414,20.3067033,85.8334864
17,26754491,secondary,1066.50914612262,20.30192356653856,85.83311581230055,"[26754491, 876134933]",9781361238,8154498070,0,131.27828741015398,secondary,True,True,20.313091,85.8298998,20.3136147,85.8287716
17,26754491,secondary,1066.50914612262,20.30192356653856,85.83311581230055,26754491,9798857326,10165916006,0,26.74505823085657,secondary,True,True,20.3101463,85.8338008,20.3103849,85.8338325
17,26754491,secondary,1066.50914612262,20.30192356653856,85.83311581230055,26754491,10165916006,6944073197,0,222.96057089947155,secondary,True,True,20.3103849,85.8338325,20.3119484,85.8333192
19,464650412,primary,1012.1732372373798,20.290078619089293,85.82599705756917,464650412,293462947,8153654914,0,9.792975434793687,primary,True,False,20.2812401,85.8266891,20.2813278,85.8266977
19,464650412,primary,1012.1732372373798,20.290078619089293,85.82599705756917,464650412,2277623696,2277623719,0,59.47367919221113,primary,True,False,20.2945268,85.8250486,20.2950357,85.8248731
19,464650412,primary,1012.1732372373798,20.290078619089293,85.82599705756917,464650412,3719506256,12525781148,0,216.19804967540165,primary,True,True,20.2817342,85.8267271,20.2836744,85.8268545
19,464650412,primary,1012.1732372373798,20.290078619089293,85.82599705756917,464650412,4601752551,2277623696,0,1012.1732372373798,primary,True,True,20.2855713,85.8266781,20.2945268,85.8250486
19,464650412,primary,1012.1732372373798,20.290078619089293,85.82599705756917,464650412,6949998010,4601752551,0,127.211601170194,primary,True,True,20.2844331,85.8268003,20.2855713,85.8266781
19,464650412,primary,1012.1732372373798,20.290078619089293,85.82599705756917,464650412,8153654914,3719506256,0,45.29360314478454,primary,True,False,20.2813278,85.8266977,20.2817342,85.8267271
19,464650412,primary,1012.1732372373798,20.290078619089293,85.82599705756917,464650412,12525781148,6949998010,0,84.67161784538443,primary,True,True,20.2836744,85.8268545,20.2844331,85.8268003
24,"[414500083, 875146659]",primary,869.4487815342277,20.350521395502685,85.80697929345811,414500083,3725679696,12435035117,0,406.28067432971085,primary,True,True,20.3429608,85.8071822,20.3466129,85.8070803
24,"[414500083, 875146659]",primary,869.4487815342277,20.350521395502685,85.80697929345811,"[875146659, 1352928436]",8144915374,8146129661,0,117.0835209067391,primary,True,True,20.3544198,85.8069023,20.3544271,85.8080104
24,"[414500083, 875146659]",primary,869.4487815342277,20.350521395502685,85.80697929345811,"[414500083, 875146659]",12435035117,8144915374,0,869.4487815342277,primary,True,True,20.3466129,85.8070803,20.3544198,85.8069023
27,741818619,secondary,806.477181068368,20.24069499053778,85.81019347265972,741818619,3730052120,8124268942,0,361.08216407624525,secondary,True,True,20.2537607,85.8054686,20.2519573,85.8083305
27,741818619,secondary,806.477181068368,20.24069499053778,85.81019347265972,741818619,7243077779,8133212845,0,37.96992023877818,secondary,True,True,20.2515613,85.8090641,20.2513167,85.8092983
27,741818619,secondary,806.477181068368,20.24069499053778,85.81019347265972,741818619,8124268942,8124268944,0,28.03902559561039,secondary,True,True,20.2519573,85.8083305,20.2518316,85.8085635
27,741818619,secondary,806.477181068368,20.24069499053778,85.81019347265972,741818619,8124268944,7243077779,0,60.254650618020506,secondary,True,False,20.2518316,85.8085635,20.2515613,85.8090641
27,741818619,secondary,806.477181068368,20.24069499053778,85.81019347265972,741818619,8133212845,9924471955,0,590.4830137421894,secondary,True,True,20.2513167,85.8092983,20.2461714,85.8103375
27,741818619,secondary,806.477181068368,20.24069499053778,85.81019347265972,741818619,8133212859,7243077747,0,806.477181068368,secondary,True,True,20.2442747,85.8101365,20.2373423,85.8111958
27,741818619,secondary,806.477181068368,20.24069499053778,85.81019347265972,741818619,8133212860,8133212859,0,11.062260361302098,secondary,True,True,20.2443741,85.8101407,20.2442747,85.8101365
27,741818619,secondary,806.477181068368,20.24069499053778,85.81019347265972,741818619,9924471955,8133212860,0,201.04385285302587,secondary,True,True,20.2461714,85.8103375,20.2443741,85.8101407
33,"[364407161, 1317517332, 1318339357]",secondary,726.186014336685,20.23465276671345,85.81373811726914,"[364407161, 1317517332, 1318339357]",293464258,8100516249,0,726.1860143366849,secondary,False,True,20.2370562,85.8114914,20.2334081,85.8162982
33,"[364407161, 1317517332, 1318339357]",secondary,726.186014336685,20.23465276671345,85.81373811726914,"[364407161, 1317517332, 1318339357]",8100516249,293464258,0,726.186014336685,secondary,False,True,20.2334081,85.8162982,20.2370562,85.8114914
40,279091485,primary,592.3070665718152,20.269112490538223,85.82504163083306,279091485,2833450851,2833482043,0,592.3070665718152,primary,True,True,20.2700792,85.8224074,20.267936,85.8275887
51,"[279088741, 746487561, 746487564, 1317517914, 1317517916]",primary,492.841002847525,20.261715634128787,85.83645758441224,"[279088741, 746487561, 746487564, 1317517914, 1317517916]",2833450825,2999157394,0,492.841002847525,primary,True,True,20.2603482,85.8383174,20.2630535,85.8345762
