file,type,size_uncompressed_bytes,size_compressed_bytes,rows,columns,purpose
new_delhi_traffic_dataset/README.md,.md,4063,1809,85,,Dataset documentation; not tabular
new_delhi_traffic_dataset/facility/features_geopkg.json,.json,4047,806,10,facility;features,Facility category and OSM tag lookup
new_delhi_traffic_dataset/geojson/new_delhi.json,.json,1566,355,1,geometry;properties:name,Administrative boundary GeoJSON
new_delhi_traffic_dataset/global_metrics/2024_city_rush_hour.json,.json,425,204,1,morning_rush_hour;evening_rush_hour;annual_extra_rush_hour_time,Annual/city-level aggregate traffic metrics
new_delhi_traffic_dataset/global_metrics/2024_urban_rush_hour.json,.json,422,202,1,morning_rush_hour;evening_rush_hour;annual_extra_rush_hour_time,Annual/city-level aggregate traffic metrics
new_delhi_traffic_dataset/global_metrics/new_delhi_2024_city_traffic.json,.json,1699,366,1,average_travel_time_per_10_km;difference_vs_2023_for_travel_time_per_10_km;congestion_level;average_congestion_level_percent;difference_vs_2023_for_congestion_level_percent;average_speed_km_h;difference_vs_2023_for_speed_km_h;worst_day_to_travel_2024;monthly_congestion_level,Annual/city-level aggregate traffic metrics
new_delhi_traffic_dataset/global_metrics/new_delhi_2024_urban_traffic.json,.json,1354,356,1,average_travel_time_per_10_km;difference_vs_2023_for_travel_time_per_10_km;congestion_level;average_congestion_level_percent;difference_vs_2023_for_congestion_level_percent;average_speed_km_h;difference_vs_2023_for_speed_km_h;worst_day_to_travel_2024;monthly_congestion_level,Annual/city-level aggregate traffic metrics
new_delhi_traffic_dataset/probe_counts/geojson/new_delhi__2024-08-11_to_2024-08-11_.geojson,.geojson,122182517,4567452,24938,geometry;distance;frc;newSegmentId;segmentId;segmentProbeCounts;speedLimit;streetName,Daily road-segment GeoJSON; 24 hourly probeCount buckets per segment when complete
new_delhi_traffic_dataset/probe_counts/geojson/new_delhi__2024-08-12_to_2024-08-12_.geojson,.geojson,35006294,3192699,24938,geometry;distance;frc;newSegmentId;segmentId;segmentProbeCounts;speedLimit;streetName,Daily road-segment GeoJSON; 24 hourly probeCount buckets per segment when complete
new_delhi_traffic_dataset/probe_counts/geojson/new_delhi__2024-08-13_to_2024-08-13_.geojson,.geojson,35057150,3251432,24938,geometry;distance;frc;newSegmentId;segmentId;segmentProbeCounts;speedLimit;streetName,Daily road-segment GeoJSON; 24 hourly probeCount buckets per segment when complete
new_delhi_traffic_dataset/probe_counts/geojson/new_delhi__2024-08-14_to_2024-08-14_.geojson,.geojson,35074387,3266956,24938,geometry;distance;frc;newSegmentId;segmentId;segmentProbeCounts;speedLimit;streetName,Daily road-segment GeoJSON; 24 hourly probeCount buckets per segment when complete
new_delhi_traffic_dataset/probe_counts/geojson/new_delhi__2024-08-15_to_2024-08-15_.geojson,.geojson,35024529,3208015,24938,geometry;distance;frc;newSegmentId;segmentId;segmentProbeCounts;speedLimit;streetName,Daily road-segment GeoJSON; 24 hourly probeCount buckets per segment when complete
new_delhi_traffic_dataset/probe_counts/geojson/new_delhi__2024-08-16_to_2024-08-16_.geojson,.geojson,35070050,3260551,24938,geometry;distance;frc;newSegmentId;segmentId;segmentProbeCounts;speedLimit;streetName,Daily road-segment GeoJSON; 24 hourly probeCount buckets per segment when complete
new_delhi_traffic_dataset/probe_counts/geojson/new_delhi__2024-08-17_to_2024-08-17_.geojson,.geojson,35079849,3272356,24938,geometry;distance;frc;newSegmentId;segmentId;segmentProbeCounts;speedLimit;streetName,Daily road-segment GeoJSON; 24 hourly probeCount buckets per segment when complete
new_delhi_traffic_dataset/probe_counts/geojson/new_delhi__2024-08-18_to_2024-08-18_.geojson,.geojson,35063577,3251278,24938,geometry;distance;frc;newSegmentId;segmentId;segmentProbeCounts;speedLimit;streetName,Daily road-segment GeoJSON; 24 hourly probeCount buckets per segment when complete
new_delhi_traffic_dataset/probe_counts/geojson/new_delhi__2024-08-19_to_2024-08-19_.geojson,.geojson,35054413,3241853,24938,geometry;distance;frc;newSegmentId;segmentId;segmentProbeCounts;speedLimit;streetName,Daily road-segment GeoJSON; 24 hourly probeCount buckets per segment when complete
new_delhi_traffic_dataset/probe_counts/geojson/new_delhi__2024-08-20_to_2024-08-20_.geojson,.geojson,35041134,3229614,24938,geometry;distance;frc;newSegmentId;segmentId;segmentProbeCounts;speedLimit;streetName,Daily road-segment GeoJSON; 24 hourly probeCount buckets per segment when complete
new_delhi_traffic_dataset/probe_counts/geojson/new_delhi__2024-08-21_to_2024-08-21_.geojson,.geojson,35052749,3242585,24938,geometry;distance;frc;newSegmentId;segmentId;segmentProbeCounts;speedLimit;streetName,Daily road-segment GeoJSON; 24 hourly probeCount buckets per segment when complete
new_delhi_traffic_dataset/probe_counts/geojson/new_delhi__2024-08-22_to_2024-08-22_.geojson,.geojson,35018036,3205928,24938,geometry;distance;frc;newSegmentId;segmentId;segmentProbeCounts;speedLimit;streetName,Daily road-segment GeoJSON; 24 hourly probeCount buckets per segment when complete
new_delhi_traffic_dataset/probe_counts/geojson/new_delhi__2024-08-23_to_2024-08-23_.geojson,.geojson,35014756,3204658,24938,geometry;distance;frc;newSegmentId;segmentId;segmentProbeCounts;speedLimit;streetName,Daily road-segment GeoJSON; 24 hourly probeCount buckets per segment when complete
new_delhi_traffic_dataset/probe_counts/geojson/new_delhi__2024-08-24_to_2024-08-24_.geojson,.geojson,35060585,3247603,24938,geometry;distance;frc;newSegmentId;segmentId;segmentProbeCounts;speedLimit;streetName,Daily road-segment GeoJSON; 24 hourly probeCount buckets per segment when complete
new_delhi_traffic_dataset/probe_counts/geojson/new_delhi__2024-08-25_to_2024-08-25_.geojson,.geojson,35059522,3248025,24938,geometry;distance;frc;newSegmentId;segmentId;segmentProbeCounts;speedLimit;streetName,Daily road-segment GeoJSON; 24 hourly probeCount buckets per segment when complete
new_delhi_traffic_dataset/probe_counts/geojson/new_delhi__2024-08-26_to_2024-08-26_.geojson,.geojson,35038695,3226565,24938,geometry;distance;frc;newSegmentId;segmentId;segmentProbeCounts;speedLimit;streetName,Daily road-segment GeoJSON; 24 hourly probeCount buckets per segment when complete
new_delhi_traffic_dataset/probe_counts/geojson/new_delhi__2024-08-27_to_2024-08-27_.geojson,.geojson,35060660,3252939,24938,geometry;distance;frc;newSegmentId;segmentId;segmentProbeCounts;speedLimit;streetName,Daily road-segment GeoJSON; 24 hourly probeCount buckets per segment when complete
new_delhi_traffic_dataset/probe_counts/geojson/new_delhi__2024-08-28_to_2024-08-28_.geojson,.geojson,35063680,3256214,24938,geometry;distance;frc;newSegmentId;segmentId;segmentProbeCounts;speedLimit;streetName,Daily road-segment GeoJSON; 24 hourly probeCount buckets per segment when complete
new_delhi_traffic_dataset/probe_counts/geojson/new_delhi__2024-08-29_to_2024-08-29_.geojson,.geojson,35053182,3245807,24938,geometry;distance;frc;newSegmentId;segmentId;segmentProbeCounts;speedLimit;streetName,Daily road-segment GeoJSON; 24 hourly probeCount buckets per segment when complete
new_delhi_traffic_dataset/probe_counts/geojson/new_delhi__2024-08-30_to_2024-08-30_.geojson,.geojson,35079074,3271062,24938,geometry;distance;frc;newSegmentId;segmentId;segmentProbeCounts;speedLimit;streetName,Daily road-segment GeoJSON; 24 hourly probeCount buckets per segment when complete
new_delhi_traffic_dataset/weekday_stats/2024_week_day_congestion_city.csv,.csv,471,198,12,Time;Sunday;Monday;Tuesday;Wednesday;Thursday;Friday;Saturday,Weekday by time-of-day aggregate metrics
new_delhi_traffic_dataset/weekday_stats/2024_week_day_congestion_urban.csv,.csv,473,193,12,Time;Sunday;Monday;Tuesday;Wednesday;Thursday;Friday;Saturday,Weekday by time-of-day aggregate metrics
new_delhi_traffic_dataset/weekday_stats/2024_week_day_speed_city.csv,.csv,1010,227,12,Time;Sunday;Monday;Tuesday;Wednesday;Thursday;Friday;Saturday,Weekday by time-of-day aggregate metrics
new_delhi_traffic_dataset/weekday_stats/2024_week_day_speed_urban.csv,.csv,1010,212,12,Time;Sunday;Monday;Tuesday;Wednesday;Thursday;Friday;Saturday,Weekday by time-of-day aggregate metrics
new_delhi_traffic_dataset/weekday_stats/2024_week_day_time_city.csv,.csv,1321,349,12,Time;Sunday;Monday;Tuesday;Wednesday;Thursday;Friday;Saturday,Weekday by time-of-day aggregate metrics
new_delhi_traffic_dataset/weekday_stats/2024_week_day_time_urban.csv,.csv,1333,346,12,Time;Sunday;Monday;Tuesday;Wednesday;Thursday;Friday;Saturday,Weekday by time-of-day aggregate metrics
