date,n,min,max,mean,median,std_population,p01,p05,p25,p75,p90,p95,p99,p999,zeros,zero_pct
2024-08-11,598512,0.0,2207.0,96.37949949207368,34.0,157.61251342831247,0.0,0.0,7.0,113.0,275.0,412.0,757.0,1288.0,44496,7.434437404763814
2024-08-12,598512,0.0,2223.0,110.46354960301548,38.0,180.08463728646686,0.0,0.0,7.0,130.0,320.0,479.0,855.0,1396.0,48256,8.062662068596786
2024-08-13,598512,0.0,2668.0,129.72335057609538,48.0,202.29039681049537,0.0,0.0,10.0,157.0,372.0,543.0,967.0,1491.4889999999432,37755,6.308144197610073
2024-08-14,598512,0.0,2540.0,139.03807609538322,52.0,214.43960933952067,0.0,0.0,11.0,169.0,402.0,589.0,1027.0,1541.4889999999432,36923,6.169132782634266
2024-08-15,598512,0.0,2027.0,110.29496651696206,39.0,180.36437632372204,0.0,0.0,9.0,127.0,313.0,474.0,883.0,1424.0,38183,6.379654877429358
2024-08-16,598512,0.0,2222.0,134.27083166252305,51.0,208.48677152005084,0.0,0.0,10.0,162.0,383.0,561.0,1009.0,1564.4889999999432,36639,6.121681770791563
2024-08-17,598512,0.0,2241.0,136.94098531023604,53.0,207.87692696998494,0.0,0.0,12.0,166.0,396.0,578.0,970.0,1502.0,34832,5.819766353890983
2024-08-18,598512,0.0,2527.0,129.87013627128613,48.0,207.88666661662575,0.0,0.0,11.0,153.0,368.0,553.0,995.0,1637.4889999999432,35261,5.891444114737883
2024-08-19,598512,0.0,2366.0,132.06246658379447,46.0,215.8160337551229,0.0,0.0,10.0,151.0,378.0,585.0,1049.0,1643.0,37873,6.327859758868661
2024-08-20,598512,0.0,2504.0,123.23653661079477,45.0,195.3307423777329,0.0,0.0,9.0,146.0,354.0,529.0,933.0,1435.0,40003,6.683742347688935
2024-08-21,598512,0.0,2766.0,127.65360761354826,47.0,199.96940981077674,0.0,0.0,9.0,154.0,368.0,541.0,947.0,1521.0,38785,6.48023765605368
2024-08-22,598512,0.0,2385.0,104.24835425187798,40.0,162.69899730740758,0.0,0.0,9.0,127.0,297.0,426.0,787.0,1270.4889999999432,39987,6.681069051247093
2024-08-23,598512,0.0,2289.0,102.32241291736841,40.0,155.78486010901526,0.0,0.0,8.0,127.0,296.0,429.0,725.0,1202.4889999999432,41155,6.876219691501591
2024-08-24,598512,0.0,2350.0,132.7598444141471,48.0,206.11754832807227,0.0,0.0,10.0,162.0,388.0,566.0,968.0,1506.4889999999432,39632,6.6217552864437135
2024-08-25,598512,0.0,2508.0,127.12615118828028,47.0,200.5657774116225,0.0,0.0,10.0,152.0,360.0,534.0,947.0,1577.0,36399,6.081582324163927
2024-08-26,598512,0.0,2543.0,117.92286036036036,44.0,191.343292321019,0.0,0.0,9.0,137.0,330.0,499.0,941.0,1550.4889999999432,38674,6.4616916619883975
2024-08-27,598512,0.0,2762.0,131.30484100569413,48.0,205.81070751574097,0.0,0.0,10.0,159.0,376.0,551.0,982.0,1557.9779999998864,37280,6.2287807094928755
2024-08-28,598512,0.0,2744.0,131.44849727323762,49.0,203.92299577568969,0.0,0.0,10.0,162.0,375.0,553.0,978.0,1512.4889999999432,37361,6.242314272729703
2024-08-29,598512,0.0,2177.0,125.09306413238164,47.0,192.61730524814413,0.0,0.0,10.0,153.0,361.0,525.0,907.0,1484.4889999999432,37963,6.342897051354025
2024-08-30,598512,0.0,2708.0,138.4740990990991,54.0,211.85291669005343,0.0,0.0,11.0,170.0,396.0,578.0,1006.0,1559.0,35201,5.881419253080974
