speedLimit_value,n,min,max,mean,median,std_population,p01,p05,p25,p75,p90,p95,p99,p999,zeros,zero_pct
18,8180,18.0,18.0,18.0,18.0,0.0,18.0,18.0,18.0,18.0,18.0,18.0,18.0,18.0,0,0.0
19,780,19.0,19.0,19.0,19.0,0.0,19.0,19.0,19.0,19.0,19.0,19.0,19.0,19.0,0,0.0
20,2000,20.0,20.0,20.0,20.0,0.0,20.0,20.0,20.0,20.0,20.0,20.0,20.0,20.0,0,0.0
21,760,21.0,21.0,21.0,21.0,0.0,21.0,21.0,21.0,21.0,21.0,21.0,21.0,21.0,0,0.0
22,640,22.0,22.0,22.0,22.0,0.0,22.0,22.0,22.0,22.0,22.0,22.0,22.0,22.0,0,0.0
23,1020,23.0,23.0,23.0,23.0,0.0,23.0,23.0,23.0,23.0,23.0,23.0,23.0,23.0,0,0.0
24,760,24.0,24.0,24.0,24.0,0.0,24.0,24.0,24.0,24.0,24.0,24.0,24.0,24.0,0,0.0
25,3040,25.0,25.0,25.0,25.0,0.0,25.0,25.0,25.0,25.0,25.0,25.0,25.0,25.0,0,0.0
26,720,26.0,26.0,26.0,26.0,0.0,26.0,26.0,26.0,26.0,26.0,26.0,26.0,26.0,0,0.0
27,580,27.0,27.0,27.0,27.0,0.0,27.0,27.0,27.0,27.0,27.0,27.0,27.0,27.0,0,0.0
28,1420,28.0,28.0,28.0,28.0,0.0,28.0,28.0,28.0,28.0,28.0,28.0,28.0,28.0,0,0.0
29,640,29.0,29.0,29.0,29.0,0.0,29.0,29.0,29.0,29.0,29.0,29.0,29.0,29.0,0,0.0
30,6040,30.0,30.0,30.0,30.0,0.0,30.0,30.0,30.0,30.0,30.0,30.0,30.0,30.0,0,0.0
31,1200,31.0,31.0,31.0,31.0,0.0,31.0,31.0,31.0,31.0,31.0,31.0,31.0,31.0,0,0.0
32,460,32.0,32.0,32.0,32.0,0.0,32.0,32.0,32.0,32.0,32.0,32.0,32.0,32.0,0,0.0
33,580,33.0,33.0,33.0,33.0,0.0,33.0,33.0,33.0,33.0,33.0,33.0,33.0,33.0,0,0.0
34,560,34.0,34.0,34.0,34.0,0.0,34.0,34.0,34.0,34.0,34.0,34.0,34.0,34.0,0,0.0
35,640,35.0,35.0,35.0,35.0,0.0,35.0,35.0,35.0,35.0,35.0,35.0,35.0,35.0,0,0.0
36,340,36.0,36.0,36.0,36.0,0.0,36.0,36.0,36.0,36.0,36.0,36.0,36.0,36.0,0,0.0
37,460,37.0,37.0,37.0,37.0,0.0,37.0,37.0,37.0,37.0,37.0,37.0,37.0,37.0,0,0.0
38,620,38.0,38.0,38.0,38.0,0.0,38.0,38.0,38.0,38.0,38.0,38.0,38.0,38.0,0,0.0
39,340,39.0,39.0,39.0,39.0,0.0,39.0,39.0,39.0,39.0,39.0,39.0,39.0,39.0,0,0.0
40,6880,40.0,40.0,40.0,40.0,0.0,40.0,40.0,40.0,40.0,40.0,40.0,40.0,40.0,0,0.0
41,220,41.0,41.0,41.0,41.0,0.0,41.0,41.0,41.0,41.0,41.0,41.0,41.0,41.0,0,0.0
42,400,42.0,42.0,42.0,42.0,0.0,42.0,42.0,42.0,42.0,42.0,42.0,42.0,42.0,0,0.0
43,380,43.0,43.0,43.0,43.0,0.0,43.0,43.0,43.0,43.0,43.0,43.0,43.0,43.0,0,0.0
44,360,44.0,44.0,44.0,44.0,0.0,44.0,44.0,44.0,44.0,44.0,44.0,44.0,44.0,0,0.0
45,184280,45.0,45.0,45.0,45.0,0.0,45.0,45.0,45.0,45.0,45.0,45.0,45.0,45.0,0,0.0
46,2420,46.0,46.0,46.0,46.0,0.0,46.0,46.0,46.0,46.0,46.0,46.0,46.0,46.0,0,0.0
47,440,47.0,47.0,47.0,47.0,0.0,47.0,47.0,47.0,47.0,47.0,47.0,47.0,47.0,0,0.0
48,360,48.0,48.0,48.0,48.0,0.0,48.0,48.0,48.0,48.0,48.0,48.0,48.0,48.0,0,0.0
49,360,49.0,49.0,49.0,49.0,0.0,49.0,49.0,49.0,49.0,49.0,49.0,49.0,49.0,0,0.0
50,228960,50.0,50.0,50.0,50.0,0.0,50.0,50.0,50.0,50.0,50.0,50.0,50.0,50.0,0,0.0
51,140,51.0,51.0,51.0,51.0,0.0,51.0,51.0,51.0,51.0,51.0,51.0,51.0,51.0,0,0.0
52,160,52.0,52.0,52.0,52.0,0.0,52.0,52.0,52.0,52.0,52.0,52.0,52.0,52.0,0,0.0
53,280,53.0,53.0,53.0,53.0,0.0,53.0,53.0,53.0,53.0,53.0,53.0,53.0,53.0,0,0.0
54,200,54.0,54.0,54.0,54.0,0.0,54.0,54.0,54.0,54.0,54.0,54.0,54.0,54.0,0,0.0
55,8560,55.0,55.0,55.0,55.0,0.0,55.0,55.0,55.0,55.0,55.0,55.0,55.0,55.0,0,0.0
56,240,56.0,56.0,56.0,56.0,0.0,56.0,56.0,56.0,56.0,56.0,56.0,56.0,56.0,0,0.0
57,60,57.0,57.0,57.0,57.0,0.0,57.0,57.0,57.0,57.0,57.0,57.0,57.0,57.0,0,0.0
58,180,58.0,58.0,58.0,58.0,0.0,58.0,58.0,58.0,58.0,58.0,58.0,58.0,58.0,0,0.0
59,80,59.0,59.0,59.0,59.0,0.0,59.0,59.0,59.0,59.0,59.0,59.0,59.0,59.0,0,0.0
60,16320,60.0,60.0,60.0,60.0,0.0,60.0,60.0,60.0,60.0,60.0,60.0,60.0,60.0,0,0.0
65,340,65.0,65.0,65.0,65.0,0.0,65.0,65.0,65.0,65.0,65.0,65.0,65.0,65.0,0,0.0
70,11220,70.0,70.0,70.0,70.0,0.0,70.0,70.0,70.0,70.0,70.0,70.0,70.0,70.0,0,0.0
80,4140,80.0,80.0,80.0,80.0,0.0,80.0,80.0,80.0,80.0,80.0,80.0,80.0,80.0,0,0.0
