segment_id,observed_n,lag1_pairs,lag1_acf,lag3_pairs,lag3_acf,lag6_pairs,lag6_acf,lag12_pairs,lag12_acf,lag24_pairs,lag24_acf
0,359,357,0.2995655192728499,355,-0.02166920602674785,352,-0.0218579234972678,346,-0.022245394508168266,334,-0.02306306306306307
1,359,357,0.6158157517053833,355,0.2655339059848466,352,0.04252845712258038,346,-0.5065934762148647,334,0.5788464424398927
2,359,357,0.2995655192728499,355,-0.02166920602674785,352,-0.0218579234972678,346,-0.022245394508168266,334,-0.02306306306306307
3,359,357,-0.03672026969963377,355,-0.03693478533331485,352,0.04928016746335852,346,0.12041761267139837,334,0.2351205329734113
4,359,357,0.1516449427969715,355,-0.04930363711836011,352,-0.049744741383667704,346,-0.04903496218048301,334,0.29252695755921676
5,359,357,0.22943074882970357,355,0.03216940123507201,352,-0.08188637130236887,346,-0.03814124328058878,334,0.16225137707373324
6,359,357,0.2995655192728499,355,-0.02166920602674785,352,-0.0218579234972678,346,-0.022245394508168266,334,-0.02306306306306307
7,359,357,-0.004621641607098847,355,-0.004647800041313801,352,-0.004687597658284589,346,-0.0047692731627700154,334,-0.0038521750109994646
8,359,357,0.5517439365074581,355,-0.09407577009681618,352,-0.012776444862019214,346,-0.21481146394756978,334,0.6976120529531034
9,359,357,0.5269685980712534,355,0.08204377806286088,352,-0.06800436910878269,346,-0.03735800195605768,334,-0.010908871992501247
10,359,357,0.2995655192728499,355,-0.02166920602674785,352,-0.0218579234972678,346,-0.022245394508168266,334,-0.02306306306306307
11,359,357,0.49198658050570776,355,0.2627794669734941,352,0.011961625056270828,346,-0.26591456153871756,334,0.3806453695164066
12,359,357,0.35311580434026657,355,0.06827262771322805,352,-0.04694163358824535,346,-0.1384875779993423,334,0.3944015605795498
13,359,357,0.34838521891083657,355,0.2121976370453329,352,0.07542311170359989,346,-0.21009265607190866,334,0.20628853488220183
14,359,357,0.5229804161566707,355,0.0856711884581444,352,-0.06793683665544943,346,-0.036647369349939514,334,-0.009437362635387416
15,359,357,-0.004621641607098847,355,-0.004647800041313801,352,-0.004687597658284589,346,-0.0047692731627700154,334,-0.0038521750109994646
16,359,357,0.5518135789390345,355,-0.09420254096711593,352,-0.01279383901335979,346,-0.21511096094577953,334,0.702217649200729
17,359,357,0.6870100996503982,355,0.29168083757476115,352,0.08343431364746993,346,-0.5983862010530057,334,0.7349951056812455
18,359,357,0.7923362202237416,355,0.4274081625065104,352,0.029699743687128233,346,-0.7736394019822396,334,0.82051042006065
19,359,357,0.5895682806945498,355,0.14064233803114273,352,-0.019228635283373898,346,-0.30434795637655915,334,0.6136878765498817
20,359,357,0.5494126883005598,355,-0.045572650591467305,352,0.09408944404299022,346,-0.21570675074643567,334,0.39342647743771075
21,359,357,-0.013530103841628718,355,-0.013607367013067202,352,-0.013724930596995605,346,-0.013966259207434576,334,-0.014475304419209228
22,359,357,0.5542563536005986,355,-0.04979000329687654,352,0.09027856728548808,346,-0.2154997247382965,334,0.3909911733071494
23,359,357,0.5040806815225889,355,0.05606727564184127,352,-0.046191626522195654,346,-0.08616703669979603,334,0.36207738761403707
24,359,357,0.5126016986310254,355,0.2343463088492474,352,0.044229620963656215,346,-0.3525048374028683,334,0.5307794292469671
25,359,357,0.7092361255129025,355,0.2763875169711842,352,-0.03189606058753704,346,-0.6326714647846022,334,0.7588048240238019
26,359,357,0.5913801552987815,355,0.09809126810004394,352,-0.008894849503819439,346,-0.2911819278315483,334,0.6219752830093808
27,359,357,0.7337631011206134,355,0.30587514352688433,352,-0.053524316077835914,346,-0.49829167471127717,334,0.8171993071008592
28,359,357,0.54097244732577,355,0.06619565217391267,352,-0.06169454346037825,346,-0.028594612810779105,334,-0.0016482009020691631
29,359,357,0.5568432342251084,355,-0.0516610436764928,352,0.08942657657527642,346,-0.21553050097221954,334,0.39377195661594694
30,359,357,0.20024160343008743,355,-0.01853225033653529,352,-0.01869314814708261,346,-0.01902347340870905,334,-0.019720429976995812
31,359,357,0.387531201880283,355,0.04443658801580569,352,0.043536457822439485,346,0.04171075519130948,334,0.20647624566374956
32,359,357,0.5490001762750928,355,-0.05444073773732457,352,0.10452221819690043,346,-0.21533121356055318,334,0.417441196879039
33,359,357,0.7287580868682054,355,0.31241349408871305,352,-0.05971018371946749,346,-0.5050538327001589,334,0.817815528769391
34,359,357,0.7302583777297188,355,0.3111567959555049,352,-0.061649497081102,346,-0.5016701132839534,334,0.819581407348767
35,359,357,0.6076640068058766,355,0.21114061246209548,352,0.0012787853444236148,346,-0.4894453456700945,334,0.5619938821161077
36,359,357,0.734278409090909,355,0.33161272699211436,352,-0.020031646313476585,346,-0.4469797760967245,334,0.7676727963855682
37,359,357,0.5341796623091501,355,-0.06283131191583062,352,0.10845221123093621,346,-0.2113090053152749,334,0.42868070257759616
38,359,357,0.5341796623091501,355,-0.06283131191583062,352,0.10845221123093621,346,-0.2113090053152749,334,0.42868070257759616
39,359,357,-0.013530103841628718,355,-0.013607367013067202,352,-0.013724930596995605,346,-0.013966259207434576,334,-0.014475304419209228
40,359,357,0.5775336259158851,355,0.3247869626530733,352,-0.009778689385268612,346,-0.4895396557971361,334,0.590750133680215
41,359,357,0.7363337840448134,355,0.32558190902494744,352,-0.017853216456853498,346,-0.4425263027121955,334,0.7633323670451009
42,359,357,0.5317366147898542,355,-0.062278633879623284,352,0.10705317218289656,346,-0.21127723519002656,334,0.42489172899974254
43,359,357,0.7170394100482452,355,0.13707258520274213,352,0.06094799712943908,346,-0.4869048077498793,334,0.7805269109852738
44,359,357,0.5317366147898542,355,-0.062278633879623284,352,0.10705317218289656,346,-0.21127723519002656,334,0.42489172899974254
45,359,357,,355,,352,,346,,334,
46,359,357,-0.013530103841628718,355,-0.013607367013067202,352,-0.013724930596995605,346,-0.013966259207434576,334,-0.014475304419209228
47,359,357,0.5017997382198968,355,0.03613055873397568,352,-0.0269485251059153,346,-0.29202337408617157,334,0.599623434958777
48,359,357,0.5017997382198968,355,0.03613055873397568,352,-0.0269485251059153,346,-0.29202337408617157,334,0.599623434958777
49,359,357,0.20149360195182878,355,0.22095213563415125,352,0.02269745841139276,346,-0.16370111368248938,334,0.20865917240657922
50,359,357,0.20149360195182878,355,0.22095213563415125,352,0.02269745841139276,346,-0.16370111368248938,334,0.20865917240657922
51,359,357,0.7357503530405823,355,0.3112702749249781,352,-0.016670075706038717,346,-0.6606485891374116,334,0.76081442235636
52,359,357,0.7357503530405823,355,0.3112702749249781,352,-0.016670075706038717,346,-0.6606485891374116,334,0.76081442235636
53,359,357,0.5191845929707549,355,0.172724035721756,352,0.007577902098202675,346,-0.33634492799166704,334,0.5733774098695287
54,359,357,0.5306112145359185,355,-0.06162171991832548,352,0.10452394850729174,346,-0.21206666264012525,334,0.42473085717955367
55,359,357,-0.005633802816901404,355,-0.005665722379603393,352,-0.005714285714285712,346,-0.005813953488372101,334,-0.004253278680754704
56,359,357,,355,,352,,346,,334,
57,359,357,0.5079307068196774,355,0.04829237029929046,352,-0.03527993065984016,346,-0.09260353486736003,334,0.372509788200952
58,359,357,0.7383539618681684,355,0.3143130863595839,352,-0.01825357326470296,346,-0.6613124020781509,334,0.7599655479669907
59,359,357,0.740494579271216,355,0.3055126787414061,352,-0.07670073771728304,346,-0.5052698288506148,334,0.8233382239511361
60,359,357,-0.005067567567567557,355,-0.005096262740656855,352,-0.005139920045688171,346,-0.005229517722254495,334,-0.004033799629424792
61,359,357,,355,,352,,346,,334,
62,359,357,0.29891667954521917,355,-0.015810472467347333,352,0.10164529751100587,346,-0.27019153161904425,334,0.4644629033480916
63,359,357,0.7314184158209486,355,0.2803291974666592,352,-0.02681745391549083,346,-0.6505432555791121,334,0.8027572244456886
64,359,357,0.5079307068196774,355,0.04829237029929046,352,-0.03527993065984016,346,-0.09260353486736003,334,0.372509788200952
65,359,357,0.5277514119440793,355,-0.06764801268422767,352,0.10190481738218679,346,-0.21269167125570027,334,0.43014905141102217
66,359,357,0.0636505595558255,355,0.022138128424996184,352,0.13956129410901646,346,0.016989660415913717,334,0.20511314573557535
67,359,357,0.5253474009264028,355,0.054201272786106834,352,-0.06122182435594622,346,-0.02834128612257356,334,-0.0016333723115304255
68,359,357,0.47956783734205183,355,0.2014498942077164,352,0.07049768978010985,346,-0.32995170112370265,334,0.5315067662192436
69,359,357,0.32925897716738284,355,-0.0030833943330918893,352,0.07724522812811714,346,-0.2633376434090614,334,0.5127466850850947
70,359,357,0.7285523095492639,355,0.30936280655292986,352,-0.02207611383325835,346,-0.667347961908374,334,0.7587711578643306
71,359,357,0.2552888127212454,355,-0.01560402921605472,352,-0.015739111228277817,346,-0.016016415194205363,334,-0.016601408376609204
72,359,357,0.8082032326702804,355,0.4318082379190984,352,0.04045870283304692,346,-0.7753181602585746,334,0.8315576357232652
73,359,357,0.7314551110182538,355,0.2956366536480893,352,-0.07977867169592874,346,-0.4886101499074573,334,0.8282816636081792
74,359,357,0.7329226519803704,355,0.2943968766787764,352,-0.08168887142018663,346,-0.485286077387448,334,0.8291764005138864
75,359,357,0.7106583339718439,355,0.330748104641884,352,0.05798204764994613,346,-0.6454992970125618,334,0.7256878207173815
76,359,357,,355,,352,,346,,334,
77,359,357,-0.005067567567567557,355,-0.005096262740656855,352,-0.005139920045688171,346,-0.005229517722254495,334,-0.004033799629424792
78,359,357,-0.005067567567567557,355,-0.005096262740656855,352,-0.005139920045688171,346,-0.005229517722254495,334,-0.004033799629424792
79,359,357,0.3892686734051212,355,-0.007618296628850284,352,0.07059567372309772,346,-0.28435684110971865,334,0.5448754174858788
80,359,357,0.5124028550251103,355,0.1691486326985184,352,0.0417675415157829,346,-0.3234625857808445,334,0.5266893969517821
81,359,357,0.5350149785090961,355,0.05809839931867309,352,-0.05871076492557871,346,-0.05216366959744825,334,0.0017934501152704395
82,359,357,0.38518446024419756,355,-0.006891735361789957,352,0.07447068535532161,346,-0.28828520108476097,334,0.5529754585241125
83,359,357,0.8188054673584432,355,0.4391447540002566,352,0.0333511909315276,346,-0.793708922877061,334,0.8512290017872308
84,359,357,0.7370156576265932,355,0.28170130726310855,352,-0.08405235622044488,346,-0.48037125822799154,334,0.8331973342050525
85,359,357,0.5185018674782126,355,-0.06926314598231968,352,-0.07104363347465915,346,-0.22029384049030512,334,0.6916915135018231
86,359,357,0.7167213673865951,355,0.11467657580388245,352,0.08178689365372047,346,-0.4919324250954742,334,0.7954894803680733
87,359,357,-0.005067567567567557,355,-0.005096262740656855,352,-0.005139920045688171,346,-0.005229517722254495,334,-0.004033799629424792
88,359,357,0.7370156576265932,355,0.28170130726310855,352,-0.08405235622044488,346,-0.48037125822799154,334,0.8331973342050525
89,359,357,0.35153089574170826,355,0.056700897195791904,352,-0.02814302018618357,346,-0.01376158206951922,334,0.34295695194295994
90,359,357,0.7213000246528062,355,0.34940540725156993,352,-0.005260364346864368,346,-0.4109354289761787,334,0.7553716488650695
91,359,357,0.6876998831780319,355,0.20123435296226275,352,0.06071020926904305,346,-0.5469857926308918,334,0.65885817880823
92,359,357,0.7593648722785442,355,0.30749102577159215,352,0.014508348200356352,346,-0.6480125793153552,334,0.766614995565511
93,359,357,-0.0074563106796116056,355,-0.007498633061681463,352,-0.0075630252100840475,346,-0.007695185165393049,334,-0.006466277436373693
94,359,357,0.7421696271845164,355,0.3086997039282854,352,-0.021518823412777752,346,-0.6722198209550284,334,0.7667815038571227
95,359,357,0.5208588485782241,355,-0.07726145777546894,352,0.08346684991382612,346,-0.21206344026465856,334,0.4204045071860299
96,359,357,-0.005067567567567557,355,-0.005096262740656855,352,-0.005139920045688171,346,-0.005229517722254495,334,-0.004033799629424792
97,359,357,-0.002808988764044933,355,-0.0028248587570621504,352,-0.002849002849002855,346,-0.002898550724637692,334,-0.0030030030030030004
98,359,357,0.7287392600385767,355,0.3375225076239015,352,-0.003034209094504331,346,-0.41993976619478274,334,0.7744674040649856
99,359,357,0.7287392600385767,355,0.3375225076239015,352,-0.003034209094504331,346,-0.41993976619478274,334,0.7744674040649856
100,359,357,0.6839691769877071,355,0.2128437276596532,352,0.05429121129991333,346,-0.5495795815532022,334,0.6517925992246697
101,359,357,0.7358191299754623,355,0.30888312484015973,352,-0.024255928752598566,346,-0.6663177624283275,334,0.758852193144749
102,359,357,0.7369553725134427,355,0.30763609550027127,352,-0.02442918859644199,346,-0.6653997900192414,334,0.7588954134287504
103,358,355,0.6871057883750542,351,0.3952973795461853,345,0.0262731182823015,333,-0.5956385462161659,309,0.7324267189913193
104,359,357,0.16411410584632707,355,0.08709171618696102,352,0.05085695795007187,346,-0.2175272426164842,334,0.32403235275273007
105,359,357,0.7370879978555334,355,0.3049995703953364,352,-0.023591987131520588,346,-0.6657852006687125,334,0.7599531495719543
106,359,357,0.6540363577298587,355,0.1358940403207442,352,0.014529106447079962,346,-0.2797158624493854,334,0.6640459958007338
107,359,357,0.4001729720729963,355,-0.03480756844761047,352,0.07266260865530143,346,-0.2782221354298342,334,0.5473364355736818
108,359,357,0.688266704122399,355,0.22368930716215438,352,0.05472046682208531,346,-0.5551299457654019,334,0.6555652219835291
109,359,357,0.7338134398330617,355,0.3682193051243768,352,0.053486699288776245,346,-0.6313547507174313,334,0.7093275707502897
110,359,357,0.529869944261825,355,0.048482172198488056,352,-0.0614385045024507,346,-0.05512534319100356,334,-0.004024846502575085
111,359,357,0.68398902362895,355,0.38544244713321757,352,0.02096492395479563,346,-0.6254783863439413,334,0.7218211049790981
112,359,357,-0.002808988764044933,355,-0.0028248587570621504,352,-0.002849002849002855,346,-0.002898550724637692,334,-0.0030030030030030004
113,359,357,0.5428346530698566,355,0.22410545553716213,352,0.03571701571452847,346,-0.3384507738525189,334,0.5585007357259061
114,359,357,0.5143584668914265,355,0.23246235525514772,352,0.07057857968815547,346,-0.3283152384490001,334,0.518987166083189
115,359,357,0.5086678239169553,355,-0.06382004239838786,352,0.07640615419107767,346,-0.21128619979454955,334,0.4021787484427934
116,359,357,0.6865821739457716,355,0.2238901708760473,352,0.055168080937776684,346,-0.5546138658260856,334,0.6561202826430481
117,359,357,0.7475820918767665,355,0.2919604321516549,352,-0.024497096237640747,346,-0.638779454371795,334,0.8176799904032126
118,359,357,0.7257699712366021,355,0.10800108114118535,352,0.06985672564993674,346,-0.4889351326798896,334,0.8002051776992944
119,359,357,0.7246008421440221,355,0.10637728504186748,352,0.06434409297148456,346,-0.4840351379854198,334,0.7908084651644294
120,359,357,0.6850677199072465,355,0.22220276544105208,352,0.05241668237389681,346,-0.5552953259646151,334,0.6556980693632717
121,359,357,0.8204315240440385,355,0.42988519296435684,352,0.04135188249292007,346,-0.7730078013959437,334,0.841418401236548
122,359,357,0.7341213485194158,355,0.38326585061914686,352,0.049710793418041826,346,-0.627257322281095,334,0.6882884874930068
123,359,357,0.6866769048884245,355,0.222034013373895,352,0.05205452984606375,346,-0.5555116351626783,334,0.6566857740882502
124,359,357,0.75124567410002,355,0.29149203402075424,352,-0.012283299171186592,346,-0.6331973757158671,334,0.8130230652393926
125,359,357,0.646674433269562,355,0.11561103120397558,352,0.03723647439300565,346,-0.29515327329824986,334,0.6282960061215037
126,359,357,0.4631187725249091,355,-0.08710918637155204,352,-0.08312040773592864,346,-0.12114702362040998,334,0.5099498748712261
127,359,357,0.26991716095406876,355,0.1266584509404693,352,-0.040674259215592354,346,-0.16315560421632333,334,0.23654160517381706
128,359,357,0.5585229434324301,355,0.2020272735926892,352,-0.07661760574650045,346,-0.269977661148947,334,0.5665103391323788
129,359,357,0.8138357827743888,355,0.43211677166985374,352,0.04446626541475514,346,-0.7618691179115828,334,0.8261736586375467
130,359,357,0.3203661729288209,355,-0.0005845753106160748,352,-0.04625796156345877,346,-0.12457358813176714,334,0.4555554551140014
131,359,357,-0.002808988764044933,355,-0.0028248587570621504,352,-0.002849002849002855,346,-0.002898550724637692,334,-0.0030030030030030004
132,359,357,0.6341925875010321,355,0.2115424787559526,352,-0.001035033144741422,346,-0.5117113735739388,334,0.5486991681973145
133,359,357,0.6362546694818908,355,0.10682424945688654,352,0.01534253301783619,346,-0.28061730417001823,334,0.6349802491978978
134,359,357,0.6345364705268013,355,0.1037711039814864,352,0.01653502906913123,346,-0.28084028226450425,334,0.6339735705298006
135,359,357,0.7184139089950476,355,0.10510243655503859,352,0.07321537237560313,346,-0.48064599238425826,334,0.7812692213967912
136,359,357,0.750141868143595,355,0.2948261717752745,352,-0.011404733291440488,346,-0.6337620676311146,334,0.8138923460957777
137,359,357,0.6842852920785317,355,0.2195085055442674,352,0.04847758726663138,346,-0.5502508003905283,334,0.6583297892747478
138,359,357,0.8133297678547448,355,0.42823219709723587,352,0.04506189446601996,346,-0.7607756815327632,334,0.8268036531573949
139,359,357,0.5314079678044827,355,0.23403043992031133,352,0.054452814158615255,346,-0.34985837442759293,334,0.491200442999913
140,359,357,0.532658722806744,355,0.23362187912317883,352,0.053481401797813584,346,-0.34923905031034425,334,0.4884749579717394
141,359,357,0.012890763092773065,355,0.010319425922397906,352,-0.0014417254570268036,346,-0.05733610416467373,334,0.12330496110906836
142,359,357,0.5535706310571212,355,0.06299840510366815,352,-0.057128933918108984,346,-0.050825626776368434,334,-0.02244165833978147
143,359,357,0.7248354266038051,355,0.13918210106654916,352,0.05955540394291906,346,-0.4946858248012164,334,0.7746108195818207
144,359,357,0.6146235510731747,355,0.09926720415258285,352,0.020213348027817435,346,-0.2763706570408845,334,0.630979458774139
145,359,357,0.5209261992619928,355,0.23998302461336304,352,0.04619179228604559,346,-0.332792047932368,334,0.5022748270235902
146,359,357,0.5222240246573121,355,0.24021214832804544,352,0.043498248075873776,346,-0.3324947530069464,334,0.4999032041289385
147,359,357,0.6840927916525105,355,0.2199878316448559,352,0.04774202879495672,346,-0.5508380320609321,334,0.6554501877991419
148,359,357,0.67095306253616,355,0.3937298278147962,352,0.008238474804703211,346,-0.6402514967996751,334,0.7585677120989779
149,359,357,0.19251984590240448,355,-0.021192908301045022,352,-0.021377390892402474,346,-0.02175616223708795,334,0.1404498135937579
150,359,357,0.19251984590240448,355,-0.021192908301045022,352,-0.021377390892402474,346,-0.02175616223708795,334,0.1404498135937579
151,359,357,0.29332497533254115,355,0.0034744219147827687,352,-0.04591486510735122,346,-0.12977808103541225,334,0.45774199633740337
152,359,357,0.678186485841863,355,0.22861897333992054,352,0.04092798019190476,346,-0.5497485683088797,334,0.6478644752510798
153,359,357,0.724237003531145,355,0.13763383311848615,352,0.05831345664181169,346,-0.4936802758500953,334,0.7752980691111562
154,359,357,0.7314772501888442,355,0.2954813711716913,352,-0.05798703449479927,346,-0.4698355489811557,334,0.8429230711818652
155,359,357,0.7040747451063979,355,0.27584073559340805,352,-0.003477145634409887,346,-0.3994316558741462,334,0.7606092890775684
156,359,357,0.6576958546119205,355,0.38614868062405183,352,0.00426357071600203,346,-0.6318184054303724,334,0.7539581642837396
157,359,357,0.7112749496564768,355,0.26721645717033354,352,-0.015067235346933506,346,-0.637049880524668,334,0.7500416741563087
158,359,357,0.7282468566523203,355,0.14011423720010416,352,0.05095792017767675,346,-0.49143197515947795,334,0.7774538309205465
159,359,357,0.21036483851020166,355,-0.016145750279062378,352,-0.016285597098348897,346,-0.016572686575714618,334,-0.017178340869181553
160,359,357,0.7592549718210706,355,0.2998158726183053,352,0.018362418115369684,346,-0.6885885480009954,334,0.7855889751600961
161,359,357,0.7093588503197493,355,0.2932393040424489,352,-0.008412285054029677,346,-0.3812288068690814,334,0.7592590610679399
162,359,357,0.30867122639046474,355,-0.015355230856874314,352,-0.041480075362532925,346,-0.13011910529094614,334,0.46616528501874277
163,359,357,0.500467760796806,355,0.22649049490416348,352,-0.015488750618153723,346,-0.3205787960250853,334,0.5683184893284121
164,359,357,0.6272308534083797,355,0.13009110131810378,352,0.021647682664562275,346,-0.2903676286507139,334,0.642899651278144
165,359,357,0.7190394160518823,355,0.14339682906700446,352,0.03249940907556155,346,-0.48696560576099546,334,0.7505518216962589
166,359,357,0.6381798998318853,355,0.12687659713326288,352,0.021125746474619636,346,-0.28581233088671504,334,0.6367347741336812
167,359,357,0.7168124235551485,355,0.13758053432109027,352,0.030523054317709224,346,-0.49331897438600963,334,0.7549558765913533
168,359,357,0.7292752178577063,355,0.2739130783092278,352,-0.01119200519436955,346,-0.6586351044708793,334,0.7637438756741377
169,359,357,0.32746607156019353,355,0.11573186782315913,352,-0.047987790020742174,346,-0.17060314202932106,334,0.31417155036940014
170,359,357,0.4207102054807992,355,-0.021041933831002252,352,0.06351197584790719,346,-0.32136590615279975,334,0.5667354298319043
171,359,357,0.6611417482169926,355,0.2031735282724661,352,0.04912173729444337,346,-0.5395513639223981,334,0.6502248660794998
172,359,357,0.5359636134342604,355,-0.058748628908143447,352,0.11540251525669677,346,-0.22015814814122553,334,0.39055312783136914
173,359,357,0.7159358269271542,355,0.1376441702742044,352,0.03193084465965483,346,-0.5079442973120523,334,0.7568342761982031
174,359,357,0.7721619918593297,355,0.3302921324925561,352,0.015063839139064936,346,-0.6825374025304262,334,0.766726322890243
175,359,357,0.7309240889464079,355,0.2920743124762085,352,-0.0032481297003863216,346,-0.6716720552191737,334,0.7671057906048706
176,359,357,0.770735392309085,355,0.33213568304436125,352,0.014650616619040708,346,-0.682537402530426,334,0.7669443385053077
177,359,357,0.4148902959214665,355,-0.020613707779712467,352,0.07161783920990261,346,-0.3161553767683627,334,0.5628725119611732
178,359,357,0.8152654264875798,355,0.4171530045575502,352,0.03880799553890786,346,-0.7603484512341357,334,0.83161651112189
179,359,357,0.7314558606124322,355,0.2921210160965732,352,-0.00408969354545391,346,-0.6695873969376277,334,0.7671261059604926
180,359,357,0.41947901633253815,355,-0.013911921872120921,352,0.07488935459662033,346,-0.3113316141923846,334,0.5656194310726868
181,359,357,0.7333908860089793,355,0.29101099125590824,352,-0.0021345121531375698,346,-0.6695873969376276,334,0.7677192396675899
182,359,357,0.7657622867277621,355,0.3449063509313935,352,-0.019551220706573804,346,-0.6583459792105191,334,0.822872363685418
183,359,357,0.7147769904126704,355,0.3022614410141603,352,-0.006262273405532617,346,-0.372283508439675,334,0.7542298660324964
184,359,357,0.6430835590330022,355,0.10218287376914448,352,0.011232891734253653,346,-0.27040646211695246,334,0.6489777511824444
185,359,357,-0.0054159445407278945,355,-0.005446623093681921,352,-0.005493298176224998,346,-0.005589090096132328,334,-0.004170199801319164
186,359,357,-0.0028089887640449325,355,-0.0028248587570621412,352,-0.002849002849002894,346,-0.0028985507246376786,334,-0.0030030030030030012
187,359,357,0.5602482791354333,355,0.2506261019473397,352,0.01709003434850487,346,-0.4628656862661946,334,0.5887262613610341
188,359,357,0.7358963668364877,355,0.34560969080228804,352,0.06731999569064878,346,-0.6326784357573232,334,0.7309442374108592
189,359,357,0.7292865707821197,355,0.3442813814928289,352,0.06753370346939869,346,-0.6405925180276786,334,0.7313328771985173
190,359,357,0.7155500538872087,355,0.12986536989998573,352,0.05570920239062749,346,-0.5063347130834676,334,0.749319166797011
191,359,357,0.7352607210318632,355,0.293981335213762,352,0.002344953453812524,346,-0.6726553189236816,334,0.7669776914648907
192,359,357,0.5506534478672027,355,-0.03864813816544802,352,-0.06299523259993403,346,-0.23280949774044848,334,0.6197181779470718
193,359,357,0.4043793445008374,355,0.009499576733372385,352,0.0584557573712034,346,-0.3046464874851548,334,0.5536378831321763
194,359,357,0.5275757104234334,355,-0.054731267476391135,352,0.11151764168955042,346,-0.21645241289058495,334,0.3563742021017678
195,359,357,0.7133396363958769,355,0.1327821521230874,352,0.048563219640496584,346,-0.5044078834090342,334,0.7448141538575089
196,359,357,0.4109963984187043,355,0.0023844747310917793,352,0.05354106278720901,346,-0.3063674274397646,334,0.5611276442176705
197,359,357,0.4109963984187043,355,0.0023844747310917793,352,0.05354106278720901,346,-0.3063674274397646,334,0.5611276442176705
198,359,357,0.5652992096349266,355,0.06710019375097422,352,-0.05195038648211402,346,-0.04547610041959786,334,-0.04567458958677726
199,359,357,0.6230113096054248,355,0.07138227787206204,352,0.025139686723487955,346,-0.26040771311380884,334,0.6368383633807897
200,359,357,0.7095741355879802,355,0.3011201330744915,352,-0.009585311947680943,346,-0.3628159554010812,334,0.7595626242979662
201,359,357,0.7598653470932195,355,0.3121354038293532,352,-0.017483146647571692,346,-0.6478249842353054,334,0.8337227920840969
202,359,357,0.7097076404721424,355,0.13295048678537166,352,0.044672633971582595,346,-0.5017686580408173,334,0.7396719953640248
203,359,357,0.7583376881240823,355,0.32259526330153626,352,-0.050413710754835375,346,-0.484949239306182,334,0.854831045781964
204,359,357,0.6854804227462595,355,0.17910787330948683,352,0.049608711881454555,346,-0.5521919747731016,334,0.6788796219605917
205,359,357,0.610816570274879,355,0.06304867865766987,352,0.020562418644471298,346,-0.2675472073555176,334,0.6262900811792589
206,359,357,0.5383671509611787,355,0.212540927161812,352,0.08794828764994699,346,-0.30645617675721226,334,0.5482857913984667
207,359,357,0.5383671509611787,355,0.212540927161812,352,0.08794828764994699,346,-0.30645617675721226,334,0.5482857913984667
208,359,357,0.6818513092322573,355,0.17000568703101887,352,0.05567486467310141,346,-0.5485074795646024,334,0.6813886113381211
209,359,357,0.5075969612155123,355,0.11452329897043217,352,-0.04674228540786146,346,-0.09179788653129717,334,0.2093733405446511
210,359,357,0.7380706136015656,355,0.3606720968383962,352,0.06590040106534484,346,-0.6363843947050782,334,0.7189847699073784
211,359,357,0.8081152948367486,355,0.42914279598754695,352,0.04080845614398515,346,-0.7560568306956278,334,0.8126982688549944
212,359,357,0.23105601882287757,355,-0.016085814208410827,352,-0.016225133600680886,346,-0.01651113988480601,334,-0.017114507067023336
213,359,357,0.5269335755978006,355,-0.05931941829568355,352,0.10989407723180428,346,-0.2155029085381387,334,0.366148847258106
214,359,357,0.49137422115193485,355,0.1878893691189805,352,-0.009111844139155816,346,-0.3209488467751819,334,0.5526644130704613
215,359,357,0.46803747340671603,355,0.2019289289843132,352,-0.024921784794340842,346,-0.3214190973210308,334,0.5306310278051354
216,359,357,0.7054936763366991,355,0.14016758529920012,352,0.02079685020548941,346,-0.5078379235279502,334,0.7358205021700694
217,359,357,0.7054936763366991,355,0.14016758529920012,352,0.02079685020548941,346,-0.5078379235279502,334,0.7358205021700694
218,359,357,0.7481244953796445,355,0.29629513756149756,352,-0.023273292730074165,346,-0.6120498633898707,334,0.8151744622174251
219,359,357,0.7847380902478013,355,0.36899910562640503,352,0.008678713686730741,346,-0.6829024186552445,334,0.8108467904752035
220,359,357,0.6882489155510395,355,0.16795988133097148,352,0.046699110665956015,346,-0.5586147032852328,334,0.6948367270586155
221,359,357,0.7480430490192357,355,0.30754767450078074,352,-0.0753969642979713,346,-0.4759538282432147,334,0.8542737661217835
222,359,357,0.696649303536848,355,0.30285223232722036,352,0.017158272703464306,346,-0.3583221509329394,334,0.7712598547003167
223,359,357,0.29063388993420214,355,0.10815366526362154,352,-0.00629705420126365,346,-0.1815655997422879,334,0.3259144904997979
224,359,357,0.8128144542171604,355,0.432349691628896,352,0.03686628848340193,346,-0.7515755920143574,334,0.798002648727395
225,359,357,0.6866642167774045,355,0.1729587984991345,352,0.0378183182082036,346,-0.5576657987271011,334,0.6962607020367348
226,359,357,0.7931789732960349,355,0.3700856667042854,352,0.007506335672091552,346,-0.6754520209215774,334,0.7977952140010993
227,359,357,0.6464624174658288,355,0.07453899668686373,352,-0.0026396249248141334,346,-0.2806174341095091,334,0.6344296752371913
228,359,357,-0.0054159445407278945,355,-0.005446623093681921,352,-0.005493298176224998,346,-0.005589090096132328,334,-0.004170199801319164
229,359,357,0.688897482402488,355,0.17409388984333032,352,0.037050359267042976,346,-0.5572975764200042,334,0.69413249026721
230,359,357,0.4519352718452899,355,-0.024644614595689552,352,0.07742811122375956,346,-0.2864921735485924,334,0.5272713515038148
231,359,357,0.6464589272285274,355,0.07606433926743084,352,0.0008277953078431491,346,-0.28107271121276284,334,0.6314305180388501
232,359,357,0.6997614579109581,355,0.12809310593177017,352,0.021319064131115808,346,-0.49959447234181753,334,0.7398412450139422
233,359,357,0.5841270255460166,355,-0.07533359608130186,352,-0.03718981544214739,346,-0.23094097640048356,334,0.7020760314688597
234,359,357,0.6991661325789327,355,0.12847930279500247,352,0.02225331670153439,346,-0.4997954548604991,334,0.7392431203916568
235,359,357,0.5996302133850633,355,0.11601788799674713,352,-0.05768579955081982,346,-0.05172025747823791,334,-0.052120412544912294
236,359,357,0.693720771216272,355,0.171124940866031,352,0.03529401824117855,346,-0.5566651642885931,334,0.6961786144569505
237,359,357,0.693720771216272,355,0.171124940866031,352,0.03529401824117855,346,-0.5566651642885931,334,0.6961786144569505
238,359,357,0.6434653880996051,355,0.05237372512278675,352,0.003623333119234011,346,-0.277036104193634,334,0.6403137149951957
239,359,357,0.7349506076671312,355,0.2856199707623649,352,-0.01647378900939092,346,-0.6079104725329925,334,0.8110083764631679
240,359,357,0.16013011091512092,355,0.17583279091165613,352,-0.05520114957103224,346,-0.14964462890954808,334,0.29250448213289215
241,359,357,0.15785181575597435,355,0.16314715511915073,352,-0.05825749766440896,346,-0.15171009469249946,334,0.28799755776413516
242,359,357,0.6967882806773212,355,0.18083440977517748,352,0.03231328521204627,346,-0.5610012451487687,334,0.6996495985771827
243,359,357,0.7334829838643622,355,0.2728867781547631,352,-0.015093376579296715,346,-0.5996323625102017,334,0.8056708400036089
244,359,357,0.4450958977716058,355,-0.0065227987635597005,352,0.09162950588812802,346,-0.28904501159448676,334,0.5317992703795382
245,359,357,-0.0054159445407278945,355,-0.005446623093681921,352,-0.005493298176224998,346,-0.005589090096132328,334,-0.004170199801319164
246,359,357,0.1339856068569588,355,-0.01040904285598119,352,-0.010498687664042074,346,-0.010682690702720798,334,-0.009917368716091446
247,359,357,0.6871603672094965,355,0.17958624353522173,352,0.0317247039784623,346,-0.5489350684291178,334,0.6900983119449984
248,359,357,,355,,352,,346,,334,
249,359,357,0.5296930189425448,355,-0.04848598023048407,352,0.11929687450441981,346,-0.21546716816326314,334,0.4019305693849961
250,359,357,0.744442093168166,355,0.2819092673406497,352,-0.00593998413040656,346,-0.6925070737070166,334,0.7955457971243257
251,359,357,0.744442093168166,355,0.2819092673406497,352,-0.00593998413040656,346,-0.6925070737070166,334,0.7955457971243257
252,359,357,0.7041775655927389,355,0.1379171279053133,352,0.028878325161825286,346,-0.5140555218154153,334,0.7477535950253505
253,359,357,0.19213223988220365,355,0.13010862522626643,352,-0.038909422072295655,346,-0.1607370410885728,334,0.3006724490077128
254,359,357,0.3008875805321325,355,-0.01700058080722852,352,-0.05701989988697585,346,-0.11437275763962163,334,0.48421606285228136
255,359,357,0.5312181682366289,355,-0.04444108010961816,352,0.121374865710908,346,-0.2158323326818917,334,0.3878310661706679
256,359,357,0.4506885507338818,355,0.013177878346245252,352,0.08157212283858518,346,-0.26202953616102603,334,0.5086308260798623
257,359,357,0.5437698825360583,355,0.31568214474055056,352,-0.06618741398493341,346,-0.4556191145186604,334,0.5980397896870618
258,359,357,0.7692585400452148,355,0.3031867108946829,352,0.002492604058117876,346,-0.7104889059596393,334,0.7896559045871512
259,359,357,0.7004438967276434,355,0.132873958383259,352,0.03954617177254538,346,-0.514516067632156,334,0.748860309533024
260,359,357,0.6105178124951981,355,0.07500779362050701,352,-0.00149399578349328,346,-0.2745601017322709,334,0.5952495818696713
261,359,357,0.7677733837665556,355,0.30924739464086276,352,0.006012588778117132,346,-0.717645525802857,334,0.7954272533283228
262,359,357,0.42964213098813364,355,0.00345685671206345,352,0.06706529597220529,346,-0.2576297179820972,334,0.5129433708723607
263,359,357,0.7989534895080885,355,0.4191879414151685,352,0.03478557448016016,346,-0.7314309984419434,334,0.781641914167793
264,359,357,0.49818612395079537,355,0.18007407590102173,352,-0.04217355174234133,346,-0.28885025195760033,334,0.4609696682974633
265,359,357,0.6893867538997043,355,0.19346973210943122,352,0.0023007475237195726,346,-0.5352782154246172,334,0.6623176573369691
266,359,357,0.6554689262047412,355,0.3545782733938208,352,0.011388025972618851,346,-0.6192808587224938,334,0.7456921304706257
267,359,357,0.7021498925888622,355,0.13394787857944426,352,0.03765052703632919,346,-0.5142479450835903,334,0.7498327066198724
268,359,357,0.733244782506032,355,0.3129976891063806,352,0.02458772582948514,346,-0.39431255843072543,334,0.7904486400173801
269,359,357,-0.0054159445407278945,355,-0.005446623093681921,352,-0.005493298176224998,346,-0.005589090096132328,334,-0.004170199801319164
270,359,357,0.7012918046051371,355,0.1336858926699224,352,0.03808944685260967,346,-0.5136588809700667,334,0.7500227204922292
271,359,357,0.6892083125076222,355,0.19557626365363073,352,0.004034067505832341,346,-0.5353638627513899,334,0.6586632155058794
272,359,357,0.5919868770906593,355,0.08440288687940915,352,0.0006413012912040307,346,-0.2873655167607424,334,0.6465830439723391
273,359,357,0.7636500374807241,355,0.31191985928500426,352,0.00498281276762862,346,-0.7107090067632628,334,0.7859389987700849
274,359,357,0.6619971412481287,355,0.36680006709509766,352,0.007888783076630084,346,-0.6240416789599369,334,0.7516460510282083
275,359,357,0.7301794478780388,355,0.3165600806497426,352,0.027091800844352656,346,-0.39548664673573214,334,0.7896076918661176
276,359,357,0.7352234605342735,355,0.29186279817977445,352,-0.0728238511686944,346,-0.4656647383602865,334,0.8541645495675642
277,359,357,0.7352234605342735,355,0.29186279817977445,352,-0.0728238511686944,346,-0.4656647383602865,334,0.8541645495675642
278,359,357,0.6892846901770957,355,0.18571870357324566,352,0.01536327048553258,346,-0.5356199899736874,334,0.6618295995859307
279,359,357,0.7659846331386687,355,0.311064485638876,352,0.0027240206169703842,346,-0.7096227090714325,334,0.7860931006805698
280,359,357,0.8039136985094558,355,0.4128695779780336,352,0.03386675009288983,346,-0.7359211528609445,334,0.7999794869510537
281,359,357,0.7013477813587079,355,0.13110989736940107,352,0.034868488258062005,346,-0.5021166880763054,334,0.742423957500575
282,359,357,0.5264197829669424,355,0.1868250950305986,352,0.03528212214257032,346,-0.4419408011027866,334,0.6149972504579885
283,359,357,0.5736029727025851,355,0.11410409135721275,352,-0.0614385045024507,346,-0.05512534319100356,334,0.009798555734832298
284,359,357,0.7019320580447477,355,0.13344522169007444,352,0.035985382206742376,346,-0.5026225222225228,334,0.7424173004761703
285,359,357,0.7712110575093851,355,0.3282915431741374,352,0.013665386883523402,346,-0.6436948167115658,334,0.7864905310964684
286,359,357,0.7350443361968362,355,0.3077934968107831,352,0.02078084439180819,346,-0.38594232808392187,334,0.7889530080460001
287,359,357,0.7341531626353509,355,0.3088099626072447,352,0.023116532714571716,346,-0.3902481912129753,334,0.787754624126048
288,359,357,0.05979801841409429,355,-0.052349057813100834,352,0.11221767739640759,346,-0.053783975108242926,334,0.09254762246058204
289,359,357,0.4087911606657153,355,-0.02700201677365411,352,0.07948547453363002,346,-0.24821449932471834,334,0.5460240338973161
290,359,357,0.10459879131779408,355,0.044565462927261164,352,0.07150727139738974,346,-0.009817081909526409,334,0.0004945366351155394
291,359,357,0.5736029727025851,355,0.11410409135721275,352,-0.0614385045024507,346,-0.05512534319100356,334,0.009798555734832298
292,359,357,0.27120054628483586,355,-0.028757262657774934,352,-0.05464547942040703,346,-0.05564581939553455,334,0.18005714408752577
293,359,357,0.5736029727025851,355,0.11410409135721275,352,-0.0614385045024507,346,-0.05512534319100356,334,0.009798555734832298
294,359,357,0.6887674420113703,355,0.19930643405336115,352,0.020724125653824685,346,-0.5368815604790069,334,0.663928819401123
295,359,357,0.5589793493403273,355,-0.03043112304893007,352,-0.0369453044375645,346,-0.24164138808441854,334,0.6303951982283501
296,359,357,0.7096484329464182,355,0.2803359831652478,352,-0.018223013324390528,346,-0.5742819853290113,334,0.7992165660264293
297,359,357,0.7756274826867833,355,0.3441626867683304,352,0.015902598567655326,346,-0.6585433901085339,334,0.7896687903571258
298,359,357,0.5766484389902715,355,0.11589192648197345,352,-0.006079694528807965,346,-0.2955114070668153,334,0.633097848596928
299,359,357,0.5663464295956413,355,-0.033249722557994486,352,-0.03979403579357711,346,-0.2445250180245743,334,0.627269030897883
300,359,357,0.6849663272904024,355,0.19159026641716692,352,0.02643147860086712,346,-0.5468605568033195,334,0.6806929692371161
301,359,357,0.5693121130236808,355,0.12198953011240214,352,-0.0032632917041509617,346,-0.2932153875749721,334,0.6253459834797871
302,359,357,0.6859074300641059,355,0.19513098011743166,352,0.028879489337585666,346,-0.5472629277924759,334,0.6789334049076303
303,359,357,0.7414997220069425,355,0.2927103610432563,352,0.012452007636400178,346,-0.40355883403395393,334,0.7828981300611244
304,359,357,0.7301676435182797,355,0.2918338975347228,352,-0.08196069093251905,346,-0.4649731491976147,334,0.8468901184317399
305,359,357,0.563721320313904,355,-0.04364314928836575,352,-0.021492440253617243,346,-0.24536832667923222,334,0.6188951629675294
306,359,357,0.559698650709944,355,0.12061877038573404,352,0.00010041939100082144,346,-0.28903190724941025,334,0.630081219349166
307,359,357,0.8181769270324374,355,0.4225788465089216,352,0.03587876174197156,346,-0.7630899439719474,334,0.8287425442967609
308,359,357,0.13791657153068024,355,0.003894353187877704,352,-0.04256369442793396,346,-0.04333377778233627,334,0.07421637190374218
309,359,357,0.816945613675922,355,0.42012226672934805,352,0.0346872599353042,346,-0.7620786856730021,334,0.8302364774690297
310,359,357,0.6921974267397969,355,0.20211650965179673,352,0.022471609146461846,346,-0.5398675594296195,334,0.6697226834345182
311,359,357,0.7479602539385011,355,0.2972547925454009,352,-0.014226901151407272,346,-0.6956364172468018,334,0.7911907654070625
312,359,357,0.5800083747083806,355,0.1205644595109627,352,-0.061571469052341704,346,-0.05522910437664,334,0.007846409043635531
313,359,357,0.5860581092801382,355,0.1194526480180745,352,0.00735647388263773,346,-0.30740733727395964,334,0.6310972523693593
314,359,357,0.5784327391946555,355,0.19947230121500364,352,0.0036049026676279743,346,-0.3145502753638327,334,0.5556770496362163
315,359,357,0.6953506993336043,355,0.20431490665315713,352,0.023694499119252335,346,-0.5475589343273153,334,0.6728079944584096
316,359,357,-0.0054159445407278945,355,-0.005446623093681921,352,-0.005493298176224998,346,-0.005589090096132328,334,-0.004170199801319164
317,359,357,0.745033400859326,355,0.29670174475232935,352,-0.011214884753491592,346,-0.6904540052176235,334,0.7894076926382197
318,359,357,0.29441346278926034,355,0.14738036486214437,352,-0.06166269704771807,346,-0.1163161760975948,334,0.2154306442510759
319,359,357,0.6980664918200372,355,0.20023464349906242,352,0.013491945660403556,346,-0.55254490760278,334,0.672675879911268
320,359,357,0.5828605803544119,355,0.10966023622220285,352,0.011244347812021044,346,-0.3223044595193451,334,0.6292814063122265
321,359,357,-0.005633802816901404,355,-0.005665722379603393,352,-0.005714285714285712,346,-0.005813953488372101,334,-0.004253278680754704
322,359,357,0.30976721387127,355,0.0698346135625658,352,-0.08609822772136068,346,-0.20034874696422608,334,0.405280051492676
323,359,357,0.7026598359987849,355,0.10786140457631672,352,0.04096715862424324,346,-0.4882801950600836,334,0.747058410386667
324,359,357,0.2888943491778157,355,0.16109220683352266,352,-0.04537468734237087,346,-0.12704950891589414,334,0.20011699224544743
325,359,357,0.6979569983522192,355,0.19528728159263273,352,0.0121751809592409,346,-0.5514206269219308,334,0.6732891846049452
326,359,357,0.6979569983522192,355,0.19528728159263273,352,0.0121751809592409,346,-0.5514206269219308,334,0.6732891846049452
327,359,357,0.5371646929741589,355,0.24202756355835311,352,0.06489984889929193,346,-0.316513481464613,334,0.518080995065543
328,359,357,0.5371646929741589,355,0.24202756355835311,352,0.06489984889929193,346,-0.316513481464613,334,0.518080995065543
329,359,357,0.5769333273656462,355,0.11794190251043425,352,0.00775037568387643,346,-0.31796888280863367,334,0.6239721373934476
330,359,357,0.7016642261261878,355,0.1060088751090227,352,0.03872953676374026,346,-0.48804066370940974,334,0.7486412033181689
331,359,357,0.7331071970000628,355,0.2780792778356881,352,-0.0681693835230517,346,-0.45976128345351486,334,0.843722516683347
332,359,357,0.7017522182726145,355,0.20413642804966253,352,0.008154269054105412,346,-0.5643086328000704,334,0.6853511325319405
333,359,357,0.16533419787208667,355,0.07056397000952076,352,-0.01577214365082883,346,-0.17405287820491708,334,0.2792789348864955
334,359,357,0.6972808466436187,355,0.10004029685859923,352,0.03706325819148612,346,-0.4753630596522603,334,0.7522358886926731
335,359,357,0.3131818750674645,355,0.01990593656160465,352,0.007952980058595124,346,-0.12099502562381197,334,0.418713322313779
336,359,357,-0.006967980734926864,355,-0.0070075120529207195,352,-0.00706765726950953,346,-0.007191099145122193,334,-0.005278557273633787
337,359,357,0.2627193371613294,355,0.19385943070735587,352,-0.03802978365627591,346,-0.1193060576461181,334,0.1670892525799603
338,359,357,0.7088490118651635,355,0.2063204012980982,352,0.007495214053134501,346,-0.5670711896199203,334,0.6868507921256704
339,359,357,0.7088490118651635,355,0.2063204012980982,352,0.007495214053134501,346,-0.5670711896199203,334,0.6868507921256704
340,359,357,0.5842056462687589,355,0.10981374881696943,352,0.005839437485669843,346,-0.3085994896590275,334,0.6268013932170965
341,359,357,0.7042867425555169,355,0.33390398810023536,352,0.046861551254748855,346,-0.6431824334859692,334,0.7334920827482135
342,359,357,-0.005633802816901404,355,-0.005665722379603393,352,-0.005714285714285712,346,-0.005813953488372101,334,-0.004253278680754704
343,359,357,0.19356931558744858,355,0.0847605676457671,352,-0.019395280188685422,346,-0.17888486803214118,334,0.2549478804258688
344,359,357,0.05218249979304395,355,-0.015673328574827332,352,0.030337948542518128,346,-0.05220335625379512,334,0.02983853253903767
345,359,357,0.5856324523693162,355,0.23002886656253205,352,0.04803531859824881,346,-0.4322832492319922,334,0.6077295936454264
346,359,357,0.5842118909515187,355,0.09861120394634867,352,0.007297261753810368,346,-0.29959667617495184,334,0.6215211040469059
347,359,357,0.2019534779684617,355,0.09266068387495714,352,-0.02384662571046065,346,-0.17677651825832563,334,0.2285171326021687
348,359,357,-0.005633802816901404,355,-0.005665722379603393,352,-0.005714285714285712,346,-0.005813953488372101,334,-0.004253278680754704
349,359,357,0.5806005105955301,355,0.27019966773948295,352,-0.05304861516918573,346,-0.4557652697325018,334,0.5537262433184951
350,345,344,0.18105377749539794,342,0.22134986890685635,339,0.005962265402142047,333,-0.1823987404597561,321,0.20915823864508387
351,345,344,0.1813589505405775,342,0.22154121188675377,339,0.006742192949437555,333,-0.18282276472894987,321,0.21347586244107425
352,345,344,0.7276237640858566,342,0.14062334847851832,339,0.06451768543422347,333,-0.4995799671167678,321,0.7867426259372692
353,345,344,0.5450379898693682,342,-0.10041195076726883,339,0.003909280938227336,333,-0.21633425913488857,321,0.7054481527933028
354,345,344,0.5221503235440517,342,-0.0334229430376057,339,-0.073705047838997,333,-0.21633494743868642,321,0.6514655309302756
355,345,344,0.17039615463965208,342,0.02279418230534394,339,-0.02323978033789924,333,-0.11744585670154573,321,0.3354700484455545
356,345,344,0.7276237640858566,342,0.14062334847851832,339,0.06451768543422347,333,-0.4995799671167678,321,0.7867426259372692
357,345,344,0.7213662054850787,342,0.3473574282708277,339,-0.0011026993381420922,333,-0.42986984993944777,321,0.7453356540279132
358,345,344,0.7213662054850787,342,0.3473574282708277,339,-0.0011026993381420922,333,-0.42986984993944777,321,0.7453356540279132
359,345,344,0.5264343301556369,342,-0.034574221860129144,339,-0.07219755489325466,333,-0.21618498987062887,321,0.655036944009636
360,345,344,0.5862478390546934,342,0.15882859603789792,339,-0.0033032291787663945,333,-0.2997503566333805,321,0.612513700334826
361,345,344,0.5878823108250371,342,0.1568723848749798,339,-0.004472864222383737,333,-0.2994829723422245,321,0.6137582152284432
362,345,344,0.7519284725853095,342,0.32815756699036586,339,-0.00443876983409587,333,-0.6694150801877233,321,0.762683523468694
363,345,344,0.5349124981954257,342,-0.01973400290321318,339,-0.07623817343758758,333,-0.21989927938686799,321,0.6485101700467716
364,345,344,0.5565521529028225,342,0.303496671758969,339,0.013709368416083216,333,-0.47024049177177035,321,0.577282487808979
365,345,344,0.6806369785129619,342,0.21770167763747217,339,0.045922077241742895,333,-0.5560597461953716,321,0.6772548597666918
366,345,344,0.7550312353399767,342,0.3301776156547233,339,-0.003059265810822278,333,-0.6714344595579056,321,0.7612992601722943
367,345,344,-0.00584795321637429,342,-0.005882352941176466,339,-0.0059347181008901915,333,-0.0060422960725075485,321,-0.004426338948728187
368,345,344,0.7530607827486842,342,0.3296488746771617,339,-0.0039727552761935955,333,-0.6695530747239092,321,0.7629648345406704
369,345,344,0.5451026197230102,342,-0.10055621838713473,339,0.003914908071843987,333,-0.21664685105312062,321,0.710386480372134
370,345,344,0.5451026197230102,342,-0.10055621838713473,339,0.003914908071843987,333,-0.21664685105312062,321,0.710386480372134
371,345,344,0.7548115341378515,342,0.3335436803546144,339,-0.00368309734421064,333,-0.6703545135956315,321,0.7621579536626565
372,345,344,0.5900025961152681,342,0.15173811097846912,339,-0.0050454632926007735,333,-0.3102488845990962,321,0.625494805832504
373,345,344,0.750822171477142,342,0.33289835469044404,339,-0.005403119226697468,333,-0.6710341717788217,321,0.7628454887722832
374,345,344,0.7409764594828673,342,0.30500619414211083,339,0.029218347414464697,333,-0.6649873556024276,321,0.7989038520280256
375,345,344,0.7148946302834079,342,0.283395716641525,339,-0.025532417749693267,333,-0.6389437542747409,321,0.7732883460786603
376,345,344,0.7535120797566667,342,0.3405572834977858,339,-0.003787397725473725,333,-0.673799755408601,321,0.7647766489028893
377,345,344,0.6778812513962644,342,0.22530810296235002,339,0.053753947944956526,333,-0.5471674185988228,321,0.6630279733358269
378,345,344,0.7299815126571165,342,0.2986800634649792,339,0.027247859582102647,333,-0.6559526057984274,321,0.7917446109053631
379,345,344,0.6804341878714005,342,0.21949973687913452,339,0.05675618021212447,333,-0.5512252089532436,321,0.6697614316968804
380,345,344,0.7541724296911023,342,0.347859609420547,339,-0.005231723123270442,333,-0.6676530823433293,321,0.757427759414334
381,345,344,0.6751518731734759,342,0.3026780876699606,339,0.07444108128854422,333,-0.6127354151649539,321,0.714948029835001
382,345,344,0.8006022883862077,342,0.4336684989925464,339,0.02869578530653316,333,-0.760637932098538,321,0.8239629919596756
383,345,344,0.7279600498028794,342,0.29682144018331336,339,0.02284891626613393,333,-0.6448440702443257,321,0.7900974685641509
384,345,344,0.7164193742510432,342,0.13286023832447288,339,0.06922886332729204,333,-0.4852249611641885,321,0.7757189802740249
385,345,344,0.7081559104030943,342,0.2825521785144212,339,-0.015943947277677704,333,-0.6221983918683096,321,0.7768719176623394
386,345,344,0.7480909260602847,342,0.34114784407039384,339,-0.00821359327595981,333,-0.6673826308008405,321,0.7606411023501471
387,345,344,0.19968430290429606,342,-0.01925025329280659,339,-0.019423918502044682,333,-0.01978082191780827,321,-0.01884994146740009
388,345,344,0.33066574998827464,342,0.012492283636460122,339,0.08434219786904523,333,-0.2871760656438276,321,0.48686424955675583
389,345,344,0.7390637267461829,342,0.3155469987963316,339,-0.06525511940785889,333,-0.5085593124533639,321,0.8145598224618528
390,345,344,0.6623971661456416,342,0.36982559539169774,339,0.029218085877406885,333,-0.5713480315688098,321,0.6984463885290928
391,345,344,0.7466179886260584,342,0.33881847775749824,339,-0.009795463936061536,333,-0.667531988750534,321,0.7604578730384524
392,345,344,0.7166518325665985,342,0.134867802154407,339,0.07071023533474055,333,-0.4848734367462064,321,0.7756340690440271
393,345,344,0.5043234152821304,342,0.22822224011127543,339,0.030910791847644534,333,-0.333738232752213,321,0.5492975250977529
394,345,344,0.7162504602921382,342,0.1351590929722687,339,0.0710519810990313,333,-0.48460770464981145,321,0.7756918957697726
395,345,344,0.7359936848274532,342,0.32756408203046405,339,-0.009410089989022801,333,-0.4524053280708162,321,0.7520150255471624
396,345,344,0.5387231212353627,342,0.18325791855203638,339,-0.005219275210083944,333,-0.34934512154597874,321,0.5830327023278017
397,345,344,0.5387231212353627,342,0.18325791855203638,339,-0.005219275210083944,333,-0.34934512154597874,321,0.5830327023278017
398,345,344,0.5881038343099764,342,0.3356146040689635,339,-0.007653538125612301,333,-0.4904811511106121,321,0.5937190620171959
399,345,344,0.32851662253218394,342,0.006033688014888828,339,0.08434219786904523,333,-0.2871760656438276,321,0.4661275319732817
400,345,344,0.7341142722694617,342,0.31014820662230586,339,-0.07039652788569144,333,-0.507617823566804,321,0.8166221043377322
401,345,344,0.7452239056739912,342,0.31087800312012526,339,0.021181236398112466,333,-0.6514078034928238,321,0.7751053264184028
402,345,344,0.7341142722694617,342,0.31014820662230586,339,-0.07039652788569144,333,-0.507617823566804,321,0.8166221043377322
403,345,344,0.7147853270510445,342,0.1536360468148591,339,0.0767466502103537,333,-0.498133755804221,321,0.7710634335856953
404,345,344,0.7271727624941605,342,0.32170196471198287,339,-0.013848741333143441,333,-0.44512070872840537,321,0.7442607325095714
405,345,344,0.7240178327931508,342,0.3203004567898099,339,-0.013748585531818135,333,-0.4520148602839478,321,0.7454471222078951
406,345,344,0.7452859917324931,342,0.31145547781349037,339,0.020683031681968306,333,-0.6525589970410381,321,0.7747883609090043
407,345,344,0.5133649493425309,342,0.060665225577016785,339,-0.03091301643922408,333,-0.09303995118274144,321,0.31807396489841233
408,345,344,0.32720955581796796,342,-0.024678087048006798,339,-0.0737396973655311,333,-0.15601141544248778,321,0.5118750527140887
409,345,344,0.745073020153674,342,0.3097442767642539,339,0.021759677425501757,333,-0.6525589970410383,321,0.7738733028407012
410,345,344,0.7211189950801696,342,0.2820618893132277,339,-0.014787305354841915,333,-0.647631550786553,321,0.7916732872057356
411,345,344,0.7242511860350191,342,0.32184793013424773,339,-0.015895463688247076,333,-0.42372376463281924,321,0.7431878531066496
412,345,344,0.7277585301573497,342,0.3204625562398656,339,-0.011990704241318678,333,-0.6558723143343028,321,0.7535619619613166
413,345,344,0.640103891048216,342,0.11351946242265208,339,-0.009181156815844064,333,-0.2788919938734307,321,0.6349290347626355
414,345,344,0.5778467381007157,342,0.3260002258270922,339,-0.015382928619779067,333,-0.4947040865219337,321,0.6216499857944461
415,345,344,0.6341678075493837,342,0.10506703839068465,339,-0.003415685004856502,333,-0.2742498433192874,321,0.6173544765244593
416,345,344,0.7230626098378052,342,0.3232268842565984,339,-0.0029198944517149087,333,-0.42349838498043035,321,0.7419946957078243
417,345,344,0.7252143459363483,342,0.3254061660342939,339,-0.0028035463966180362,333,-0.42775199390468505,321,0.744314042275565
418,345,344,0.18241351278114082,342,-0.056802690175406706,339,0.004861939271626679,333,-0.05842759652238931,321,0.24659696627623454
419,345,344,0.7527326593304481,342,0.3121373534824481,339,0.020384390633970295,333,-0.6547468191164977,321,0.7603674152787456
420,345,344,0.740628087810194,342,0.29214945179238766,339,-0.010429511399443129,333,-0.6562846829881533,321,0.8037917718745383
421,345,344,0.7334279214501395,342,0.30186044168596615,339,-0.07913548855182237,333,-0.4944577740520229,321,0.8231179247670881
422,345,344,0.7329280854084766,342,0.2944895251732584,339,-0.08111411416507205,333,-0.49100619400187234,321,0.82491693693193
423,345,344,0.5011280158993942,342,0.13645926891986643,339,0.020551014480726857,333,-0.31765575609258645,321,0.533144251300954
424,345,344,0.6369088720973828,342,0.11852166525063709,339,0.02879115579101266,333,-0.2671291478783671,321,0.646423310099854
425,345,344,-0.005260081823495034,342,-0.005291005291005286,339,-0.005338078291814956,333,-0.0054347826086956486,321,-0.004197878089121678
426,345,344,0.7307153087856703,342,0.28449476939712487,339,-0.08177734231371449,333,-0.4877618774079161,321,0.8288102058191145
427,345,344,0.6898989906065984,342,0.2210329919068676,339,0.05725844787135916,333,-0.5459614297976099,321,0.6417971960051922
428,345,344,0.6976682200643616,342,0.32552069318120613,339,0.052063006698988105,333,-0.6424052088481427,321,0.7200724765426673
429,345,344,0.6977833843935835,342,0.3259946270947931,339,0.052788581762489156,333,-0.6419404417477133,321,0.721320713397741
430,345,344,0.7139355341201787,342,0.13865954623539742,339,0.08185669918255895,333,-0.4913253377536198,321,0.775921816040622
431,345,344,-0.005260081823495034,342,-0.005291005291005286,339,-0.005338078291814956,333,-0.0054347826086956486,321,-0.004197878089121678
432,345,344,0.6889086351892214,342,0.21762085554636199,339,0.05799820820156203,333,-0.5479201015602448,321,0.650433401920209
433,345,344,0.75925847799382,342,0.321183610847886,339,0.014877326968973696,333,-0.6499915955486161,321,0.7465398859156701
434,345,344,0.7175592839490434,342,0.34815843382329387,339,0.0016895212037615632,333,-0.4089670093754035,321,0.7494829833128244
435,345,344,0.7109460611226105,342,0.3596146424436473,339,0.059518699205856514,333,-0.6427636954447947,321,0.7059029209965808
436,345,344,0.7416944271702868,342,0.32247158500950146,339,-0.009263311708938994,333,-0.669282598887467,321,0.7682993777973466
437,345,344,0.7413999417119537,342,0.32301974625319957,339,-0.009368624692226556,333,-0.6686165026086976,321,0.769483412146111
438,345,344,0.6923123091056251,342,0.22006363728230488,339,0.057627293502269784,333,-0.5507725355922236,321,0.6487060357134683
439,345,344,0.6926841990437326,342,0.22016699122736494,339,0.05874371905331153,333,-0.5503702103922173,321,0.6490461579507142
440,345,344,0.7212224296190392,342,0.12707749453922584,339,0.08455720248105619,333,-0.49356948741035783,321,0.7922930527718532
441,345,344,0.4685030680263092,342,0.043037974683544464,339,-0.0485476062399139,333,-0.04813771997705178,321,0.014472631304662108
442,345,344,0.7453930812738607,342,0.3318570221290187,339,-0.015065060292029553,333,-0.6745132207168366,321,0.7717077638929843
443,345,344,0.6456856533373022,342,0.13517821359509782,339,0.03571402366096841,333,-0.275174141054253,321,0.6690512923516017
444,345,344,0.5178154540931527,342,-0.05864753663965453,339,-0.05567621264432196,333,-0.2161291815823887,321,0.6693968633938338
445,345,344,0.5643570276879063,342,0.2801601130310983,339,0.0006245091194693694,333,-0.465373833609807,321,0.6154047492086777
446,345,344,0.5178154540931527,342,-0.05864753663965453,339,-0.05567621264432196,333,-0.2161291815823887,321,0.6693968633938338
447,345,344,0.5178154540931527,342,-0.05864753663965453,339,-0.05567621264432196,333,-0.2161291815823887,321,0.6693968633938338
448,345,344,0.40761097522054457,342,-0.006630331010237335,339,0.09092937952838721,333,-0.29094372783692346,321,0.5727091302519282
449,345,344,0.6267785706433684,342,0.14328739816259345,339,0.023620839511222395,333,-0.27980900715102336,321,0.6469758368615476
450,345,344,0.7562718714574401,342,0.3019331006775557,339,0.016649396600745502,333,-0.6420230032651968,321,0.7625128813030488
451,345,344,0.6517459173415776,342,0.14757728191237782,339,0.03126245534193752,333,-0.284716506884356,321,0.6682390643934941
452,345,344,0.7364076486364112,342,0.3705191747567593,339,0.055073073574417375,333,-0.636053859084655,321,0.6968893057905488
453,345,344,0.39253324470024353,342,-0.0257817938840741,339,0.07887788668146344,333,-0.282270210182828,321,0.5523401889009153
454,345,344,0.7220644251121965,342,0.12497051937847578,339,0.08417794345344787,333,-0.4936378456021304,321,0.7957075312292927
455,345,344,0.6973393866605853,342,0.2392468317526037,339,0.05682807753160869,333,-0.5626844449512858,321,0.6526773296941116
456,345,344,0.6531560433543043,342,0.15016484037048,339,0.03296745946077075,333,-0.28471712067664695,321,0.6623839502747085
457,345,344,0.39181829356598424,342,-0.024456070240632906,339,0.07726821789435567,333,-0.2808770172452761,321,0.5546068608418868
458,345,344,0.7464218065205775,342,0.3266582407301018,339,-0.02106283668778189,333,-0.6719356304677833,321,0.7638262907445678
459,345,344,0.5208196531345356,342,-0.0567976271516096,339,-0.060405834422700824,333,-0.21223038017075413,321,0.675916192606545
460,345,344,0.5553526541882324,342,0.2108829773670875,339,0.04313289435308382,333,-0.3319120029412777,321,0.5415155704654316
461,345,344,0.528913760203269,342,0.2488759354239809,339,0.06853460272116706,333,-0.3446548578139803,321,0.5376184951154442
462,345,344,0.5208196531345356,342,-0.0567976271516096,339,-0.060405834422700824,333,-0.21223038017075413,321,0.675916192606545
463,345,344,0.5926789261079753,342,0.2642928660196325,339,0.016800413130482642,333,-0.4571713519971061,321,0.6006337061534199
464,345,344,0.5244232289299464,342,-0.06078744760506973,339,0.07680667039618831,333,-0.2127463465723857,321,0.4023235694979616
465,345,344,0.511069277108434,342,-0.030979827089337154,339,-0.046787562284400216,333,-0.22437098285077225,321,0.6802706480277562
466,345,344,0.14619116836149998,342,0.06154960453010726,339,0.006606577981121056,333,-0.16826003824091773,321,0.3314799733696151
467,345,344,0.7226524081427455,342,0.30496193430701657,339,0.01759154619177807,333,-0.4167148414367844,321,0.7688987478990501
468,345,344,0.6422709387296233,342,0.1473686446077387,339,0.04690509433286784,333,-0.2956059173938845,321,0.6243356647277503
469,345,344,0.7517430209472247,342,0.3050472710341552,339,0.02631281223384644,333,-0.6842395336035776,321,0.7952873613173237
470,345,344,0.6948164983217351,342,0.23769017884003515,339,0.05346349921328574,333,-0.5628930599523748,321,0.6535717834035016
471,345,344,0.6347449831991135,342,0.12720863928434636,339,0.041949297418007986,333,-0.29131976131117365,321,0.6184062596673131
472,345,344,0.3816443071758557,342,-0.003907537083050991,339,0.09144051793641367,333,-0.28876540369259585,321,0.5756132503074123
473,345,344,-0.005260081823495034,342,-0.005291005291005286,339,-0.005338078291814956,333,-0.0054347826086956486,321,-0.004197878089121678
474,345,344,0.5204326586274859,342,-0.029500301023479707,339,-0.0701378225089495,333,-0.21968789366997063,321,0.6587420104104058
475,345,344,0.2691255799875647,342,0.11929630365017316,339,-0.025874666721541678,333,-0.16172147491341504,321,0.21879217670468848
476,345,344,0.556685590888509,342,0.21300000000000033,339,-0.07009040243911695,333,-0.275167419829041,321,0.5683213786003516
477,345,344,0.7247884243290993,342,0.29300418375912984,339,-0.01821647919398242,333,-0.6455015565256033,321,0.7619933508146456
478,345,344,0.4739817432000369,342,0.048656544779250424,339,-0.04744502650647775,333,-0.047004385761302885,321,-0.0031186009346015854
479,345,344,0.8148740490551017,342,0.4292565121374786,339,0.040105330075060855,333,-0.7579306746355147,321,0.8196268064317372
480,345,344,0.5488649915564003,342,0.23761069498929693,339,0.05130597014925389,333,-0.36185767544117636,321,0.5106372243470618
481,345,344,0.5503361739894256,342,0.2377437935398411,339,0.054806717186639264,333,-0.3618847180326721,321,0.5095206185483098
482,345,344,0.708437502526892,342,0.3637476077291775,339,0.04453270619976936,333,-0.6130042485989488,321,0.6760161611387744
483,345,344,0.7075301602192947,342,0.36258423674186957,339,0.04455077685206035,333,-0.6125928341278352,321,0.6769404438826088
484,345,344,0.5687712601227013,342,0.27153871646698113,339,0.022605212380961,333,-0.45279699876491986,321,0.5851900370761236
485,345,344,0.6932793904864089,342,0.23552895829596607,339,0.05003416016729911,333,-0.5576844895337919,321,0.6548883538218889
486,345,344,0.6932793904864089,342,0.23552895829596607,339,0.05003416016729911,333,-0.5576844895337919,321,0.6548883538218889
487,345,344,0.1660786675553134,342,0.1707047040210533,339,0.023125614429360307,333,-0.13990441159095682,321,0.24678025628142808
488,345,344,0.1660786675553134,342,0.1707047040210533,339,0.023125614429360307,333,-0.13990441159095682,321,0.24678025628142808
489,345,344,0.5211640393041534,342,-0.024256166480588533,339,-0.05783183554937109,333,-0.22814401124363362,321,0.6425189263152877
490,345,344,0.5461770917952886,342,0.23755263809759755,339,0.0533089113641795,333,-0.3608982466924338,321,0.5038505248640621
491,345,344,0.5503957344863246,342,0.2419354838709672,339,0.05783114309138535,333,-0.3560378932043161,321,0.5061877061802237
492,345,344,0.5211640393041534,342,-0.024256166480588533,339,-0.05783183554937109,333,-0.22814401124363362,321,0.6425189263152877
493,345,344,0.7091437564857033,342,0.2831208105975018,339,-0.012055753104261336,333,-0.6419687499651497,321,0.7672242820816952
494,345,344,0.6102270041462433,342,0.11241533044011982,339,0.03807618867842342,333,-0.2816761743470897,321,0.6210747747112821
495,345,344,0.4180031166211314,342,-0.0051644030523530955,339,0.10067457618382,333,-0.3022821588088717,321,0.5632993535094935
496,345,344,0.7413723001249518,342,0.29831154097555956,339,0.016543559004576325,333,-0.6715692005148809,321,0.7852461432792356
497,345,344,0.4243127257381825,342,-0.009321845346295028,339,0.10317916459881277,333,-0.3016732099827753,321,0.5650187298976954
498,345,344,0.6940674278637355,342,0.23580049386844365,339,0.04967544847656775,333,-0.5586962755572433,321,0.6537004885132073
499,345,344,0.609865816637029,342,0.13141429775129776,339,0.04118761905682832,333,-0.28612610963667984,321,0.6315455733004174
500,345,344,0.5181537027622429,342,0.21714165207363392,339,0.05956505523966,333,-0.32099646396346443,321,0.533105526753138
501,345,344,0.7268806671380244,342,0.14126448364668415,339,0.06330174022361017,333,-0.4941704577830128,321,0.7727357761174464
502,345,344,0.6088269497692912,342,0.12185477394056778,339,0.0552782967256116,333,-0.288593720517339,321,0.6232181867734193
503,345,344,0.6086626010735884,342,0.2806109665606636,339,0.019392771962477018,333,-0.46474735112391957,321,0.5658990040436006
504,345,344,0.712660651912989,342,0.28463699516447616,339,-0.017314101588969864,333,-0.6392445626863001,321,0.7586486974312804
505,345,344,0.5403484818778871,342,-0.07932545727174493,339,0.11240470984990811,333,-0.2095114751099759,321,0.42291773123533205
506,345,344,0.7264923049550752,342,0.2873399236126711,339,-0.05770722580939569,333,-0.46250128445728317,321,0.8325815937002287
507,345,344,0.7264923049550752,342,0.2873399236126711,339,-0.05770722580939569,333,-0.46250128445728317,321,0.8325815937002287
508,345,344,0.49406946319817535,342,0.21742555137717282,339,0.010292491879986636,333,-0.33385121790651767,321,0.5662165390813555
509,345,344,0.755536753354709,342,0.29418137921382054,339,0.01669107643260367,333,-0.6847455379916769,321,0.7814795778007945
510,345,344,0.7041281712038927,342,0.29671175263598226,339,-0.004269610083223055,333,-0.3825437217346494,321,0.7581017476778951
511,345,344,0.7296440113205453,342,0.14059983625314218,339,0.061004144584955844,333,-0.490084605816495,321,0.7717351448982398
512,345,344,0.6238611122628491,342,0.14238449722320723,339,0.03749683120269415,333,-0.2904970435845142,321,0.6472911265027989
513,345,344,0.7658157271152353,342,0.30685495734039464,339,0.014372560361305962,333,-0.6808137715076598,321,0.7866394252146133
514,345,344,0.6975550533362594,342,0.3466578820929919,339,0.05458719211247534,333,-0.6181313692797236,321,0.6964762196862105
515,345,344,0.7171504071487971,342,0.14817321367050337,339,0.03923585015700317,333,-0.4809930700013241,321,0.7368818760357309
516,345,344,0.6905924014571928,342,0.3435555428750773,339,0.054111395086992156,333,-0.6185041659992695,321,0.6956419381320705
517,345,344,0.6909124397112159,342,0.34596657827071553,339,0.05615458432726533,333,-0.6171263570567678,321,0.6941405991762819
518,345,344,0.5470058818494198,342,-0.07164232868741169,339,0.11146354101023695,333,-0.2172039598201673,321,0.3966142021775129
519,345,344,0.7166410181804528,342,0.13042009807541338,339,0.03946712131455597,333,-0.49915499235809585,321,0.7546368054247857
520,345,344,-0.005621767483696873,342,-0.005654829224157434,339,-0.005705157462345954,333,-0.0058085501858736,321,-0.004339859215861791
521,345,344,0.709847957304396,342,0.2985910186485142,339,-9.018672621417315e-05,333,-0.3762867555591729,321,0.7509370770563424
522,345,344,0.7682164343396808,342,0.34549722192288806,339,-0.007614685484729016,333,-0.6585223139783282,321,0.8220149985210066
523,345,344,0.511167230340112,342,0.19613500472688464,339,0.08585594989561589,333,-0.30907562597111504,321,0.530212750646661
524,345,344,0.518132947883,342,0.21148273660429287,339,0.09138248160668114,333,-0.31355090186487344,321,0.525746885435982
525,345,344,0.7091540330005007,342,0.34057193815451753,339,0.06488407445812473,333,-0.6190795649193361,321,0.7002322242795626
526,345,344,0.7096428216336443,342,0.3405085429839906,339,0.06466923440187529,333,-0.6206451056648286,321,0.7026009887315264
527,345,344,0.6662579934373042,342,0.2054303609199031,339,0.04919055449681912,333,-0.5409363601057959,321,0.644464828078985
528,345,344,0.7177599651399202,342,0.14104564174590598,339,0.0486779292070961,333,-0.5127019575578374,321,0.7540756808996643
529,345,344,0.6777190366186453,342,0.20657051420804323,339,0.049864651393940716,333,-0.5444647719569963,321,0.6510058904161564
530,345,344,0.6777190366186453,342,0.20657051420804323,339,0.049864651393940716,333,-0.5444647719569963,321,0.6510058904161564
531,345,344,0.677077486950227,342,0.20474904737190355,339,0.04899825755061473,333,-0.5437150554980656,321,0.6517267952007504
532,345,344,0.8129404659645679,342,0.41552762799990134,339,0.03530592072748846,333,-0.7557118238044027,321,0.8261888010919917
533,345,344,0.4821165396256924,342,0.05667958100157822,339,-0.0418517088240973,333,-0.04135134024287157,321,-0.04119442297054642
534,345,344,0.7109970140378876,342,0.30350694446416493,339,-0.0027142973132956373,333,-0.3775554807653935,321,0.7519855102428658
535,345,344,0.7366998084362881,342,0.34465617646241087,339,0.06482014575817097,333,-0.6367057174091575,321,0.7234332163484675
536,345,344,0.7360993191604085,342,0.34595030970043145,339,0.06527852682321666,333,-0.6363891113623085,321,0.7243611548473708
537,345,344,0.7275147318006034,342,0.34600652939513177,339,0.06516163249691352,333,-0.644942358135661,321,0.7248232193510985
538,345,344,0.7723272389978425,342,0.3481799742482015,339,0.01682506901831775,333,-0.6873561029286727,321,0.7720979692057921
539,345,344,0.6727360843460942,342,0.19606954678517846,339,0.042889138421453026,333,-0.5366795454595079,321,0.6533028356770807
540,345,344,0.6433444953793436,342,0.10614925373134343,339,0.02505653087061193,333,-0.27204372937670435,321,0.6451872063513107
541,345,344,0.7146466319631462,342,0.1319115779903669,339,0.06264256826368632,333,-0.5056802471639097,321,0.7430353234266057
542,345,344,0.6719871770815008,342,0.19796506095200622,339,0.04311324464407997,333,-0.5367715525098216,321,0.6519955419706447
543,345,344,0.7146466319631462,342,0.1319115779903669,339,0.06264256826368632,333,-0.5056802471639097,321,0.7430353234266057
544,345,344,0.7559679308170434,342,0.3132608250472132,339,-0.047952804132527393,333,-0.48204864176219653,321,0.853202550128995
545,345,344,0.7559679308170434,342,0.3132608250472132,339,-0.047952804132527393,333,-0.48204864176219653,321,0.853202550128995
546,345,344,0.6700999661989367,342,0.19522188547066713,339,0.04289991387509789,333,-0.5357722368614662,321,0.6524967430225819
547,345,344,0.43284331017466093,342,0.1319253149056942,339,-0.040985554805864015,333,-0.0954675350568218,321,0.21203137053095839
548,345,344,0.7744683656501581,342,0.3512309438058117,339,0.014573152628829593,333,-0.6936564217507464,321,0.7842632692960245
549,345,344,0.6708468844969252,342,0.1952054204185478,339,0.043013575616743994,333,-0.5363532379284744,321,0.6537843699454535
550,345,344,0.6704487567718318,342,0.1942332795038578,339,0.042160879259157666,333,-0.5359353124990721,321,0.6536241237180132
551,345,344,-0.005621767483696873,342,-0.005654829224157434,339,-0.005705157462345954,333,-0.0058085501858736,321,-0.004339859215861791
552,345,344,0.6169785415221299,342,0.08108550621930079,339,0.04625149505273472,333,-0.26973750268260493,321,0.6183588698365992
553,345,344,0.7694425709568327,342,0.34791957683328273,339,0.016317819892636424,333,-0.6880514294221373,321,0.7855046346122354
554,345,344,0.7140078931038296,342,0.13365027206003113,339,0.05338960414034632,333,-0.5002600546690725,321,0.7391764713927796
555,345,344,0.551809378185525,342,0.24087886672448622,339,0.026765236910164476,333,-0.44584117317748545,321,0.5797820960692377
556,345,344,0.7722298036004273,342,0.36143382695607795,339,0.014283699210832987,333,-0.6840997842328731,321,0.7941316142929815
557,345,344,0.697883057831214,342,0.29804988728305415,339,0.0026835556561413784,333,-0.37030267730286376,321,0.7638393839285279
558,345,344,0.697917290611354,342,0.2981435455760275,339,0.005042942279450336,333,-0.3745065627527445,321,0.7685162210905491
559,345,344,0.6921471603217473,342,0.18611537083569946,339,0.05739929937319076,333,-0.5575935523363151,321,0.6786617336812707
560,345,344,0.5466277475564987,342,-0.025265708660365205,339,-0.05560634034313498,333,-0.23672832810562694,321,0.610957723903682
561,345,344,0.6900432830763994,342,0.30589914973223414,339,0.01810771237429329,333,-0.3764727976796665,321,0.7744051890874745
562,345,344,0.6978676207100767,342,0.1847143862433203,339,0.05030597438090224,333,-0.564866354256217,321,0.6916975685961055
563,345,344,0.7499756774544311,342,0.315814122912005,339,-0.06908033826638475,333,-0.48600760145556043,321,0.8496352790414042
564,345,344,0.5347508539706907,342,0.3168791853601406,339,-0.051982195861300144,333,-0.43380387529798203,321,0.586569655881871
565,345,344,0.6974276264348268,342,0.30724038908704365,339,0.01818780621524161,333,-0.37817587419156884,321,0.7710028472432384
566,345,344,0.6240724215107546,342,0.07550902665929465,339,0.022944311269516238,333,-0.28411777230992635,321,0.651093917113816
567,345,344,0.704791591015217,342,0.1394109616562644,339,0.03770712239415329,333,-0.5095490139769957,321,0.7348894081075745
568,345,344,0.7049007941998497,342,0.31967527243891714,339,0.07045192254583624,333,-0.6124589352334486,321,0.7002588747528183
569,345,344,0.696526840116642,342,0.3164093708925026,339,0.07722140637868596,333,-0.6050182413454894,321,0.6886088842862745
570,345,344,0.6411967079127935,342,0.07287677135197254,339,0.023381138214531215,333,-0.285287710831105,321,0.656646515277777
571,345,344,0.6930193134760979,342,0.30494562944341114,339,0.026856063716574615,333,-0.3649047851249556,321,0.7730641846927672
572,345,344,0.2305909617612978,342,-0.016707479059176415,339,-0.016857825349647162,333,-0.017166784268577994,321,-0.01781996915959906
573,345,344,0.6935546144488097,342,0.1857497118903763,339,0.04574615354462741,333,-0.5576114111837424,321,0.6835172024743803
574,345,344,0.7050275043318784,342,0.13495582249044835,339,0.03611540146561734,333,-0.507158386238238,321,0.7374281650481179
575,345,344,0.7025901746848645,342,0.31926051423277607,339,0.08249914388720754,333,-0.6071135705984225,321,0.6974814294732008
576,345,344,0.6489353806292585,342,0.3252860515800951,339,0.004322180939803828,333,-0.6169998828669059,321,0.7327487120761589
577,345,344,0.6464882520104669,342,0.33123260386609177,339,0.0017647160395766479,333,-0.6181126949682718,321,0.7319365114907952
578,345,344,0.7478064099011728,342,0.3039862847546181,339,-0.07799398360888712,333,-0.4678337894800155,321,0.8512877507297456
579,345,344,0.7493276888110066,342,0.30070747138859555,339,-0.07592871634849267,333,-0.4684518847875459,321,0.8509922688646933
580,345,344,0.28184762222277016,342,0.10412661456798371,339,0.021015639839239417,333,-0.16690975206037925,321,0.3347832737702132
581,345,344,0.3293823862353903,342,0.2295912836648595,339,-0.04539861134431983,333,-0.32333969325010303,321,0.4046549632572572
582,345,344,0.6987573777291433,342,0.1266787816818573,339,0.03808021293212056,333,-0.5010113123865501,321,0.7374981747470543
583,345,344,0.7367223933014526,342,0.2938162643930277,339,-0.004206091422502183,333,-0.6648699304635316,321,0.7860886977291842
584,345,344,0.6952196519903836,342,0.2960275916416268,339,0.017229758384758497,333,-0.38401995775665515,321,0.7688097690071904
585,345,344,0.1392356884554981,342,0.17986082859761687,339,0.004726656594999827,333,-0.15277718155364967,321,0.26994387214977383
586,345,344,0.6392132440707874,342,0.06230051954589254,339,0.02002159179216804,333,-0.2766543815072244,321,0.6433869241149834
587,345,344,0.8112387052970127,342,0.42453971994841233,339,0.034331483789358484,333,-0.746780918621015,321,0.7952542896257019
588,345,344,0.6993414122735283,342,0.12596126362433732,339,0.03821313806516233,333,-0.5010793174127591,321,0.7356451061866393
589,345,344,0.6970952207622284,342,0.3206454815645771,339,0.08394493212452636,333,-0.6143854139000852,321,0.698887194226074
590,345,344,0.8120027870722726,342,0.4276709848168265,339,0.03152759918364449,333,-0.7476855485330931,321,0.7957320497261509
591,345,344,0.7880342617343573,342,0.36594799010902296,339,0.013675382714168809,333,-0.6693435288613686,321,0.7884482553418215
592,345,344,0.2974331573161752,342,0.144697406652606,339,-0.0038636819853126387,333,-0.18323289986738645,321,0.34003282240139043
593,345,344,0.6997702457539916,342,0.2930987456046871,339,0.0164092831556723,333,-0.3927211698448174,321,0.7730211068312249
594,345,344,0.7414263451753949,342,0.29752649194207037,339,-0.0027886421077898856,333,-0.6800338501803547,321,0.7865249281837562
595,345,344,0.6960900166786382,342,0.12710997079618236,339,0.040353209116714285,333,-0.5019459797734724,321,0.7325933604512308
596,345,344,0.09266672931741973,342,-0.04554193324718716,339,0.09206056364908712,333,-0.04683043816437646,321,0.16937616861633442
597,345,344,0.7073198487038589,342,0.2980641782321922,339,0.018229949981486443,333,-0.39359319682998645,321,0.7784957739363201
598,345,344,0.5545183731558339,342,-0.01706867537462933,339,-0.031461827216505825,333,-0.24861609418996555,321,0.6113798593709756
599,345,344,0.7097129980542004,342,0.3059132730590764,339,0.028424897650162803,333,-0.39926956854949625,321,0.7759536396981295
600,345,344,0.449203687506916,342,0.011948129863386212,339,0.09971475832331936,333,-0.27494720078016316,321,0.5197612125747356
601,345,344,0.7869498806682583,342,0.3637245731863136,339,0.016302977640162048,333,-0.668653991713243,321,0.7922291980387841
602,345,344,0.7042871520191695,342,0.1361164088320216,339,0.04545238422393874,333,-0.5156179518700397,321,0.7445571588227852
603,345,344,0.31319238862664184,342,-0.014564497116344168,339,-0.055875217905425996,333,-0.11541464608743071,321,0.4719883744122235
604,345,344,0.31319238862664184,342,-0.014564497116344168,339,-0.055875217905425996,333,-0.11541464608743071,321,0.4719883744122235
605,345,344,0.6280108064382551,342,0.060513400872716366,339,0.018901490697810934,333,-0.26835740821628695,321,0.5998957928558974
606,345,344,0.7056424690612421,342,0.1361164088320216,339,0.04511055357676696,333,-0.5156179518700397,321,0.7465808433686879
607,345,344,0.694743495310339,342,0.19540108383338103,339,0.016471901878463504,333,-0.533154432706666,321,0.6507945245584079
608,345,344,0.7429907608075739,342,0.29272086271256803,339,-0.08062818038252331,333,-0.4655853995292624,321,0.848163365065188
609,345,344,0.612230982975639,342,0.08619845458493572,339,0.009288098969232801,333,-0.27888567929352365,321,0.5959381047131467
610,345,344,0.10840523239632643,342,-0.011338582677165391,339,-0.011440072030083055,333,-0.01051356651748092,321,-0.010910907925680806
611,345,344,0.7312690097320751,342,0.31661534814727416,339,0.0331040875868146,333,-0.4041368598776793,321,0.7913393022508827
612,345,344,0.7043479622837796,342,0.13657546328258896,339,0.04968892455790661,333,-0.518138448279346,321,0.7451712043969432
613,345,344,0.5552205494460903,342,0.20121252547408439,339,0.03700366808969217,333,-0.4596403937958971,321,0.620963477481212
614,345,344,0.5501733607775362,342,-0.027569033454034338,339,-0.016103214814150626,333,-0.2491716493572488,321,0.6167798566923226
615,345,344,0.556542672982838,342,-0.018082346078806245,339,-0.024835626652206236,333,-0.24505617595210388,321,0.6234392137492869
616,345,344,0.4991548394018968,342,0.20227272727272766,339,-0.0415397519685779,333,-0.291972369170332,321,0.46591312099384585
617,345,344,0.21981254125412544,342,0.13934846695902461,339,-0.011372385424870277,333,-0.17732132629937775,321,0.3223953442342043
618,345,344,0.556542672982838,342,-0.018082346078806245,339,-0.024835626652206236,333,-0.24505617595210388,321,0.6234392137492869
619,345,344,0.6003747273439105,342,0.10344868068241074,339,0.0013239544322194616,333,-0.28993780755945836,321,0.6397868729195187
620,345,344,0.6893835574400287,342,0.18677874143111525,339,0.01061429855291746,333,-0.5312213884321721,321,0.654752151058424
621,345,344,0.6893118499757512,342,0.31230699927532896,339,0.09981232474443032,333,-0.6091445649428621,321,0.7604676225589967
622,345,344,0.7669709594674465,342,0.32393716100870873,339,0.0034613472642094295,333,-0.710831941432148,321,0.7899612324315739
623,345,344,-0.005621767483696873,342,-0.005654829224157434,339,-0.005705157462345954,333,-0.0058085501858736,321,-0.004339859215861791
624,345,344,0.5996543457657358,342,0.1047183279893278,339,-0.0030939085273042803,333,-0.2889987614569377,321,0.6406973133580418
625,345,344,0.7719280861467275,342,0.34906887752781113,339,0.015375909617655815,333,-0.6473602771656373,321,0.792359228832996
626,345,344,0.6880745558517963,342,0.18931605820980948,339,0.013603775516038422,333,-0.5317019905151268,321,0.6533003426960887
627,345,344,0.6898160018206804,342,0.3106804022965109,339,0.09993271964601105,333,-0.6091835890917938,321,0.7601235106512559
628,345,344,0.690053349140487,342,0.3103223152905536,339,0.10006182243712863,333,-0.6091445649428621,321,0.7602031960333359
629,345,344,0.7771858745150404,342,0.34067178375924856,339,0.009971134406727627,333,-0.6426215103373145,321,0.781377206288159
630,345,344,-0.005621767483696873,342,-0.005654829224157434,339,-0.005705157462345954,333,-0.0058085501858736,321,-0.004339859215861791
631,345,344,0.7698010011320705,342,0.32796406628509217,339,0.006503840154341436,333,-0.712261170769569,321,0.7924088729041444
632,345,344,0.6898160018206804,342,0.3106804022965109,339,0.09993271964601105,333,-0.6091835890917938,321,0.7601235106512559
633,345,344,0.8039455666676109,342,0.40962797701408266,339,0.03525496849248661,333,-0.7300300610404411,321,0.7943128170510394
634,345,344,0.7758604077542686,342,0.3404485389278662,339,0.009852645564056078,333,-0.6427153626165835,321,0.7814686714243014
635,345,344,0.703561766617209,342,0.13500242839251164,339,0.04176133943446875,333,-0.5033623117386403,321,0.736318871096474
636,345,344,0.7396279915724783,342,0.28586180731071414,339,-0.07806689296430601,333,-0.45505759260612044,321,0.8478629032833203
637,345,344,0.7345207426490183,342,0.28273742766138765,339,-0.07884339489445037,333,-0.4513062009442185,321,0.844516586679884
638,345,344,0.6972384784198978,342,0.31529753868522187,339,0.09218220450594412,333,-0.6226654257849066,321,0.7608236141132912
639,345,344,-0.005621767483696873,342,-0.005654829224157434,339,-0.005705157462345954,333,-0.0058085501858736,321,-0.004339859215861791
640,345,344,0.6882686512699928,342,0.19213063449772985,339,0.014990095399950002,333,-0.5239134054748182,321,0.655743961016571
641,345,344,0.7757603273729887,342,0.34116252361723404,339,0.00977047280259917,333,-0.6421068263620696,321,0.7780022000107917
642,345,344,0.46935796583715966,342,0.07807334316667502,339,-0.07507199106119554,333,-0.08292569542747522,321,0.26562947968267037
643,345,344,0.6886729004114953,342,0.2030461740906469,339,0.018793629306555634,333,-0.5326625719936202,321,0.656421783097146
644,345,344,0.6887292172704675,342,0.20325676749128932,339,0.018799289621372617,333,-0.532824946432035,321,0.6566308357716046
645,345,344,0.5756876678650528,342,-0.052019910791513246,339,-0.006174003608823924,333,-0.23280919354909407,321,0.6886021325587041
646,345,344,0.5756876678650528,342,-0.052019910791513246,339,-0.006174003608823924,333,-0.23280919354909407,321,0.6886021325587041
647,345,344,0.6820857466464929,342,0.1945003714826083,339,0.024199871659945266,333,-0.5400727170965832,321,0.6710546825397761
648,345,344,0.7811949691932198,342,0.35512139520631963,339,0.0123858879661888,333,-0.6578844004370816,321,0.7859253766556324
649,345,344,0.23022758191759723,342,0.11070639128364332,339,-0.04324767444069274,333,-0.1442295061636657,321,0.18816876051391207
650,345,344,0.781115365055605,342,0.345827609515711,339,0.01819610621036212,333,-0.6505648816612147,321,0.7788322051133771
651,345,344,0.5433522495198534,342,-0.07132854688088042,339,0.10007386722182572,333,-0.21689071639082103,321,0.42598424015329195
652,345,344,0.7004822902846188,342,0.11214514847898015,339,0.05582687072281653,333,-0.48207203995507075,321,0.7471027501278029
653,345,344,0.5397610041265474,342,0.22673317324363643,339,0.028797739244951808,333,-0.44980330634733856,321,0.6052307400972228
654,345,344,0.4548591658942168,342,-0.003590136431117788,339,0.0917034593870089,333,-0.2761531860800292,321,0.5657062721984204
655,345,344,0.7931399630572846,342,0.3499499107103968,339,0.017063607586773555,333,-0.6579936797815847,321,0.7817295885474027
656,345,344,0.4587145921632808,342,-0.006216204092586654,339,0.09311066712224914,333,-0.2863023701087656,321,0.5844461270292469
657,345,344,0.8154333643903897,342,0.4186361281902705,339,0.03398811875273552,333,-0.7578474730505219,321,0.8254057683028203
658,345,344,0.6814679119794108,342,0.3532101039336923,339,0.010364752525570179,333,-0.6328170555544077,321,0.7404825129195877
659,345,344,0.6979164482397129,342,0.1090180710028728,339,0.04901236542154609,333,-0.47931924989020797,321,0.7488217075535334
660,345,344,0.6079991236064949,342,0.1418212358020016,339,0.011873432934789388,333,-0.3063250066919683,321,0.6501294154155434
661,345,344,0.691927651572725,342,0.20575845066677145,339,0.02119671050862998,333,-0.5356474400450185,321,0.6611509871226587
662,345,344,0.7343922563211015,342,0.33021316084754065,339,0.0003500858470191533,333,-0.6402080257528946,321,0.8204549171342782
663,345,344,0.818048825006714,342,0.41769029522692874,339,0.03568271175220698,333,-0.7567660200546945,321,0.8290278117838391
664,345,344,0.7026471089508891,342,0.11559179177224597,339,0.043826539312997334,333,-0.48513013535328153,321,0.7455651478129004
665,345,344,0.4482242905726793,342,0.00584019242755274,339,0.10241541096778162,333,-0.27858298890766126,321,0.5521140590839382
666,345,344,0.4527968061117754,342,0.0016143361823628367,339,0.1067588561895859,333,-0.2812812506705289,321,0.5571316620408894
667,345,344,0.7999362370583227,342,0.35562166811858653,339,0.00441174834304445,333,-0.6631078543880236,321,0.7852082189141977
668,345,344,0.6830650183243662,342,0.3543786744436487,339,0.003756765444552781,333,-0.6211772048723944,321,0.7450705105074135
669,345,344,0.1960780868373421,342,-0.021653438919625966,339,-0.021849249099275787,333,-0.0222516893119234,321,0.20089016294508244
670,345,344,0.1960780868373421,342,-0.021653438919625966,339,-0.021849249099275787,333,-0.0222516893119234,321,0.20089016294508244
671,345,344,0.3432538101771934,342,0.008003328528760543,339,-0.019434013278457028,333,-0.1189133523976552,321,0.4474407720086937
672,345,344,0.797475115319252,342,0.3554559901121219,339,0.0036736142238159445,333,-0.6623966870194684,321,0.7811075796250785
673,345,344,0.562930792518968,342,-0.031843422299243966,339,-0.028882071601878053,333,-0.24841656050465358,321,0.6063142100828772
674,345,344,0.7028585988700348,342,0.11095474567481879,339,0.045663360508243246,333,-0.48890744519818335,321,0.7409296868314822
675,345,344,0.14163298537024377,342,0.09114089170271031,339,-0.021063179093789526,333,-0.13133883745770705,321,0.28052189119179666
676,345,344,0.6998807303534298,342,0.20432607572536607,339,0.01153255244163074,333,-0.5515507006083015,321,0.6639247758339758
677,345,344,0.24598465666452515,342,0.10971265363046155,339,-0.02238383581279766,333,-0.26467252344481224,321,0.33937867392700233
678,345,344,0.6998807303534298,342,0.20432607572536607,339,0.01153255244163074,333,-0.5515507006083015,321,0.6639247758339758
679,345,344,0.3109074034443588,342,0.13889993727808037,339,-0.05400816158037326,333,-0.12402912686806539,321,0.22629985855610135
680,345,344,0.7579828686373504,342,0.30530369044534955,339,-0.01034372004899795,333,-0.6816507661887997,321,0.7848587995608072
681,345,344,0.7564451655947978,342,0.3041439716055439,339,-0.011053038175453967,333,-0.6802853628373836,321,0.7835084983412641
682,345,344,0.2060164527591639,342,-0.07773695811903023,339,0.08916032044308182,333,-0.08000604960677599,321,0.3602156586680748
683,345,344,0.8186321221831876,342,0.40768384216533077,339,0.037867772809075176,333,-0.7690886481700016,321,0.8282611351669861
684,345,344,0.5967237001876584,342,0.12236484983314821,339,0.0020548022280988416,333,-0.31484990073488195,321,0.6360399617193746
685,345,344,0.7148211351553954,342,0.2991542757077138,339,-0.003831458978723724,333,-0.3880417023114245,321,0.7521714279043638
686,345,344,0.5461790418941873,342,-0.041274756916278126,339,-0.02630606941372518,333,-0.2413696952754337,321,0.61360804974238
687,345,344,0.7015642820366791,342,0.11362095240673233,339,0.03706775370929826,333,-0.48016647442695853,321,0.7416229176986648
688,345,344,0.711620185584493,342,0.21356078389373667,339,0.005562450247587021,333,-0.5669444326323236,321,0.6791521418068622
689,345,344,0.45036296989661756,342,0.024025555776767626,339,0.07519851731775126,333,-0.2868763271885944,321,0.5363919817404078
690,345,344,0.7821338095435857,342,0.3380220528548061,339,0.00949195081568914,333,-0.647348533041947,321,0.7709720643171725
691,345,344,0.7826259430533204,342,0.3372031837643527,339,0.009615420660596242,333,-0.6472396591768824,321,0.7715362061066078
692,345,344,0.5949229062462641,342,0.11218731319844794,339,0.003638314008704628,333,-0.30517465501781454,321,0.626687468252055
693,345,344,0.447415545897149,342,0.03912633043867059,339,0.0796244301541705,333,-0.2759984980116666,321,0.5182146837950533
694,345,344,0.5174624353965801,342,-0.061141155111033595,339,0.09980056868405837,333,-0.22058246368157508,321,0.4344028683601929
695,345,344,0.8194695693676025,342,0.413358353887152,339,0.036930260698720005,333,-0.771651816725132,321,0.8266039806580074
696,345,344,0.7027515096102629,342,0.21298274225057456,339,0.017587650252140225,333,-0.5667049851045579,321,0.6725868024261357
697,345,344,0.6932989471354761,342,0.32649395885490323,339,0.056840359874384,333,-0.6334336269638502,321,0.7398903779438668
698,345,344,0.39841059820369484,342,0.0638984970896146,339,0.058765184996256645,333,-0.2665458143951434,321,0.5042299426524952
699,345,344,-0.00584795321637429,342,-0.005882352941176466,339,-0.0059347181008901915,333,-0.0060422960725075485,321,-0.004426338948728187
