segment_id,records,observed,missing,coverage_pct,observed_record_pct
350,394,345,49,87.56345177664974,87.56345177664974
351,394,345,49,87.56345177664974,87.56345177664974
352,394,345,49,87.56345177664974,87.56345177664974
353,394,345,49,87.56345177664974,87.56345177664974
354,394,345,49,87.56345177664974,87.56345177664974
355,394,345,49,87.56345177664974,87.56345177664974
356,394,345,49,87.56345177664974,87.56345177664974
357,394,345,49,87.56345177664974,87.56345177664974
358,394,345,49,87.56345177664974,87.56345177664974
359,394,345,49,87.56345177664974,87.56345177664974
360,394,345,49,87.56345177664974,87.56345177664974
361,394,345,49,87.56345177664974,87.56345177664974
362,394,345,49,87.56345177664974,87.56345177664974
363,394,345,49,87.56345177664974,87.56345177664974
364,394,345,49,87.56345177664974,87.56345177664974
365,394,345,49,87.56345177664974,87.56345177664974
366,394,345,49,87.56345177664974,87.56345177664974
367,394,345,49,87.56345177664974,87.56345177664974
368,394,345,49,87.56345177664974,87.56345177664974
369,394,345,49,87.56345177664974,87.56345177664974
370,394,345,49,87.56345177664974,87.56345177664974
371,394,345,49,87.56345177664974,87.56345177664974
372,394,345,49,87.56345177664974,87.56345177664974
373,394,345,49,87.56345177664974,87.56345177664974
374,394,345,49,87.56345177664974,87.56345177664974
375,394,345,49,87.56345177664974,87.56345177664974
376,394,345,49,87.56345177664974,87.56345177664974
377,394,345,49,87.56345177664974,87.56345177664974
378,394,345,49,87.56345177664974,87.56345177664974
379,394,345,49,87.56345177664974,87.56345177664974
380,394,345,49,87.56345177664974,87.56345177664974
381,394,345,49,87.56345177664974,87.56345177664974
382,394,345,49,87.56345177664974,87.56345177664974
383,394,345,49,87.56345177664974,87.56345177664974
384,394,345,49,87.56345177664974,87.56345177664974
385,394,345,49,87.56345177664974,87.56345177664974
386,394,345,49,87.56345177664974,87.56345177664974
387,394,345,49,87.56345177664974,87.56345177664974
388,394,345,49,87.56345177664974,87.56345177664974
389,394,345,49,87.56345177664974,87.56345177664974
390,394,345,49,87.56345177664974,87.56345177664974
391,394,345,49,87.56345177664974,87.56345177664974
392,394,345,49,87.56345177664974,87.56345177664974
393,394,345,49,87.56345177664974,87.56345177664974
394,394,345,49,87.56345177664974,87.56345177664974
395,394,345,49,87.56345177664974,87.56345177664974
396,394,345,49,87.56345177664974,87.56345177664974
397,394,345,49,87.56345177664974,87.56345177664974
398,394,345,49,87.56345177664974,87.56345177664974
399,394,345,49,87.56345177664974,87.56345177664974
400,394,345,49,87.56345177664974,87.56345177664974
401,394,345,49,87.56345177664974,87.56345177664974
402,394,345,49,87.56345177664974,87.56345177664974
403,394,345,49,87.56345177664974,87.56345177664974
404,394,345,49,87.56345177664974,87.56345177664974
405,394,345,49,87.56345177664974,87.56345177664974
406,394,345,49,87.56345177664974,87.56345177664974
407,394,345,49,87.56345177664974,87.56345177664974
408,394,345,49,87.56345177664974,87.56345177664974
409,394,345,49,87.56345177664974,87.56345177664974
410,394,345,49,87.56345177664974,87.56345177664974
411,394,345,49,87.56345177664974,87.56345177664974
412,394,345,49,87.56345177664974,87.56345177664974
413,394,345,49,87.56345177664974,87.56345177664974
414,394,345,49,87.56345177664974,87.56345177664974
415,394,345,49,87.56345177664974,87.56345177664974
416,394,345,49,87.56345177664974,87.56345177664974
417,394,345,49,87.56345177664974,87.56345177664974
418,394,345,49,87.56345177664974,87.56345177664974
419,394,345,49,87.56345177664974,87.56345177664974
420,394,345,49,87.56345177664974,87.56345177664974
421,394,345,49,87.56345177664974,87.56345177664974
422,394,345,49,87.56345177664974,87.56345177664974
423,394,345,49,87.56345177664974,87.56345177664974
424,394,345,49,87.56345177664974,87.56345177664974
425,394,345,49,87.56345177664974,87.56345177664974
426,394,345,49,87.56345177664974,87.56345177664974
427,394,345,49,87.56345177664974,87.56345177664974
428,394,345,49,87.56345177664974,87.56345177664974
429,394,345,49,87.56345177664974,87.56345177664974
430,394,345,49,87.56345177664974,87.56345177664974
431,394,345,49,87.56345177664974,87.56345177664974
432,394,345,49,87.56345177664974,87.56345177664974
433,394,345,49,87.56345177664974,87.56345177664974
434,394,345,49,87.56345177664974,87.56345177664974
435,394,345,49,87.56345177664974,87.56345177664974
436,394,345,49,87.56345177664974,87.56345177664974
437,394,345,49,87.56345177664974,87.56345177664974
438,394,345,49,87.56345177664974,87.56345177664974
439,394,345,49,87.56345177664974,87.56345177664974
440,394,345,49,87.56345177664974,87.56345177664974
441,394,345,49,87.56345177664974,87.56345177664974
442,394,345,49,87.56345177664974,87.56345177664974
443,394,345,49,87.56345177664974,87.56345177664974
444,394,345,49,87.56345177664974,87.56345177664974
445,394,345,49,87.56345177664974,87.56345177664974
446,394,345,49,87.56345177664974,87.56345177664974
447,394,345,49,87.56345177664974,87.56345177664974
448,394,345,49,87.56345177664974,87.56345177664974
449,394,345,49,87.56345177664974,87.56345177664974
450,394,345,49,87.56345177664974,87.56345177664974
451,394,345,49,87.56345177664974,87.56345177664974
452,394,345,49,87.56345177664974,87.56345177664974
453,394,345,49,87.56345177664974,87.56345177664974
454,394,345,49,87.56345177664974,87.56345177664974
455,394,345,49,87.56345177664974,87.56345177664974
456,394,345,49,87.56345177664974,87.56345177664974
457,394,345,49,87.56345177664974,87.56345177664974
458,394,345,49,87.56345177664974,87.56345177664974
459,394,345,49,87.56345177664974,87.56345177664974
460,394,345,49,87.56345177664974,87.56345177664974
461,394,345,49,87.56345177664974,87.56345177664974
462,394,345,49,87.56345177664974,87.56345177664974
463,394,345,49,87.56345177664974,87.56345177664974
464,394,345,49,87.56345177664974,87.56345177664974
465,394,345,49,87.56345177664974,87.56345177664974
466,394,345,49,87.56345177664974,87.56345177664974
467,394,345,49,87.56345177664974,87.56345177664974
468,394,345,49,87.56345177664974,87.56345177664974
469,394,345,49,87.56345177664974,87.56345177664974
470,394,345,49,87.56345177664974,87.56345177664974
471,394,345,49,87.56345177664974,87.56345177664974
472,394,345,49,87.56345177664974,87.56345177664974
473,394,345,49,87.56345177664974,87.56345177664974
474,394,345,49,87.56345177664974,87.56345177664974
475,394,345,49,87.56345177664974,87.56345177664974
476,394,345,49,87.56345177664974,87.56345177664974
477,394,345,49,87.56345177664974,87.56345177664974
478,394,345,49,87.56345177664974,87.56345177664974
479,394,345,49,87.56345177664974,87.56345177664974
480,394,345,49,87.56345177664974,87.56345177664974
481,394,345,49,87.56345177664974,87.56345177664974
482,394,345,49,87.56345177664974,87.56345177664974
483,394,345,49,87.56345177664974,87.56345177664974
484,394,345,49,87.56345177664974,87.56345177664974
485,394,345,49,87.56345177664974,87.56345177664974
486,394,345,49,87.56345177664974,87.56345177664974
487,394,345,49,87.56345177664974,87.56345177664974
488,394,345,49,87.56345177664974,87.56345177664974
489,394,345,49,87.56345177664974,87.56345177664974
490,394,345,49,87.56345177664974,87.56345177664974
491,394,345,49,87.56345177664974,87.56345177664974
492,394,345,49,87.56345177664974,87.56345177664974
493,394,345,49,87.56345177664974,87.56345177664974
494,394,345,49,87.56345177664974,87.56345177664974
495,394,345,49,87.56345177664974,87.56345177664974
496,394,345,49,87.56345177664974,87.56345177664974
497,394,345,49,87.56345177664974,87.56345177664974
498,394,345,49,87.56345177664974,87.56345177664974
499,394,345,49,87.56345177664974,87.56345177664974
500,394,345,49,87.56345177664974,87.56345177664974
501,394,345,49,87.56345177664974,87.56345177664974
502,394,345,49,87.56345177664974,87.56345177664974
503,394,345,49,87.56345177664974,87.56345177664974
504,394,345,49,87.56345177664974,87.56345177664974
505,394,345,49,87.56345177664974,87.56345177664974
506,394,345,49,87.56345177664974,87.56345177664974
507,394,345,49,87.56345177664974,87.56345177664974
508,394,345,49,87.56345177664974,87.56345177664974
509,394,345,49,87.56345177664974,87.56345177664974
510,394,345,49,87.56345177664974,87.56345177664974
511,394,345,49,87.56345177664974,87.56345177664974
512,394,345,49,87.56345177664974,87.56345177664974
513,394,345,49,87.56345177664974,87.56345177664974
514,394,345,49,87.56345177664974,87.56345177664974
515,394,345,49,87.56345177664974,87.56345177664974
516,394,345,49,87.56345177664974,87.56345177664974
517,394,345,49,87.56345177664974,87.56345177664974
518,394,345,49,87.56345177664974,87.56345177664974
519,394,345,49,87.56345177664974,87.56345177664974
520,394,345,49,87.56345177664974,87.56345177664974
521,394,345,49,87.56345177664974,87.56345177664974
522,394,345,49,87.56345177664974,87.56345177664974
523,394,345,49,87.56345177664974,87.56345177664974
524,394,345,49,87.56345177664974,87.56345177664974
525,394,345,49,87.56345177664974,87.56345177664974
526,394,345,49,87.56345177664974,87.56345177664974
527,394,345,49,87.56345177664974,87.56345177664974
528,394,345,49,87.56345177664974,87.56345177664974
529,394,345,49,87.56345177664974,87.56345177664974
530,394,345,49,87.56345177664974,87.56345177664974
531,394,345,49,87.56345177664974,87.56345177664974
532,394,345,49,87.56345177664974,87.56345177664974
533,394,345,49,87.56345177664974,87.56345177664974
534,394,345,49,87.56345177664974,87.56345177664974
535,394,345,49,87.56345177664974,87.56345177664974
536,394,345,49,87.56345177664974,87.56345177664974
537,394,345,49,87.56345177664974,87.56345177664974
538,394,345,49,87.56345177664974,87.56345177664974
539,394,345,49,87.56345177664974,87.56345177664974
540,394,345,49,87.56345177664974,87.56345177664974
541,394,345,49,87.56345177664974,87.56345177664974
542,394,345,49,87.56345177664974,87.56345177664974
543,394,345,49,87.56345177664974,87.56345177664974
544,394,345,49,87.56345177664974,87.56345177664974
545,394,345,49,87.56345177664974,87.56345177664974
546,394,345,49,87.56345177664974,87.56345177664974
547,394,345,49,87.56345177664974,87.56345177664974
548,394,345,49,87.56345177664974,87.56345177664974
549,394,345,49,87.56345177664974,87.56345177664974
550,394,345,49,87.56345177664974,87.56345177664974
551,394,345,49,87.56345177664974,87.56345177664974
552,394,345,49,87.56345177664974,87.56345177664974
553,394,345,49,87.56345177664974,87.56345177664974
554,394,345,49,87.56345177664974,87.56345177664974
555,394,345,49,87.56345177664974,87.56345177664974
556,394,345,49,87.56345177664974,87.56345177664974
557,394,345,49,87.56345177664974,87.56345177664974
558,394,345,49,87.56345177664974,87.56345177664974
559,394,345,49,87.56345177664974,87.56345177664974
560,394,345,49,87.56345177664974,87.56345177664974
561,394,345,49,87.56345177664974,87.56345177664974
562,394,345,49,87.56345177664974,87.56345177664974
563,394,345,49,87.56345177664974,87.56345177664974
564,394,345,49,87.56345177664974,87.56345177664974
565,394,345,49,87.56345177664974,87.56345177664974
566,394,345,49,87.56345177664974,87.56345177664974
567,394,345,49,87.56345177664974,87.56345177664974
568,394,345,49,87.56345177664974,87.56345177664974
569,394,345,49,87.56345177664974,87.56345177664974
570,394,345,49,87.56345177664974,87.56345177664974
571,394,345,49,87.56345177664974,87.56345177664974
572,394,345,49,87.56345177664974,87.56345177664974
573,394,345,49,87.56345177664974,87.56345177664974
574,394,345,49,87.56345177664974,87.56345177664974
575,394,345,49,87.56345177664974,87.56345177664974
576,394,345,49,87.56345177664974,87.56345177664974
577,394,345,49,87.56345177664974,87.56345177664974
578,394,345,49,87.56345177664974,87.56345177664974
579,394,345,49,87.56345177664974,87.56345177664974
580,394,345,49,87.56345177664974,87.56345177664974
581,394,345,49,87.56345177664974,87.56345177664974
582,394,345,49,87.56345177664974,87.56345177664974
583,394,345,49,87.56345177664974,87.56345177664974
584,394,345,49,87.56345177664974,87.56345177664974
585,394,345,49,87.56345177664974,87.56345177664974
586,394,345,49,87.56345177664974,87.56345177664974
587,394,345,49,87.56345177664974,87.56345177664974
588,394,345,49,87.56345177664974,87.56345177664974
589,394,345,49,87.56345177664974,87.56345177664974
590,394,345,49,87.56345177664974,87.56345177664974
591,394,345,49,87.56345177664974,87.56345177664974
592,394,345,49,87.56345177664974,87.56345177664974
593,394,345,49,87.56345177664974,87.56345177664974
594,394,345,49,87.56345177664974,87.56345177664974
595,394,345,49,87.56345177664974,87.56345177664974
596,394,345,49,87.56345177664974,87.56345177664974
597,394,345,49,87.56345177664974,87.56345177664974
598,394,345,49,87.56345177664974,87.56345177664974
599,394,345,49,87.56345177664974,87.56345177664974
600,394,345,49,87.56345177664974,87.56345177664974
601,394,345,49,87.56345177664974,87.56345177664974
602,394,345,49,87.56345177664974,87.56345177664974
603,394,345,49,87.56345177664974,87.56345177664974
604,394,345,49,87.56345177664974,87.56345177664974
605,394,345,49,87.56345177664974,87.56345177664974
606,394,345,49,87.56345177664974,87.56345177664974
607,394,345,49,87.56345177664974,87.56345177664974
608,394,345,49,87.56345177664974,87.56345177664974
609,394,345,49,87.56345177664974,87.56345177664974
610,394,345,49,87.56345177664974,87.56345177664974
611,394,345,49,87.56345177664974,87.56345177664974
612,394,345,49,87.56345177664974,87.56345177664974
613,394,345,49,87.56345177664974,87.56345177664974
614,394,345,49,87.56345177664974,87.56345177664974
615,394,345,49,87.56345177664974,87.56345177664974
616,394,345,49,87.56345177664974,87.56345177664974
617,394,345,49,87.56345177664974,87.56345177664974
618,394,345,49,87.56345177664974,87.56345177664974
619,394,345,49,87.56345177664974,87.56345177664974
620,394,345,49,87.56345177664974,87.56345177664974
621,394,345,49,87.56345177664974,87.56345177664974
622,394,345,49,87.56345177664974,87.56345177664974
623,394,345,49,87.56345177664974,87.56345177664974
624,394,345,49,87.56345177664974,87.56345177664974
625,394,345,49,87.56345177664974,87.56345177664974
626,394,345,49,87.56345177664974,87.56345177664974
627,394,345,49,87.56345177664974,87.56345177664974
628,394,345,49,87.56345177664974,87.56345177664974
629,394,345,49,87.56345177664974,87.56345177664974
630,394,345,49,87.56345177664974,87.56345177664974
631,394,345,49,87.56345177664974,87.56345177664974
632,394,345,49,87.56345177664974,87.56345177664974
633,394,345,49,87.56345177664974,87.56345177664974
634,394,345,49,87.56345177664974,87.56345177664974
635,394,345,49,87.56345177664974,87.56345177664974
636,394,345,49,87.56345177664974,87.56345177664974
637,394,345,49,87.56345177664974,87.56345177664974
638,394,345,49,87.56345177664974,87.56345177664974
639,394,345,49,87.56345177664974,87.56345177664974
640,394,345,49,87.56345177664974,87.56345177664974
641,394,345,49,87.56345177664974,87.56345177664974
642,394,345,49,87.56345177664974,87.56345177664974
643,394,345,49,87.56345177664974,87.56345177664974
644,394,345,49,87.56345177664974,87.56345177664974
645,394,345,49,87.56345177664974,87.56345177664974
646,394,345,49,87.56345177664974,87.56345177664974
647,394,345,49,87.56345177664974,87.56345177664974
648,394,345,49,87.56345177664974,87.56345177664974
649,394,345,49,87.56345177664974,87.56345177664974
650,394,345,49,87.56345177664974,87.56345177664974
651,394,345,49,87.56345177664974,87.56345177664974
652,394,345,49,87.56345177664974,87.56345177664974
653,394,345,49,87.56345177664974,87.56345177664974
654,394,345,49,87.56345177664974,87.56345177664974
655,394,345,49,87.56345177664974,87.56345177664974
656,394,345,49,87.56345177664974,87.56345177664974
657,394,345,49,87.56345177664974,87.56345177664974
658,394,345,49,87.56345177664974,87.56345177664974
659,394,345,49,87.56345177664974,87.56345177664974
660,394,345,49,87.56345177664974,87.56345177664974
661,394,345,49,87.56345177664974,87.56345177664974
662,394,345,49,87.56345177664974,87.56345177664974
663,394,345,49,87.56345177664974,87.56345177664974
664,394,345,49,87.56345177664974,87.56345177664974
665,394,345,49,87.56345177664974,87.56345177664974
666,394,345,49,87.56345177664974,87.56345177664974
667,394,345,49,87.56345177664974,87.56345177664974
668,394,345,49,87.56345177664974,87.56345177664974
669,394,345,49,87.56345177664974,87.56345177664974
670,394,345,49,87.56345177664974,87.56345177664974
671,394,345,49,87.56345177664974,87.56345177664974
672,394,345,49,87.56345177664974,87.56345177664974
673,394,345,49,87.56345177664974,87.56345177664974
674,394,345,49,87.56345177664974,87.56345177664974
675,394,345,49,87.56345177664974,87.56345177664974
676,394,345,49,87.56345177664974,87.56345177664974
677,394,345,49,87.56345177664974,87.56345177664974
678,394,345,49,87.56345177664974,87.56345177664974
679,394,345,49,87.56345177664974,87.56345177664974
680,394,345,49,87.56345177664974,87.56345177664974
681,394,345,49,87.56345177664974,87.56345177664974
682,394,345,49,87.56345177664974,87.56345177664974
683,394,345,49,87.56345177664974,87.56345177664974
684,394,345,49,87.56345177664974,87.56345177664974
685,394,345,49,87.56345177664974,87.56345177664974
686,394,345,49,87.56345177664974,87.56345177664974
687,394,345,49,87.56345177664974,87.56345177664974
688,394,345,49,87.56345177664974,87.56345177664974
689,394,345,49,87.56345177664974,87.56345177664974
690,394,345,49,87.56345177664974,87.56345177664974
691,394,345,49,87.56345177664974,87.56345177664974
692,394,345,49,87.56345177664974,87.56345177664974
693,394,345,49,87.56345177664974,87.56345177664974
694,394,345,49,87.56345177664974,87.56345177664974
695,394,345,49,87.56345177664974,87.56345177664974
696,394,345,49,87.56345177664974,87.56345177664974
697,394,345,49,87.56345177664974,87.56345177664974
698,394,345,49,87.56345177664974,87.56345177664974
699,394,345,49,87.56345177664974,87.56345177664974
103,394,358,36,90.86294416243655,90.86294416243655
0,394,359,35,91.11675126903553,91.11675126903553
1,394,359,35,91.11675126903553,91.11675126903553
2,394,359,35,91.11675126903553,91.11675126903553
3,394,359,35,91.11675126903553,91.11675126903553
4,394,359,35,91.11675126903553,91.11675126903553
5,394,359,35,91.11675126903553,91.11675126903553
6,394,359,35,91.11675126903553,91.11675126903553
7,394,359,35,91.11675126903553,91.11675126903553
8,394,359,35,91.11675126903553,91.11675126903553
9,394,359,35,91.11675126903553,91.11675126903553
10,394,359,35,91.11675126903553,91.11675126903553
11,394,359,35,91.11675126903553,91.11675126903553
12,394,359,35,91.11675126903553,91.11675126903553
13,394,359,35,91.11675126903553,91.11675126903553
14,394,359,35,91.11675126903553,91.11675126903553
15,394,359,35,91.11675126903553,91.11675126903553
16,394,359,35,91.11675126903553,91.11675126903553
17,394,359,35,91.11675126903553,91.11675126903553
18,394,359,35,91.11675126903553,91.11675126903553
19,394,359,35,91.11675126903553,91.11675126903553
20,394,359,35,91.11675126903553,91.11675126903553
21,394,359,35,91.11675126903553,91.11675126903553
22,394,359,35,91.11675126903553,91.11675126903553
23,394,359,35,91.11675126903553,91.11675126903553
24,394,359,35,91.11675126903553,91.11675126903553
25,394,359,35,91.11675126903553,91.11675126903553
26,394,359,35,91.11675126903553,91.11675126903553
27,394,359,35,91.11675126903553,91.11675126903553
28,394,359,35,91.11675126903553,91.11675126903553
29,394,359,35,91.11675126903553,91.11675126903553
30,394,359,35,91.11675126903553,91.11675126903553
31,394,359,35,91.11675126903553,91.11675126903553
32,394,359,35,91.11675126903553,91.11675126903553
33,394,359,35,91.11675126903553,91.11675126903553
34,394,359,35,91.11675126903553,91.11675126903553
35,394,359,35,91.11675126903553,91.11675126903553
36,394,359,35,91.11675126903553,91.11675126903553
37,394,359,35,91.11675126903553,91.11675126903553
38,394,359,35,91.11675126903553,91.11675126903553
39,394,359,35,91.11675126903553,91.11675126903553
40,394,359,35,91.11675126903553,91.11675126903553
41,394,359,35,91.11675126903553,91.11675126903553
42,394,359,35,91.11675126903553,91.11675126903553
43,394,359,35,91.11675126903553,91.11675126903553
44,394,359,35,91.11675126903553,91.11675126903553
45,394,359,35,91.11675126903553,91.11675126903553
46,394,359,35,91.11675126903553,91.11675126903553
47,394,359,35,91.11675126903553,91.11675126903553
48,394,359,35,91.11675126903553,91.11675126903553
49,394,359,35,91.11675126903553,91.11675126903553
50,394,359,35,91.11675126903553,91.11675126903553
51,394,359,35,91.11675126903553,91.11675126903553
52,394,359,35,91.11675126903553,91.11675126903553
53,394,359,35,91.11675126903553,91.11675126903553
54,394,359,35,91.11675126903553,91.11675126903553
55,394,359,35,91.11675126903553,91.11675126903553
56,394,359,35,91.11675126903553,91.11675126903553
57,394,359,35,91.11675126903553,91.11675126903553
58,394,359,35,91.11675126903553,91.11675126903553
59,394,359,35,91.11675126903553,91.11675126903553
60,394,359,35,91.11675126903553,91.11675126903553
61,394,359,35,91.11675126903553,91.11675126903553
62,394,359,35,91.11675126903553,91.11675126903553
63,394,359,35,91.11675126903553,91.11675126903553
64,394,359,35,91.11675126903553,91.11675126903553
65,394,359,35,91.11675126903553,91.11675126903553
66,394,359,35,91.11675126903553,91.11675126903553
67,394,359,35,91.11675126903553,91.11675126903553
68,394,359,35,91.11675126903553,91.11675126903553
69,394,359,35,91.11675126903553,91.11675126903553
70,394,359,35,91.11675126903553,91.11675126903553
71,394,359,35,91.11675126903553,91.11675126903553
72,394,359,35,91.11675126903553,91.11675126903553
73,394,359,35,91.11675126903553,91.11675126903553
74,394,359,35,91.11675126903553,91.11675126903553
75,394,359,35,91.11675126903553,91.11675126903553
76,394,359,35,91.11675126903553,91.11675126903553
77,394,359,35,91.11675126903553,91.11675126903553
78,394,359,35,91.11675126903553,91.11675126903553
79,394,359,35,91.11675126903553,91.11675126903553
80,394,359,35,91.11675126903553,91.11675126903553
81,394,359,35,91.11675126903553,91.11675126903553
82,394,359,35,91.11675126903553,91.11675126903553
83,394,359,35,91.11675126903553,91.11675126903553
84,394,359,35,91.11675126903553,91.11675126903553
85,394,359,35,91.11675126903553,91.11675126903553
86,394,359,35,91.11675126903553,91.11675126903553
87,394,359,35,91.11675126903553,91.11675126903553
88,394,359,35,91.11675126903553,91.11675126903553
89,394,359,35,91.11675126903553,91.11675126903553
90,394,359,35,91.11675126903553,91.11675126903553
91,394,359,35,91.11675126903553,91.11675126903553
92,394,359,35,91.11675126903553,91.11675126903553
93,394,359,35,91.11675126903553,91.11675126903553
94,394,359,35,91.11675126903553,91.11675126903553
95,394,359,35,91.11675126903553,91.11675126903553
96,394,359,35,91.11675126903553,91.11675126903553
97,394,359,35,91.11675126903553,91.11675126903553
98,394,359,35,91.11675126903553,91.11675126903553
99,394,359,35,91.11675126903553,91.11675126903553
100,394,359,35,91.11675126903553,91.11675126903553
101,394,359,35,91.11675126903553,91.11675126903553
102,394,359,35,91.11675126903553,91.11675126903553
104,394,359,35,91.11675126903553,91.11675126903553
105,394,359,35,91.11675126903553,91.11675126903553
106,394,359,35,91.11675126903553,91.11675126903553
107,394,359,35,91.11675126903553,91.11675126903553
108,394,359,35,91.11675126903553,91.11675126903553
109,394,359,35,91.11675126903553,91.11675126903553
110,394,359,35,91.11675126903553,91.11675126903553
111,394,359,35,91.11675126903553,91.11675126903553
112,394,359,35,91.11675126903553,91.11675126903553
113,394,359,35,91.11675126903553,91.11675126903553
114,394,359,35,91.11675126903553,91.11675126903553
115,394,359,35,91.11675126903553,91.11675126903553
116,394,359,35,91.11675126903553,91.11675126903553
117,394,359,35,91.11675126903553,91.11675126903553
118,394,359,35,91.11675126903553,91.11675126903553
119,394,359,35,91.11675126903553,91.11675126903553
120,394,359,35,91.11675126903553,91.11675126903553
121,394,359,35,91.11675126903553,91.11675126903553
122,394,359,35,91.11675126903553,91.11675126903553
123,394,359,35,91.11675126903553,91.11675126903553
124,394,359,35,91.11675126903553,91.11675126903553
125,394,359,35,91.11675126903553,91.11675126903553
126,394,359,35,91.11675126903553,91.11675126903553
127,394,359,35,91.11675126903553,91.11675126903553
128,394,359,35,91.11675126903553,91.11675126903553
129,394,359,35,91.11675126903553,91.11675126903553
130,394,359,35,91.11675126903553,91.11675126903553
131,394,359,35,91.11675126903553,91.11675126903553
132,394,359,35,91.11675126903553,91.11675126903553
133,394,359,35,91.11675126903553,91.11675126903553
134,394,359,35,91.11675126903553,91.11675126903553
135,394,359,35,91.11675126903553,91.11675126903553
136,394,359,35,91.11675126903553,91.11675126903553
137,394,359,35,91.11675126903553,91.11675126903553
138,394,359,35,91.11675126903553,91.11675126903553
139,394,359,35,91.11675126903553,91.11675126903553
140,394,359,35,91.11675126903553,91.11675126903553
141,394,359,35,91.11675126903553,91.11675126903553
142,394,359,35,91.11675126903553,91.11675126903553
143,394,359,35,91.11675126903553,91.11675126903553
144,394,359,35,91.11675126903553,91.11675126903553
145,394,359,35,91.11675126903553,91.11675126903553
146,394,359,35,91.11675126903553,91.11675126903553
147,394,359,35,91.11675126903553,91.11675126903553
148,394,359,35,91.11675126903553,91.11675126903553
149,394,359,35,91.11675126903553,91.11675126903553
150,394,359,35,91.11675126903553,91.11675126903553
151,394,359,35,91.11675126903553,91.11675126903553
152,394,359,35,91.11675126903553,91.11675126903553
153,394,359,35,91.11675126903553,91.11675126903553
154,394,359,35,91.11675126903553,91.11675126903553
155,394,359,35,91.11675126903553,91.11675126903553
156,394,359,35,91.11675126903553,91.11675126903553
157,394,359,35,91.11675126903553,91.11675126903553
158,394,359,35,91.11675126903553,91.11675126903553
159,394,359,35,91.11675126903553,91.11675126903553
160,394,359,35,91.11675126903553,91.11675126903553
161,394,359,35,91.11675126903553,91.11675126903553
162,394,359,35,91.11675126903553,91.11675126903553
163,394,359,35,91.11675126903553,91.11675126903553
164,394,359,35,91.11675126903553,91.11675126903553
165,394,359,35,91.11675126903553,91.11675126903553
166,394,359,35,91.11675126903553,91.11675126903553
167,394,359,35,91.11675126903553,91.11675126903553
168,394,359,35,91.11675126903553,91.11675126903553
169,394,359,35,91.11675126903553,91.11675126903553
170,394,359,35,91.11675126903553,91.11675126903553
171,394,359,35,91.11675126903553,91.11675126903553
172,394,359,35,91.11675126903553,91.11675126903553
173,394,359,35,91.11675126903553,91.11675126903553
174,394,359,35,91.11675126903553,91.11675126903553
175,394,359,35,91.11675126903553,91.11675126903553
176,394,359,35,91.11675126903553,91.11675126903553
177,394,359,35,91.11675126903553,91.11675126903553
178,394,359,35,91.11675126903553,91.11675126903553
179,394,359,35,91.11675126903553,91.11675126903553
180,394,359,35,91.11675126903553,91.11675126903553
181,394,359,35,91.11675126903553,91.11675126903553
182,394,359,35,91.11675126903553,91.11675126903553
183,394,359,35,91.11675126903553,91.11675126903553
184,394,359,35,91.11675126903553,91.11675126903553
185,394,359,35,91.11675126903553,91.11675126903553
186,394,359,35,91.11675126903553,91.11675126903553
187,394,359,35,91.11675126903553,91.11675126903553
188,394,359,35,91.11675126903553,91.11675126903553
189,394,359,35,91.11675126903553,91.11675126903553
190,394,359,35,91.11675126903553,91.11675126903553
191,394,359,35,91.11675126903553,91.11675126903553
192,394,359,35,91.11675126903553,91.11675126903553
193,394,359,35,91.11675126903553,91.11675126903553
194,394,359,35,91.11675126903553,91.11675126903553
195,394,359,35,91.11675126903553,91.11675126903553
196,394,359,35,91.11675126903553,91.11675126903553
197,394,359,35,91.11675126903553,91.11675126903553
198,394,359,35,91.11675126903553,91.11675126903553
199,394,359,35,91.11675126903553,91.11675126903553
200,394,359,35,91.11675126903553,91.11675126903553
201,394,359,35,91.11675126903553,91.11675126903553
202,394,359,35,91.11675126903553,91.11675126903553
203,394,359,35,91.11675126903553,91.11675126903553
204,394,359,35,91.11675126903553,91.11675126903553
205,394,359,35,91.11675126903553,91.11675126903553
206,394,359,35,91.11675126903553,91.11675126903553
207,394,359,35,91.11675126903553,91.11675126903553
208,394,359,35,91.11675126903553,91.11675126903553
209,394,359,35,91.11675126903553,91.11675126903553
210,394,359,35,91.11675126903553,91.11675126903553
211,394,359,35,91.11675126903553,91.11675126903553
212,394,359,35,91.11675126903553,91.11675126903553
213,394,359,35,91.11675126903553,91.11675126903553
214,394,359,35,91.11675126903553,91.11675126903553
215,394,359,35,91.11675126903553,91.11675126903553
216,394,359,35,91.11675126903553,91.11675126903553
217,394,359,35,91.11675126903553,91.11675126903553
218,394,359,35,91.11675126903553,91.11675126903553
219,394,359,35,91.11675126903553,91.11675126903553
220,394,359,35,91.11675126903553,91.11675126903553
221,394,359,35,91.11675126903553,91.11675126903553
222,394,359,35,91.11675126903553,91.11675126903553
223,394,359,35,91.11675126903553,91.11675126903553
224,394,359,35,91.11675126903553,91.11675126903553
225,394,359,35,91.11675126903553,91.11675126903553
226,394,359,35,91.11675126903553,91.11675126903553
227,394,359,35,91.11675126903553,91.11675126903553
228,394,359,35,91.11675126903553,91.11675126903553
229,394,359,35,91.11675126903553,91.11675126903553
230,394,359,35,91.11675126903553,91.11675126903553
231,394,359,35,91.11675126903553,91.11675126903553
232,394,359,35,91.11675126903553,91.11675126903553
233,394,359,35,91.11675126903553,91.11675126903553
234,394,359,35,91.11675126903553,91.11675126903553
235,394,359,35,91.11675126903553,91.11675126903553
236,394,359,35,91.11675126903553,91.11675126903553
237,394,359,35,91.11675126903553,91.11675126903553
238,394,359,35,91.11675126903553,91.11675126903553
239,394,359,35,91.11675126903553,91.11675126903553
240,394,359,35,91.11675126903553,91.11675126903553
241,394,359,35,91.11675126903553,91.11675126903553
242,394,359,35,91.11675126903553,91.11675126903553
243,394,359,35,91.11675126903553,91.11675126903553
244,394,359,35,91.11675126903553,91.11675126903553
245,394,359,35,91.11675126903553,91.11675126903553
246,394,359,35,91.11675126903553,91.11675126903553
247,394,359,35,91.11675126903553,91.11675126903553
248,394,359,35,91.11675126903553,91.11675126903553
249,394,359,35,91.11675126903553,91.11675126903553
250,394,359,35,91.11675126903553,91.11675126903553
251,394,359,35,91.11675126903553,91.11675126903553
252,394,359,35,91.11675126903553,91.11675126903553
253,394,359,35,91.11675126903553,91.11675126903553
254,394,359,35,91.11675126903553,91.11675126903553
255,394,359,35,91.11675126903553,91.11675126903553
256,394,359,35,91.11675126903553,91.11675126903553
257,394,359,35,91.11675126903553,91.11675126903553
258,394,359,35,91.11675126903553,91.11675126903553
259,394,359,35,91.11675126903553,91.11675126903553
260,394,359,35,91.11675126903553,91.11675126903553
261,394,359,35,91.11675126903553,91.11675126903553
262,394,359,35,91.11675126903553,91.11675126903553
263,394,359,35,91.11675126903553,91.11675126903553
264,394,359,35,91.11675126903553,91.11675126903553
265,394,359,35,91.11675126903553,91.11675126903553
266,394,359,35,91.11675126903553,91.11675126903553
267,394,359,35,91.11675126903553,91.11675126903553
268,394,359,35,91.11675126903553,91.11675126903553
269,394,359,35,91.11675126903553,91.11675126903553
270,394,359,35,91.11675126903553,91.11675126903553
271,394,359,35,91.11675126903553,91.11675126903553
272,394,359,35,91.11675126903553,91.11675126903553
273,394,359,35,91.11675126903553,91.11675126903553
274,394,359,35,91.11675126903553,91.11675126903553
275,394,359,35,91.11675126903553,91.11675126903553
276,394,359,35,91.11675126903553,91.11675126903553
277,394,359,35,91.11675126903553,91.11675126903553
278,394,359,35,91.11675126903553,91.11675126903553
279,394,359,35,91.11675126903553,91.11675126903553
280,394,359,35,91.11675126903553,91.11675126903553
281,394,359,35,91.11675126903553,91.11675126903553
282,394,359,35,91.11675126903553,91.11675126903553
283,394,359,35,91.11675126903553,91.11675126903553
284,394,359,35,91.11675126903553,91.11675126903553
285,394,359,35,91.11675126903553,91.11675126903553
286,394,359,35,91.11675126903553,91.11675126903553
287,394,359,35,91.11675126903553,91.11675126903553
288,394,359,35,91.11675126903553,91.11675126903553
289,394,359,35,91.11675126903553,91.11675126903553
290,394,359,35,91.11675126903553,91.11675126903553
291,394,359,35,91.11675126903553,91.11675126903553
292,394,359,35,91.11675126903553,91.11675126903553
293,394,359,35,91.11675126903553,91.11675126903553
294,394,359,35,91.11675126903553,91.11675126903553
295,394,359,35,91.11675126903553,91.11675126903553
296,394,359,35,91.11675126903553,91.11675126903553
297,394,359,35,91.11675126903553,91.11675126903553
298,394,359,35,91.11675126903553,91.11675126903553
299,394,359,35,91.11675126903553,91.11675126903553
300,394,359,35,91.11675126903553,91.11675126903553
301,394,359,35,91.11675126903553,91.11675126903553
302,394,359,35,91.11675126903553,91.11675126903553
303,394,359,35,91.11675126903553,91.11675126903553
304,394,359,35,91.11675126903553,91.11675126903553
305,394,359,35,91.11675126903553,91.11675126903553
306,394,359,35,91.11675126903553,91.11675126903553
307,394,359,35,91.11675126903553,91.11675126903553
308,394,359,35,91.11675126903553,91.11675126903553
309,394,359,35,91.11675126903553,91.11675126903553
310,394,359,35,91.11675126903553,91.11675126903553
311,394,359,35,91.11675126903553,91.11675126903553
312,394,359,35,91.11675126903553,91.11675126903553
313,394,359,35,91.11675126903553,91.11675126903553
314,394,359,35,91.11675126903553,91.11675126903553
315,394,359,35,91.11675126903553,91.11675126903553
316,394,359,35,91.11675126903553,91.11675126903553
317,394,359,35,91.11675126903553,91.11675126903553
318,394,359,35,91.11675126903553,91.11675126903553
319,394,359,35,91.11675126903553,91.11675126903553
320,394,359,35,91.11675126903553,91.11675126903553
321,394,359,35,91.11675126903553,91.11675126903553
322,394,359,35,91.11675126903553,91.11675126903553
323,394,359,35,91.11675126903553,91.11675126903553
324,394,359,35,91.11675126903553,91.11675126903553
325,394,359,35,91.11675126903553,91.11675126903553
326,394,359,35,91.11675126903553,91.11675126903553
327,394,359,35,91.11675126903553,91.11675126903553
328,394,359,35,91.11675126903553,91.11675126903553
329,394,359,35,91.11675126903553,91.11675126903553
330,394,359,35,91.11675126903553,91.11675126903553
331,394,359,35,91.11675126903553,91.11675126903553
332,394,359,35,91.11675126903553,91.11675126903553
333,394,359,35,91.11675126903553,91.11675126903553
334,394,359,35,91.11675126903553,91.11675126903553
335,394,359,35,91.11675126903553,91.11675126903553
336,394,359,35,91.11675126903553,91.11675126903553
337,394,359,35,91.11675126903553,91.11675126903553
338,394,359,35,91.11675126903553,91.11675126903553
339,394,359,35,91.11675126903553,91.11675126903553
340,394,359,35,91.11675126903553,91.11675126903553
341,394,359,35,91.11675126903553,91.11675126903553
342,394,359,35,91.11675126903553,91.11675126903553
343,394,359,35,91.11675126903553,91.11675126903553
344,394,359,35,91.11675126903553,91.11675126903553
345,394,359,35,91.11675126903553,91.11675126903553
346,394,359,35,91.11675126903553,91.11675126903553
347,394,359,35,91.11675126903553,91.11675126903553
348,394,359,35,91.11675126903553,91.11675126903553
349,394,359,35,91.11675126903553,91.11675126903553
