hour,total,observed,missing,coverage_pct
0,11900,10500,1400,88.23529411764706
1,11900,10500,1400,88.23529411764706
2,11900,10500,1400,88.23529411764706
3,11900,10500,1400,88.23529411764706
4,11900,10500,1400,88.23529411764706
5,11900,10500,1400,88.23529411764706
6,11900,10500,1400,88.23529411764706
7,11900,10500,1400,88.23529411764706
8,11900,10500,1400,88.23529411764706
9,11900,10500,1400,88.23529411764706
10,11200,9800,1400,87.5
11,11200,9799,1401,87.49107142857143
12,11200,10150,1050,90.625
13,11200,10150,1050,90.625
14,11200,10150,1050,90.625
15,11200,10150,1050,90.625
16,11200,10150,1050,90.625
17,11200,10150,1050,90.625
18,11200,10150,1050,90.625
19,11200,10150,1050,90.625
20,11200,10150,1050,90.625
21,11200,10150,1050,90.625
22,11200,10150,1050,90.625
23,11200,10150,1050,90.625
