segment_id,osm_id_count,malformed_osmid,matched_osm_id_count,all_ids_found,parsed_osm_ids
0,3,False,3,True,1209033472;280421140;1317533102
1,3,False,3,True,44948707;1317533101;1317533103
2,3,False,3,True,279958946;1317535730;1209009343
3,4,False,4,True,26755549;1317535729;1209009372;218526245
4,1,False,1,True,873398460
5,3,False,3,True,742084225;742084226;44947113
6,5,False,5,True,44948644;1203900681;1194664843;1194664844;1317520819
7,3,False,3,True,1203900682;1209038916;1194663758
8,1,False,1,True,873398460
9,1,False,1,True,1210277736
10,4,False,4,True,1203900681;218526250;218526251;280421141
11,5,False,5,True,879568355;879568356;325359753;26755786;1209009371
12,1,False,1,True,742084228
13,5,False,5,True,879568354;879568357;573401034;325359754;874464058
14,1,False,1,True,478811049
15,3,False,3,True,218526248;26755741;218526246
16,1,False,1,True,478811049
17,1,False,1,True,26754491
18,1,False,1,True,746487581
19,1,False,1,True,464650412
20,1,False,1,True,742084229
21,3,False,3,True,742084229;742084230;742084223
22,3,False,3,True,742084224;464267621;742084223
23,3,False,3,True,874464056;877825096;292410142
24,2,False,2,True,414500083;875146659
25,4,False,4,True,44948784;1317535728;1317535732;218526252
26,1,False,1,True,464650415
27,1,False,1,True,741818619
28,1,False,1,True,873398460
29,3,False,3,True,877786608;292410140;292410141
30,4,False,4,True,26755523;1317535731;218526247;1209033471
31,3,False,3,True,842470001;196857001;1286989884
32,3,False,3,True,742084226;742084227;742084228
33,3,False,3,True,364407161;1317517332;1318339357
34,3,False,3,True,364407161;1317517332;1318339357
35,1,False,1,True,1194663768
36,2,False,2,True,1238285688;90617087
37,1,False,1,True,464267621
38,4,False,4,True,464264628;1209009347;1209009348;196856999
39,4,False,4,True,1213505657;196857002;44947105;742084228
40,1,False,1,True,279091485
41,1,False,1,True,741818619
42,3,False,3,True,877786609;1393752818;464264627
43,1,False,1,True,880075594
44,3,False,3,True,877821610;870242500;870242503
45,1,False,1,True,865024250
46,5,False,5,True,464264129;1210250340;1393752818;762847156;1393752821
47,5,False,5,True,174417954;230927119;230927120;746487580;746487549
48,5,False,5,True,174417954;230927119;230927120;746487580;746487549
49,1,False,1,True,876418713
50,1,False,1,True,876418713
51,5,False,5,True,279088741;746487561;746487564;1317517914;1317517916
52,5,False,5,True,279088738;746487562;746487563;1317517913;1317517915
53,1,False,1,True,368852567
54,3,False,3,True,870242497;877821612;870242502
55,1,False,1,True,865024248
56,1,False,1,True,865024250
57,1,False,1,True,464267621
58,1,False,1,True,1209072881
59,1,False,1,True,1194663760
60,1,False,1,True,865024248
61,1,False,1,True,865024250
62,1,False,1,True,1208986525
63,1,False,1,True,1208795196
64,1,False,1,True,44947113
65,1,False,1,True,870242502
66,1,False,1,True,279958945
67,1,False,1,True,478811049
68,1,False,1,True,414500083
69,1,False,1,True,1208986525
70,1,False,1,True,746487579
71,3,False,3,True,1209009344;218505932;218505933
72,1,False,1,True,26764975
73,3,False,3,True,272996689;286061181;286061182
74,3,False,3,True,272996689;286061181;286061182
75,1,False,1,True,26754491
76,1,False,1,True,865024250
77,1,False,1,True,865024248
78,1,False,1,True,865024250
79,1,False,1,True,1208795201
80,1,False,1,True,368852567
81,2,False,2,True,478811049;1210277732
82,1,False,1,True,1208785491
83,1,False,1,True,746487581
84,1,False,1,True,741818619
85,1,False,1,True,1210277737
86,3,False,3,True,762822065;478254538;478254539
87,2,False,2,True,865024248;869997541
88,1,False,1,True,369195862
89,1,False,1,True,478811049
90,1,False,1,True,369195862
91,1,False,1,True,874459842
92,1,False,1,True,264753949
93,1,False,1,True,1209033471
94,1,False,1,True,456959535
95,1,False,1,True,870242503
96,1,False,1,True,865024248
97,1,False,1,True,865024250
98,1,False,1,True,364407163
99,1,False,1,True,364407163
100,3,False,3,True,874594465;874594466;459228551
101,1,False,1,True,26755988
102,1,False,1,True,26755988
103,1,False,1,True,466600308
104,1,False,1,True,368721302
105,1,False,1,True,1209072881
106,1,False,1,True,1208791971
107,3,False,3,True,1203852633;876451412;1208795197
108,1,False,1,True,874644319
109,1,False,1,True,26754491
110,1,False,1,True,605579942
111,2,False,2,True,466600299;466600300
112,1,False,1,True,865024250
113,1,False,1,True,874159869
114,1,False,1,True,312566658
115,3,False,3,True,877821609;877821610;870242499
116,2,False,2,True,1337725748;1209433725
117,1,False,1,True,1208988379
118,3,False,3,True,478254539;874644318;874644319
119,5,False,5,True,1105211172;1337725743;1337725745;1337725746;1337725749
120,1,False,1,True,478371821
121,1,False,1,True,26764975
122,1,False,1,True,1203439472
123,5,False,5,True,1337725742;1337725744;1337725747;1337725748;1141888414
124,1,False,1,True,300173739
125,1,False,1,True,1208491992
126,1,False,1,True,742084228
127,1,False,1,True,470103540
128,1,False,1,True,40016878
129,1,False,1,True,26764975
130,1,False,1,True,875007028
131,1,False,1,True,865024250
132,1,False,1,True,1194663760
133,1,False,1,True,876451409
134,1,False,1,True,1208491992
135,1,False,1,True,478254539
136,1,False,1,True,300173739
137,1,False,1,True,478371821
138,1,False,1,True,26764975
139,1,False,1,True,875119268
140,1,False,1,True,875119268
141,1,False,1,True,40016878
142,1,False,1,True,1210277736
143,1,False,1,True,658700019
144,3,False,3,True,1208791977;876451410;1208986532
145,1,False,1,True,874143073
146,1,False,1,True,874159868
147,1,False,1,True,466615091
148,1,False,1,True,170090974
149,1,False,1,True,368712589
150,1,False,1,True,368712589
151,1,False,1,True,875007028
152,3,False,3,True,874644320;874644321;219116706
153,2,False,2,True,44949024;874594467
154,2,False,2,True,230574618;464845715
155,1,False,1,True,90617087
156,1,False,1,True,1208795193
157,1,False,1,True,478249498
158,1,False,1,True,880075594
159,1,False,1,True,218526249
160,1,False,1,True,1014003072
161,1,False,1,True,252236396
162,1,False,1,True,174418041
163,2,False,2,True,1352928435;368852567
164,1,False,1,True,300173739
165,1,False,1,True,762822065
166,1,False,1,True,1208791977
167,1,False,1,True,762822065
168,1,False,1,True,478254522
169,1,False,1,True,1208785499
170,1,False,1,True,300173739
171,1,False,1,True,478257594
172,1,False,1,True,877821612
173,1,False,1,True,658700019
174,1,False,1,True,746487577
175,1,False,1,True,746487579
176,1,False,1,True,746487577
177,1,False,1,True,300173739
178,1,False,1,True,26754491
179,1,False,1,True,26754699
180,1,False,1,True,1208795197
181,1,False,1,True,456959535
182,1,False,1,True,464650415
183,1,False,1,True,90617087
184,1,False,1,True,464650412
185,1,False,1,True,869997541
186,1,False,1,True,865024250
187,1,False,1,True,26754165
188,1,False,1,True,876134933
189,1,False,1,True,1069546778
190,1,False,1,True,1141889035
191,1,False,1,True,879562788
192,1,False,1,True,1210205481
193,1,False,1,True,1208795201
194,1,False,1,True,742084229
195,1,False,1,True,478254539
196,1,False,1,True,1208986526
197,2,False,2,True,1208785491;1208986526
198,3,False,3,True,605579942;870242501;870242502
199,1,False,1,True,876451409
200,1,False,1,True,90617087
201,1,False,1,True,300173739
202,1,False,1,True,762822065
203,1,False,1,True,741818619
204,1,False,1,True,466615091
205,1,False,1,True,1208988383
206,1,False,1,True,875119268
207,1,False,1,True,875119268
208,1,False,1,True,478257594
209,1,False,1,True,877825096
210,1,False,1,True,1069546778
211,1,False,1,True,466839445
212,1,False,1,True,218526249
213,1,False,1,True,742084229
214,1,False,1,True,875119268
215,1,False,1,True,875119268
216,1,False,1,True,874459840
217,1,False,1,True,1141889036
218,1,False,1,True,464650415
219,1,False,1,True,879562787
220,3,False,3,True,874644320;872816373;478254536
221,1,False,1,True,252236395
222,1,False,1,True,230574625
223,1,False,1,True,470103540
224,1,False,1,True,26754699
225,1,False,1,True,466615091
226,1,False,1,True,1209072902
227,1,False,1,True,1208791978
228,1,False,1,True,865024248
229,1,False,1,True,874644320
230,1,False,1,True,300173739
231,1,False,1,True,1208791977
232,2,False,2,True,746487560;658700019
233,1,False,1,True,875004053
234,1,False,1,True,40016878
235,1,False,1,True,870242502
236,1,False,1,True,874644320
237,1,False,1,True,874459842
238,1,False,1,True,1208791971
239,1,False,1,True,300173739
240,1,False,1,True,368721302
241,1,False,1,True,1208491977
242,1,False,1,True,478257594
243,1,False,1,True,464650415
244,1,False,1,True,874056882
245,1,False,1,True,865024248
246,1,False,1,True,1203900682
247,1,False,1,True,464260872
248,1,False,1,True,464845715
249,1,False,1,True,870242498
250,1,False,1,True,26755988
251,1,False,1,True,26755988
252,1,False,1,True,874459840
253,1,False,1,True,470103829
254,1,False,1,True,174418041
255,3,False,3,True,1393752821;742084229;44947109
256,1,False,1,True,874056882
257,1,False,1,True,279088743
258,1,False,1,True,478249498
259,2,False,2,True,1141888415;1392897335
260,1,False,1,True,1208988383
261,1,False,1,True,26754699
262,1,False,1,True,1208795201
263,1,False,1,True,26754699
264,1,False,1,True,1138034029
265,3,False,3,True,874459841;874459842;466615091
266,1,False,1,True,279088740
267,1,False,1,True,880075594
268,1,False,1,True,1238285689
269,1,False,1,True,869997541
270,1,False,1,True,478254539
271,1,False,1,True,478257594
272,1,False,1,True,1208491992
273,1,False,1,True,879562788
274,1,False,1,True,466600306
275,1,False,1,True,90617087
276,1,False,1,True,776295454
277,1,False,1,True,776295454
278,3,False,3,True,219116704;762822062;219116711
279,2,False,2,True,478254522;1013619973
280,1,False,1,True,26764975
281,1,False,1,True,478372781
282,1,False,1,True,279088743
283,1,False,1,True,870242503
284,1,False,1,True,1141889035
285,1,False,1,True,879562787
286,1,False,1,True,869089258
287,1,False,1,True,869089258
288,3,False,3,True,874459840;40016878;874459839
289,1,False,1,True,874056882
290,1,False,1,True,842470001
291,1,False,1,True,605579942
292,1,False,1,True,605579942
293,1,False,1,True,870242503
294,1,False,1,True,478371821
295,1,False,1,True,1210205483
296,1,False,1,True,1208988379
297,3,False,3,True,746487576;746487577;879562787
298,1,False,1,True,1208986532
299,1,False,1,True,367555141
300,1,False,1,True,466615091
301,1,False,1,True,1208791971
302,1,False,1,True,1141889036
303,1,False,1,True,90617087
304,1,False,1,True,252236395
305,1,False,1,True,875004053
306,1,False,1,True,1208986532
307,1,False,1,True,478254522
308,3,False,3,True,218505930;218505931;1210086508
309,1,False,1,True,478254522
310,1,False,1,True,219116706
311,3,False,3,True,746487578;746487579;879562788
312,1,False,1,True,870242503
313,1,False,1,True,464283097
314,1,False,1,True,368852567
315,1,False,1,True,1141889036
316,1,False,1,True,869997541
317,1,False,1,True,478249498
318,1,False,1,True,368729170
319,1,False,1,True,874644320
320,1,False,1,True,1208785492
321,1,False,1,True,865024248
322,1,False,1,True,279088746
323,4,False,4,True,568707032;874594467;1210221828;374402719
324,1,False,1,True,368729170
325,1,False,1,True,746487559
326,1,False,1,True,874459842
327,1,False,1,True,875119268
328,1,False,1,True,875119268
329,1,False,1,True,876451409
330,1,False,1,True,874656098
331,1,False,1,True,252236395
332,1,False,1,True,478257594
333,1,False,1,True,470103829
334,1,False,1,True,478254539
335,1,False,1,True,174418041
336,1,False,1,True,280421147
337,1,False,1,True,368729170
338,1,False,1,True,874644320
339,1,False,1,True,174418041
340,1,False,1,True,300173742
341,2,False,2,True,26754491;876134933
342,1,False,1,True,865024248
343,1,False,1,True,470103829
344,1,False,1,True,40016878
345,1,False,1,True,1208791979
346,1,False,1,True,1208988383
347,1,False,1,True,470103829
348,1,False,1,True,869997541
349,1,False,1,True,466600302
350,1,False,1,True,876418713
351,1,False,1,True,876418713
352,1,False,1,True,478372781
353,1,False,1,True,869974597
354,1,False,1,True,367555141
355,1,False,1,True,470103540
356,1,False,1,True,762822065
357,1,False,1,True,869089258
358,1,False,1,True,869089258
359,1,False,1,True,1427941136
360,1,False,1,True,464650412
361,1,False,1,True,876451409
362,1,False,1,True,879562788
363,1,False,1,True,367555141
364,1,False,1,True,1208791979
365,1,False,1,True,466615091
366,2,False,2,True,464097499;456959534
367,1,False,1,True,865024248
368,1,False,1,True,456959535
369,1,False,1,True,1209433726
370,1,False,1,True,1209433726
371,1,False,1,True,478249498
372,1,False,1,True,300173742
373,1,False,1,True,746487579
374,1,False,1,True,746487577
375,1,False,1,True,1208988379
376,1,False,1,True,464097500
377,1,False,1,True,874459842
378,1,False,1,True,279088748
379,1,False,1,True,478371821
380,1,False,1,True,478249498
381,1,False,1,True,876134933
382,1,False,1,True,466839445
383,1,False,1,True,1209072902
384,1,False,1,True,1105211172
385,1,False,1,True,300173739
386,1,False,1,True,456959534
387,1,False,1,True,218505933
388,1,False,1,True,874056882
389,1,False,1,True,252236396
390,1,False,1,True,1209004192
391,1,False,1,True,746487579
392,1,False,1,True,464260872
393,2,False,2,True,875146659;1352928436
394,1,False,1,True,1210210285
395,1,False,1,True,232511043
396,1,False,1,True,875119268
397,1,False,1,True,875119268
398,3,False,3,True,1209004194;466600301;170090974
399,1,False,1,True,300173739
400,1,False,1,True,464845715
401,1,False,1,True,879562787
402,1,False,1,True,464845715
403,1,False,1,True,478372781
404,1,False,1,True,1210204475
405,1,False,1,True,1210204475
406,4,False,4,True,279088748;456959531;1208986540;264753949
407,1,False,1,True,1210250347
408,1,False,1,True,875007028
409,1,False,1,True,279088748
410,1,False,1,True,1208988379
411,1,False,1,True,1238285688
412,1,False,1,True,456959535
413,1,False,1,True,300173742
414,1,False,1,True,279088743
415,1,False,1,True,464283097
416,1,False,1,True,1212991822
417,1,False,1,True,1212991822
418,1,False,1,True,40016878
419,1,False,1,True,279088748
420,1,False,1,True,300173739
421,1,False,1,True,364407163
422,1,False,1,True,364407163
423,1,False,1,True,1352928435
424,1,False,1,True,464283097
425,1,False,1,True,865024248
426,1,False,1,True,1089369693
427,1,False,1,True,1141889036
428,1,False,1,True,880027169
429,1,False,1,True,880027169
430,1,False,1,True,464260872
431,1,False,1,True,865024248
432,2,False,2,True,219116708;478371821
433,1,False,1,True,264753949
434,2,False,2,True,1238285688;1238285689
435,1,False,1,True,1208988381
436,1,False,1,True,746487579
437,1,False,1,True,1013619972
438,1,False,1,True,367932805
439,1,False,1,True,367932805
440,1,False,1,True,880075594
441,3,False,3,True,1210277736;870242503;870242504
442,1,False,1,True,746487579
443,1,False,1,True,1208791977
444,1,False,1,True,1210205481
445,1,False,1,True,26754165
446,3,False,3,True,875004051;869974598;1427941135
447,3,False,3,True,875004051;869974598;1427941135
448,1,False,1,True,1208795201
449,1,False,1,True,876451409
450,1,False,1,True,279088748
451,1,False,1,True,1208785492
452,1,False,1,True,876134933
453,1,False,1,True,874056882
454,3,False,3,True,1210277737;873398450;873398461
455,1,False,1,True,478371821
456,1,False,1,True,1208791971
457,1,False,1,True,1203852633
458,1,False,1,True,456959535
459,1,False,1,True,875004054
460,1,False,1,True,874159869
461,1,False,1,True,312566658
462,1,False,1,True,1210205483
463,1,False,1,True,26754165
464,1,False,1,True,870242502
465,1,False,1,True,1210205480
466,1,False,1,True,368721302
467,1,False,1,True,90617087
468,1,False,1,True,464650413
469,1,False,1,True,879562787
470,1,False,1,True,219116706
471,1,False,1,True,300173742
472,1,False,1,True,1208986526
473,1,False,1,True,865024248
474,1,False,1,True,367555141
475,1,False,1,True,368729170
476,2,False,2,True,1209433720;44949028
477,1,False,1,True,879562788
478,1,False,1,True,1210277736
479,1,False,1,True,1069546783
480,1,False,1,True,875119268
481,1,False,1,True,875119268
482,1,False,1,True,1069546779
483,1,False,1,True,1069546779
484,1,False,1,True,26754165
485,1,False,1,True,367932805
486,1,False,1,True,367932805
487,1,False,1,True,876418713
488,1,False,1,True,876418713
489,1,False,1,True,1210205483
490,1,False,1,True,875119268
491,1,False,1,True,875119268
492,1,False,1,True,1210205481
493,1,False,1,True,478254522
494,1,False,1,True,1208791971
495,1,False,1,True,1203852633
496,1,False,1,True,1209072902
497,1,False,1,True,874056882
498,1,False,1,True,478371821
499,1,False,1,True,300173742
500,1,False,1,True,1208491982
501,1,False,1,True,1141889032
502,1,False,1,True,464650413
503,1,False,1,True,26754165
504,1,False,1,True,879562788
505,1,False,1,True,1209009346
506,1,False,1,True,272996689
507,1,False,1,True,272996689
508,1,False,1,True,1208785497
509,1,False,1,True,264753949
510,1,False,1,True,90617087
511,1,False,1,True,478254539
512,1,False,1,True,300173742
513,1,False,1,True,264753949
514,1,False,1,True,1069546778
515,1,False,1,True,874459840
516,1,False,1,True,1069546779
517,1,False,1,True,1069546779
518,1,False,1,True,292410140
519,1,False,1,True,1209433713
520,1,False,1,True,865024248
521,1,False,1,True,230574632
522,1,False,1,True,1208988379
523,1,False,1,True,875119268
524,1,False,1,True,875119268
525,1,False,1,True,1069546779
526,1,False,1,True,1069546779
527,1,False,1,True,219116711
528,1,False,1,True,1210207764
529,1,False,1,True,478254536
530,1,False,1,True,367932805
531,1,False,1,True,367932805
532,1,False,1,True,466839445
533,1,False,1,True,478811049
534,1,False,1,True,1238285689
535,1,False,1,True,1069546778
536,3,False,3,True,880027168;880027169;1069546779
537,3,False,3,True,880027168;880027169;1069546779
538,1,False,1,True,264753949
539,1,False,1,True,1141889036
540,1,False,1,True,464650412
541,1,False,1,True,1141889033
542,1,False,1,True,466615091
543,3,False,3,True,1210211832;762822066;478257595
544,1,False,1,True,776295454
545,1,False,1,True,776295454
546,1,False,1,True,478371821
547,2,False,2,True,196857002;1393752820
548,1,False,1,True,746487577
549,2,False,2,True,1141889032;1141889036
550,1,False,1,True,1141889032
551,1,False,1,True,865024248
552,1,False,1,True,1208791971
553,1,False,1,True,264753949
554,1,False,1,True,1141889036
555,1,False,1,True,279088743
556,1,False,1,True,746487577
557,1,False,1,True,364407163
558,1,False,1,True,364407163
559,1,False,1,True,478257594
560,1,False,1,True,875004049
561,1,False,1,True,230574632
562,1,False,1,True,1141889032
563,1,False,1,True,369195863
564,1,False,1,True,466600302
565,1,False,1,True,230574632
566,1,False,1,True,464650413
567,1,False,1,True,880075594
568,1,False,1,True,1069546779
569,1,False,1,True,1069546779
570,1,False,1,True,464650413
571,1,False,1,True,230574632
572,1,False,1,True,280421141
573,1,False,1,True,219116706
574,1,False,1,True,1189548648
575,2,False,2,True,218508846;1069546782
576,1,False,1,True,26755988
577,1,False,1,True,26755988
578,1,False,1,True,1212991822
579,1,False,1,True,1212991822
580,1,False,1,True,368729170
581,1,False,1,True,876418712
582,1,False,1,True,762822065
583,1,False,1,True,26754699
584,1,False,1,True,230574625
585,1,False,1,True,26764914
586,1,False,1,True,876451409
587,1,False,1,True,26754699
588,1,False,1,True,1141889037
589,1,False,1,True,26754491
590,1,False,1,True,746487581
591,1,False,1,True,1209072902
592,1,False,1,True,368729170
593,1,False,1,True,252236396
594,1,False,1,True,456959535
595,1,False,1,True,874459840
596,1,False,1,True,40016878
597,1,False,1,True,90617087
598,1,False,1,True,875004054
599,1,False,1,True,230574625
600,1,False,1,True,1208795201
601,1,False,1,True,1209072902
602,1,False,1,True,880075594
603,1,False,1,True,367932805
604,1,False,1,True,367932805
605,1,False,1,True,1208785492
606,1,False,1,True,762822065
607,1,False,1,True,478257594
608,1,False,1,True,252236395
609,1,False,1,True,464650413
610,1,False,1,True,26755741
611,1,False,1,True,252236396
612,1,False,1,True,1210211832
613,1,False,1,True,279088743
614,1,False,1,True,1209433726
615,1,False,1,True,1209433726
616,1,False,1,True,1138034029
617,1,False,1,True,1208491977
618,1,False,1,True,875004049
619,1,False,1,True,300173742
620,1,False,1,True,478371821
621,1,False,1,True,1069546778
622,1,False,1,True,746487579
623,1,False,1,True,865024248
624,1,False,1,True,300173742
625,1,False,1,True,1209072902
626,1,False,1,True,746487559
627,1,False,1,True,1069546779
628,1,False,1,True,1069546779
629,1,False,1,True,264753949
630,1,False,1,True,865024248
631,2,False,2,True,464097500;456959532
632,1,False,1,True,1208988381
633,1,False,1,True,876473604
634,1,False,1,True,879562787
635,1,False,1,True,1210210285
636,1,False,1,True,776295454
637,1,False,1,True,776295454
638,1,False,1,True,876134933
639,1,False,1,True,865024248
640,1,False,1,True,874644320
641,1,False,1,True,264753949
642,1,False,1,True,742084228
643,1,False,1,True,874594465
644,1,False,1,True,746487559
645,1,False,1,True,1209433726
646,1,False,1,True,1209433726
647,1,False,1,True,1141889036
648,1,False,1,True,279088748
649,1,False,1,True,1208785499
650,1,False,1,True,1014003072
651,1,False,1,True,870242503
652,1,False,1,True,874459840
653,1,False,1,True,279088743
654,1,False,1,True,874056882
655,1,False,1,True,279088748
656,1,False,1,True,1208795197
657,1,False,1,True,880075598
658,1,False,1,True,279088746
659,1,False,1,True,478372781
660,1,False,1,True,876451409
661,1,False,1,True,874644320
662,1,False,1,True,464650415
663,1,False,1,True,880075597
664,1,False,1,True,1105211172
665,1,False,1,True,1203852633
666,1,False,1,True,1208795201
667,1,False,1,True,279088748
668,1,False,1,True,1209004191
669,1,False,1,True,368712589
670,1,False,1,True,368712589
671,1,False,1,True,875007028
672,1,False,1,True,1209072902
673,1,False,1,True,875004053
674,1,False,1,True,478257595
675,1,False,1,True,368721302
676,2,False,2,True,1209433725;1249542286
677,1,False,1,True,875007028
678,1,False,1,True,1141889036
679,1,False,1,True,470103540
680,1,False,1,True,1209072881
681,2,False,2,True,1208986537;1208986538
682,1,False,1,True,40016878
683,1,False,1,True,746487581
684,1,False,1,True,1208791971
685,1,False,1,True,232511043
686,1,False,1,True,367555141
687,1,False,1,True,746487560
688,1,False,1,True,874644320
689,1,False,1,True,874056882
690,1,False,1,True,279088748
691,1,False,1,True,264753949
692,1,False,1,True,876451409
693,1,False,1,True,1203852633
694,1,False,1,True,292410140
695,1,False,1,True,876473604
696,1,False,1,True,1141889036
697,1,False,1,True,1069546778
698,1,False,1,True,1208795197
699,1,False,1,True,865024248
