segment_id,_hour,currentSpeed,freeFlowSpeed,currentTravelTime,freeFlowTravelTime,length_m,expected_current_time_s,current_time_abs_error_s,expected_free_flow_time_s,free_flow_time_abs_error_s
685,2026-01-04 19:30:00+05:30,22.0,26.0,3213.0,2718.0,62.871657968913176,10.288089485822157,3202.711910514178,8.705306488003362,2709.2946935119967
685,2026-01-12 18:30:00+05:30,22.0,26.0,3213.0,2718.0,62.871657968913176,10.288089485822157,3202.711910514178,8.705306488003362,2709.2946935119967
685,2026-01-09 19:30:00+05:30,22.0,26.0,3213.0,2718.0,62.871657968913176,10.288089485822157,3202.711910514178,8.705306488003362,2709.2946935119967
611,2026-01-09 19:30:00+05:30,22.0,26.0,3213.0,2718.0,72.69361464489398,11.895318760073563,3201.1046812399263,10.065269720062245,2707.934730279938
611,2026-01-12 18:30:00+05:30,22.0,26.0,3213.0,2718.0,72.69361464489398,11.895318760073563,3201.1046812399263,10.065269720062245,2707.934730279938
599,2026-01-07 19:30:00+05:30,22.0,26.0,3213.0,2718.0,74.23970594770655,12.148315518715618,3200.8516844812843,10.279343900451677,2707.7206560995483
599,2026-01-12 18:30:00+05:30,22.0,26.0,3213.0,2718.0,74.23970594770655,12.148315518715618,3200.8516844812843,10.279343900451677,2707.7206560995483
599,2026-01-11 19:30:00+05:30,22.0,26.0,3213.0,2718.0,74.23970594770655,12.148315518715618,3200.8516844812843,10.279343900451677,2707.7206560995483
599,2026-01-09 19:30:00+05:30,22.0,26.0,3213.0,2718.0,74.23970594770655,12.148315518715618,3200.8516844812843,10.279343900451677,2707.7206560995483
597,2026-01-09 19:30:00+05:30,22.0,26.0,3213.0,2718.0,74.54337937283115,12.198007533736007,3200.801992466264,10.321390990084314,2707.678609009916
597,2026-01-11 19:30:00+05:30,22.0,26.0,3213.0,2718.0,74.54337937283115,12.198007533736007,3200.801992466264,10.321390990084314,2707.678609009916
597,2026-01-12 18:30:00+05:30,22.0,26.0,3213.0,2718.0,74.54337937283115,12.198007533736007,3200.801992466264,10.321390990084314,2707.678609009916
597,2026-01-07 19:30:00+05:30,22.0,26.0,3213.0,2718.0,74.54337937283115,12.198007533736007,3200.801992466264,10.321390990084314,2707.678609009916
593,2026-01-09 19:30:00+05:30,22.0,26.0,3213.0,2718.0,76.21696737606669,12.471867388810914,3200.528132611189,10.55311855976308,2707.446881440237
593,2026-01-12 18:30:00+05:30,22.0,26.0,3213.0,2718.0,76.21696737606669,12.471867388810914,3200.528132611189,10.55311855976308,2707.446881440237
593,2026-01-11 19:30:00+05:30,22.0,26.0,3213.0,2718.0,76.21696737606669,12.471867388810914,3200.528132611189,10.55311855976308,2707.446881440237
593,2026-01-07 19:30:00+05:30,22.0,26.0,3213.0,2718.0,76.21696737606669,12.471867388810914,3200.528132611189,10.55311855976308,2707.446881440237
584,2026-01-07 19:30:00+05:30,22.0,26.0,3213.0,2718.0,77.66369628471914,12.708604846590406,3200.2913951534097,10.753434870191882,2707.246565129808
584,2026-01-11 19:30:00+05:30,22.0,26.0,3213.0,2718.0,77.66369628471914,12.708604846590406,3200.2913951534097,10.753434870191882,2707.246565129808
584,2026-01-09 19:30:00+05:30,22.0,26.0,3213.0,2718.0,77.66369628471914,12.708604846590406,3200.2913951534097,10.753434870191882,2707.246565129808
584,2026-01-12 18:30:00+05:30,22.0,26.0,3213.0,2718.0,77.66369628471914,12.708604846590406,3200.2913951534097,10.753434870191882,2707.246565129808
571,2026-01-09 19:30:00+05:30,22.0,26.0,3213.0,2718.0,79.79866303298277,13.057963041760816,3199.942036958239,11.049045650720691,2706.9509543492795
571,2026-01-12 18:30:00+05:30,22.0,26.0,3213.0,2718.0,79.79866303298277,13.057963041760816,3199.942036958239,11.049045650720691,2706.9509543492795
571,2026-01-07 19:30:00+05:30,22.0,26.0,3213.0,2718.0,79.79866303298277,13.057963041760816,3199.942036958239,11.049045650720691,2706.9509543492795
571,2026-01-11 19:30:00+05:30,22.0,26.0,3213.0,2718.0,79.79866303298277,13.057963041760816,3199.942036958239,11.049045650720691,2706.9509543492795
565,2026-01-12 18:30:00+05:30,22.0,26.0,3213.0,2718.0,80.44930316768992,13.16443142744017,3199.8355685725596,11.139134284757066,2706.860865715243
565,2026-01-11 19:30:00+05:30,22.0,26.0,3213.0,2718.0,80.44930316768992,13.16443142744017,3199.8355685725596,11.139134284757066,2706.860865715243
565,2026-01-09 19:30:00+05:30,22.0,26.0,3213.0,2718.0,80.44930316768992,13.16443142744017,3199.8355685725596,11.139134284757066,2706.860865715243
565,2026-01-07 19:30:00+05:30,22.0,26.0,3213.0,2718.0,80.44930316768992,13.16443142744017,3199.8355685725596,11.139134284757066,2706.860865715243
561,2026-01-12 18:30:00+05:30,22.0,26.0,3213.0,2718.0,81.15417079523998,13.279773402857451,3199.7202265971428,11.236731340879382,2706.7632686591205
561,2026-01-11 19:30:00+05:30,22.0,26.0,3213.0,2718.0,81.15417079523998,13.279773402857451,3199.7202265971428,11.236731340879382,2706.7632686591205
561,2026-01-09 19:30:00+05:30,22.0,27.0,3213.0,2618.0,81.15417079523998,13.279773402857451,3199.7202265971428,10.820556106031997,2607.179443893968
561,2026-01-07 19:30:00+05:30,22.0,26.0,3213.0,2718.0,81.15417079523998,13.279773402857451,3199.7202265971428,11.236731340879382,2706.7632686591205
557,2026-01-11 19:30:00+05:30,22.0,26.0,3213.0,2718.0,81.85974800762133,13.39523149215622,3199.604768507844,11.33442664720911,2706.665573352791
558,2026-01-04 19:30:00+05:30,22.0,26.0,3213.0,2718.0,81.85974800762133,13.39523149215622,3199.604768507844,11.33442664720911,2706.665573352791
558,2026-01-09 19:30:00+05:30,22.0,27.0,3213.0,2618.0,81.85974800762133,13.39523149215622,3199.604768507844,10.914633067682846,2607.0853669323174
557,2026-01-12 18:30:00+05:30,22.0,26.0,3213.0,2718.0,81.85974800762133,13.39523149215622,3199.604768507844,11.33442664720911,2706.665573352791
557,2026-01-04 19:30:00+05:30,22.0,26.0,3213.0,2718.0,81.85974800762133,13.39523149215622,3199.604768507844,11.33442664720911,2706.665573352791
558,2026-01-11 19:30:00+05:30,22.0,26.0,3213.0,2718.0,81.85974800762133,13.39523149215622,3199.604768507844,11.33442664720911,2706.665573352791
557,2026-01-09 19:30:00+05:30,22.0,27.0,3213.0,2618.0,81.85974800762133,13.39523149215622,3199.604768507844,10.914633067682846,2607.0853669323174
558,2026-01-12 18:30:00+05:30,22.0,26.0,3213.0,2718.0,81.85974800762133,13.39523149215622,3199.604768507844,11.33442664720911,2706.665573352791
534,2026-01-12 18:30:00+05:30,22.0,27.0,3213.0,2618.0,85.41484457302298,13.97697456649467,3199.023025433505,11.388645943069731,2606.6113540569304
534,2026-01-09 19:30:00+05:30,22.0,27.0,3213.0,2618.0,85.41484457302298,13.97697456649467,3199.023025433505,11.388645943069731,2606.6113540569304
534,2026-01-11 19:30:00+05:30,22.0,26.0,3213.0,2718.0,85.41484457302298,13.97697456649467,3199.023025433505,11.826670787033951,2706.173329212966
534,2026-01-04 19:30:00+05:30,22.0,26.0,3213.0,2718.0,85.41484457302298,13.97697456649467,3199.023025433505,11.826670787033951,2706.173329212966
521,2026-01-12 18:30:00+05:30,22.0,27.0,3213.0,2618.0,86.92544872837664,14.224164337370723,3198.775835662629,11.590059830450219,2606.40994016955
521,2026-01-04 19:30:00+05:30,22.0,26.0,3213.0,2718.0,86.92544872837664,14.224164337370723,3198.775835662629,12.035831362390612,2705.9641686376094
521,2026-01-11 19:30:00+05:30,22.0,26.0,3213.0,2718.0,86.92544872837664,14.224164337370723,3198.775835662629,12.035831362390612,2705.9641686376094
521,2026-01-09 19:30:00+05:30,22.0,27.0,3213.0,2618.0,86.92544872837664,14.224164337370723,3198.775835662629,11.590059830450219,2606.40994016955
510,2026-01-12 18:30:00+05:30,22.0,27.0,3213.0,2618.0,88.70446519606946,14.515276122993185,3198.4847238770067,11.827262026142595,2606.1727379738572
510,2026-01-09 19:30:00+05:30,22.0,26.0,3213.0,2718.0,88.70446519606946,14.515276122993185,3198.4847238770067,12.282156719455772,2705.717843280544
510,2026-01-11 19:30:00+05:30,22.0,26.0,3213.0,2718.0,88.70446519606946,14.515276122993185,3198.4847238770067,12.282156719455772,2705.717843280544
467,2026-01-12 18:30:00+05:30,22.0,26.0,3213.0,2718.0,95.37223235604064,15.606365294624833,3197.393634705375,13.205386018528705,2704.7946139814712
417,2026-01-09 19:30:00+05:30,22.0,26.0,3213.0,2718.0,107.80087282454969,17.6401428258354,3195.3598571741645,14.926274698783802,2703.073725301216
416,2026-01-09 19:30:00+05:30,22.0,26.0,3213.0,2718.0,107.80087282454969,17.6401428258354,3195.3598571741645,14.926274698783802,2703.073725301216
417,2026-01-04 19:30:00+05:30,22.0,26.0,3213.0,2718.0,107.80087282454969,17.6401428258354,3195.3598571741645,14.926274698783802,2703.073725301216
416,2026-01-04 19:30:00+05:30,22.0,26.0,3213.0,2718.0,107.80087282454969,17.6401428258354,3195.3598571741645,14.926274698783802,2703.073725301216
411,2026-01-04 19:30:00+05:30,22.0,26.0,3213.0,2718.0,112.8804306736899,18.471343201149256,3194.5286567988505,15.62959809328014,2702.37040190672
411,2026-01-09 19:30:00+05:30,22.0,26.0,3213.0,2718.0,112.8804306736899,18.471343201149256,3194.5286567988505,15.62959809328014,2702.37040190672
404,2026-01-04 19:30:00+05:30,22.0,26.0,3213.0,2718.0,113.72484536287398,18.609520150288468,3194.3904798497115,15.746517050244089,2702.253482949756
405,2026-01-09 19:30:00+05:30,22.0,26.0,3213.0,2718.0,113.72484536287398,18.609520150288468,3194.3904798497115,15.746517050244089,2702.253482949756
405,2026-01-04 19:30:00+05:30,22.0,26.0,3213.0,2718.0,113.72484536287398,18.609520150288468,3194.3904798497115,15.746517050244089,2702.253482949756
404,2026-01-09 19:30:00+05:30,22.0,26.0,3213.0,2718.0,113.72484536287398,18.609520150288468,3194.3904798497115,15.746517050244089,2702.253482949756
395,2026-01-04 19:30:00+05:30,22.0,26.0,3213.0,2718.0,116.48804031005898,19.061679323464197,3193.938320676536,16.129113273700476,2701.8708867262994
395,2026-01-09 19:30:00+05:30,22.0,26.0,3213.0,2718.0,116.48804031005898,19.061679323464197,3193.938320676536,16.129113273700476,2701.8708867262994
358,2026-01-09 19:30:00+05:30,22.0,26.0,3213.0,2718.0,127.55952666008145,20.87337708983151,3192.1266229101684,17.662088306780507,2700.3379116932197
357,2026-01-09 19:30:00+05:30,22.0,26.0,3213.0,2718.0,127.55952666008145,20.87337708983151,3192.1266229101684,17.662088306780507,2700.3379116932197
303,2026-01-02 19:30:00+05:30,22.0,26.0,3213.0,2718.0,147.77947755357297,24.182096326948304,3188.8179036730517,20.461773815110103,2697.53822618489
303,2026-01-12 18:30:00+05:30,22.0,26.0,3213.0,2718.0,147.77947755357297,24.182096326948304,3188.8179036730517,20.461773815110103,2697.53822618489
303,2026-01-09 19:30:00+05:30,22.0,26.0,3213.0,2718.0,147.77947755357297,24.182096326948304,3188.8179036730517,20.461773815110103,2697.53822618489
287,2026-01-12 18:30:00+05:30,22.0,26.0,3213.0,2718.0,153.9875654217518,25.197965250832116,3187.802034749168,21.321355212242562,2696.6786447877575
286,2026-01-09 19:30:00+05:30,22.0,26.0,3213.0,2718.0,153.9875654217518,25.197965250832116,3187.802034749168,21.321355212242562,2696.6786447877575
286,2026-01-12 18:30:00+05:30,22.0,26.0,3213.0,2718.0,153.9875654217518,25.197965250832116,3187.802034749168,21.321355212242562,2696.6786447877575
287,2026-01-09 19:30:00+05:30,22.0,26.0,3213.0,2718.0,153.9875654217518,25.197965250832116,3187.802034749168,21.321355212242562,2696.6786447877575
275,2026-01-09 19:30:00+05:30,22.0,26.0,3213.0,2718.0,158.062135649042,25.864713106206874,3187.135286893793,21.885526474482738,2696.114473525517
275,2026-01-12 18:30:00+05:30,22.0,26.0,3213.0,2718.0,158.062135649042,25.864713106206874,3187.135286893793,21.885526474482738,2696.114473525517
268,2026-01-09 19:30:00+05:30,22.0,26.0,3213.0,2718.0,159.92789645403872,26.170019419751792,3186.829980580248,22.143862585943825,2695.8561374140563
268,2026-01-12 18:30:00+05:30,22.0,26.0,3213.0,2718.0,159.92789645403872,26.170019419751792,3186.829980580248,22.143862585943825,2695.8561374140563
222,2026-01-11 19:30:00+05:30,22.0,26.0,3213.0,2718.0,187.14898865889165,30.62437996236409,3182.375620037636,25.912936891231155,2692.0870631087687
222,2026-01-09 19:30:00+05:30,22.0,26.0,3213.0,2718.0,187.14898865889165,30.62437996236409,3182.375620037636,25.912936891231155,2692.0870631087687
222,2026-01-12 18:30:00+05:30,22.0,26.0,3213.0,2718.0,187.14898865889165,30.62437996236409,3182.375620037636,25.912936891231155,2692.0870631087687
222,2026-01-07 19:30:00+05:30,22.0,26.0,3213.0,2718.0,187.14898865889165,30.62437996236409,3182.375620037636,25.912936891231155,2692.0870631087687
200,2026-01-09 19:30:00+05:30,22.0,27.0,3213.0,2618.0,202.38056952074967,33.116820467031765,3179.8831795329684,26.984075936099956,2591.0159240639
200,2026-01-11 19:30:00+05:30,22.0,26.0,3213.0,2718.0,202.38056952074967,33.116820467031765,3179.8831795329684,28.02192501056534,2689.978074989435
200,2026-01-12 18:30:00+05:30,22.0,26.0,3213.0,2718.0,202.38056952074967,33.116820467031765,3179.8831795329684,28.02192501056534,2689.978074989435
200,2026-01-04 19:30:00+05:30,22.0,26.0,3213.0,2718.0,202.38056952074967,33.116820467031765,3179.8831795329684,28.02192501056534,2689.978074989435
183,2026-01-12 18:30:00+05:30,22.0,27.0,3213.0,2618.0,216.4656838334737,35.421657354568424,3177.578342645432,28.862091177796493,2589.1379088222034
183,2026-01-04 19:30:00+05:30,22.0,26.0,3213.0,2718.0,216.4656838334737,35.421657354568424,3177.578342645432,29.972171607711743,2688.027828392288
183,2026-01-09 19:30:00+05:30,22.0,27.0,3213.0,2618.0,216.4656838334737,35.421657354568424,3177.578342645432,28.862091177796493,2589.1379088222034
183,2026-01-11 19:30:00+05:30,22.0,26.0,3213.0,2718.0,216.4656838334737,35.421657354568424,3177.578342645432,29.972171607711743,2688.027828392288
161,2026-01-11 19:30:00+05:30,22.0,26.0,3213.0,2718.0,239.4275623291592,39.17905565386241,3173.8209443461374,33.15150863019127,2684.848491369809
161,2026-01-12 18:30:00+05:30,22.0,27.0,3213.0,2618.0,239.4275623291592,39.17905565386241,3173.8209443461374,31.92367497722123,2586.0763250227787
161,2026-01-09 19:30:00+05:30,22.0,26.0,3213.0,2718.0,239.4275623291592,39.17905565386241,3173.8209443461374,33.15150863019127,2684.848491369809
155,2026-01-12 18:30:00+05:30,22.0,27.0,3213.0,2618.0,249.8253073011373,40.880504831095195,3172.119495168905,33.31004097348497,2584.689959026515
155,2026-01-09 19:30:00+05:30,22.0,26.0,3213.0,2718.0,249.8253073011373,40.880504831095195,3172.119495168905,34.591196395542084,2683.4088036044577
155,2026-01-11 19:30:00+05:30,22.0,26.0,3213.0,2718.0,249.8253073011373,40.880504831095195,3172.119495168905,34.591196395542084,2683.4088036044577
98,2026-01-02 18:30:00+05:30,22.0,26.0,3213.0,2718.0,328.123102425736,53.69287130602954,3159.3071286939703,45.43242956664038,2672.56757043336
99,2026-01-02 18:30:00+05:30,22.0,26.0,3213.0,2718.0,328.123102425736,53.69287130602954,3159.3071286939703,45.43242956664038,2672.56757043336
98,2026-01-12 18:30:00+05:30,22.0,26.0,3213.0,2718.0,328.123102425736,53.69287130602954,3159.3071286939703,45.43242956664038,2672.56757043336
99,2026-01-12 18:30:00+05:30,22.0,26.0,3213.0,2718.0,328.123102425736,53.69287130602954,3159.3071286939703,45.43242956664038,2672.56757043336
