segment_id,L_cur_med,L_ff_med,L_ff_cv,L_cur_cv,ffs_nunique,fftt_nunique,ffs_med,fftt_med
0,20640.0,20640.0,3.978573224762605e-06,1.8012711766184413e-05,2,2,54.0,1376.0
1,2968.8888888888887,2968.8888888888887,0.0003446485058887377,0.0006036645313087582,4,4,32.0,334.0
2,20640.0,20640.0,3.978573224762605e-06,1.8012711766184413e-05,2,2,54.0,1376.0
3,2564.1666666666665,2564.1666666666665,0.0005111756131998261,0.0002553136485229682,3,3,51.0,181.0
4,5775.555555555556,5775.555555555556,1.799518143958967e-05,3.443291251224389e-05,3,3,23.0,904.0
5,4027.777777777778,4027.777777777778,8.541359808635199e-05,0.000347456274600416,3,3,29.0,500.0
6,20640.0,20640.0,3.978573224762605e-06,1.8012711766184413e-05,2,2,54.0,1376.0
7,19635.0,19635.0,8.21319705491724e-06,1.1361177474814733e-05,2,2,54.0,1309.0
8,10464.166666666666,10464.166666666666,5.7668843014005144e-05,0.0001968151843824713,3,3,29.0,1299.0
9,5821.666666666667,5821.666666666667,2.2440495596610366e-05,5.573521699501692e-05,3,3,21.0,998.0
10,20640.0,20640.0,3.978573224762605e-06,1.8012711766184413e-05,2,2,54.0,1376.0
11,1852.7777777777778,1852.7777777777778,0.00030929214583322247,0.00043041803419021263,2,2,29.0,230.0
12,6490.0,6490.0,0.0003807695680613165,0.00032442155511833035,3,3,36.0,649.0
13,829.7222222222222,829.7222222222222,0.0011495745878762318,0.002311232749753756,3,3,29.0,103.0
14,5821.666666666667,5821.666666666667,2.277194633908754e-05,5.709740098954217e-05,3,3,21.0,998.0
15,19635.0,19635.0,8.21319705491724e-06,1.1361177474814733e-05,2,2,54.0,1309.0
16,10464.166666666666,10464.166666666666,5.5688478627306875e-05,0.00019522868606599604,3,3,29.0,1299.0
17,9022.222222222223,9022.222222222223,8.6226608203218e-05,9.124015439355908e-05,4,4,32.0,1015.0
18,8481.111111111111,8481.111111111111,7.446451544642903e-05,0.00020296079802366903,3,3,34.0,898.0
19,20510.0,20510.0,7.249603181883658e-05,5.4260732053219075e-05,2,2,36.0,2051.0
20,21420.0,21420.0,7.011662394259284e-06,8.985362316642952e-05,3,3,54.0,1428.0
21,20598.333333333332,20598.333333333332,2.135204601686798e-06,1.3614511258890045e-05,2,2,34.0,2181.0
22,21420.0,21420.0,6.719488209460795e-06,8.956681273894846e-05,3,3,54.0,1428.0
23,19992.777777777777,19992.777777777777,2.473827417665618e-05,8.404483674497902e-05,3,3,53.0,1358.0
24,3330.0,3330.0,6.076629675666349e-05,0.00046679114812753464,3,3,27.0,444.0
25,5813.888888888889,5813.888888888889,0.00016155730664324443,0.0002692323702821243,3,3,35.0,598.0
26,20510.0,20510.0,7.382103544806303e-05,5.3349845884018544e-05,2,2,36.0,2051.0
27,19357.5,19358.888888888887,7.541241661746735e-06,8.806465097624344e-05,2,2,28.0,2489.0
28,5821.666666666667,5821.666666666667,2.2094441251566653e-05,5.3156391279689805e-05,3,3,21.0,998.0
29,21420.0,21420.0,5.372934121249744e-06,9.293672867134254e-05,3,3,54.0,1428.0
30,20640.0,20640.0,3.7269124277736517e-06,1.5644432019004898e-05,2,2,54.0,1376.0
31,950.0,950.0,0.002174129483084004,0.0022156533219882396,3,3,45.0,76.0
32,21420.0,21420.0,5.921835607084066e-06,9.357357384131555e-05,3,3,54.0,1428.0
33,19357.5,19358.888888888887,8.419482641950056e-06,8.834735969644426e-05,2,2,28.0,2489.0
34,19357.5,19358.888888888887,8.419482641950056e-06,8.820656355178288e-05,2,2,28.0,2489.0
35,4591.666666666667,4591.666666666667,0.00013221021887609038,0.0002361095326291206,3,3,29.0,570.0
36,19631.944444444445,19635.0,0.00011172781454428182,9.586687044157339e-05,2,2,27.0,2618.0
37,21420.0,21420.0,6.253913361334878e-06,9.225225786591559e-05,3,3,54.0,1428.0
38,21420.0,21420.0,6.253913361334878e-06,9.225225786591559e-05,3,3,54.0,1428.0
39,20598.333333333332,20598.333333333332,2.135204601686798e-06,1.3614511258890045e-05,2,2,34.0,2181.0
40,2398.8888888888887,2398.8888888888887,0.0005231188606910086,0.0006308860201014202,4,4,34.0,254.0
41,19631.944444444445,19635.0,0.00011133411147751417,9.605540333917525e-05,2,2,27.0,2618.0
42,21420.0,21420.0,6.253913361334878e-06,9.214959379453782e-05,3,3,54.0,1428.0
43,20580.0,20580.277777777777,0.00022931856195900345,0.00020533533113546146,3,3,43.0,1723.0
44,21420.0,21420.0,6.253913361334878e-06,9.214959379453782e-05,3,3,54.0,1428.0
45,19771.11111111111,19771.11111111111,1.8426158344794479e-16,1.8426158344794479e-16,1,1,41.0,1736.0
46,20598.333333333332,20598.333333333332,2.135204601686798e-06,1.3614511258890045e-05,2,2,34.0,2181.0
47,2578.3333333333335,2578.3333333333335,3.583082779512982e-05,0.0004025848386174499,3,3,21.0,442.0
48,2578.3333333333335,2578.3333333333335,3.583082779512982e-05,0.0004025848386174499,3,3,21.0,442.0
49,889.1666666666666,889.1666666666666,0.004630652313715181,0.004290999554084343,3,3,33.0,97.0
50,889.1666666666666,889.1666666666666,0.004630652313715181,0.004290999554084343,3,3,33.0,97.0
51,10431.944444444443,10431.944444444443,6.14790178979022e-05,9.159905828395876e-05,4,4,29.0,1295.0
52,10431.944444444443,10431.944444444443,6.14790178979022e-05,9.159905828395876e-05,4,4,29.0,1295.0
53,3329.4444444444443,3329.4444444444443,0.00018006062366059827,0.0001999432993669432,3,3,26.0,461.0
54,21420.0,21420.0,6.41218208564187e-06,9.246784392414198e-05,3,3,54.0,1428.0
55,19425.0,19425.0,0.0,1.0658526910113265e-05,1,1,42.0,1665.0
56,19771.11111111111,19771.11111111111,1.8426158344794479e-16,1.8426158344794479e-16,1,1,41.0,1736.0
57,19992.777777777777,19992.777777777777,2.4738274176656177e-05,7.789196934086938e-05,3,3,53.0,1358.0
58,10431.944444444443,10431.944444444443,6.092879431472054e-05,9.101184148856518e-05,4,4,29.0,1295.0
59,19357.5,19358.888888888887,7.541241661746735e-06,8.913157787701796e-05,2,2,28.0,2489.0
60,19425.0,19425.0,0.0,1.0658526910113265e-05,1,1,42.0,1665.0
61,19771.11111111111,19771.11111111111,1.8426158344794479e-16,1.8426158344794479e-16,1,1,41.0,1736.0
62,19116.666666666668,19116.666666666668,2.5773577465387247e-05,6.518015477781384e-05,2,2,37.0,1860.0
63,5813.888888888889,5813.888888888889,0.0001521723230967399,0.00026643690027350727,3,3,35.0,598.0
64,19992.777777777777,19992.777777777777,2.596119141552956e-05,7.789196934086938e-05,3,3,53.0,1358.0
65,21420.0,21420.0,6.8674160601261265e-06,9.299909889536405e-05,3,3,54.0,1428.0
66,2564.1666666666665,2564.1666666666665,0.0004502117932430879,0.000300931665900544,3,3,51.0,181.0
67,5821.666666666667,5821.666666666667,2.1022170901803353e-05,4.951904738527007e-05,3,3,21.0,998.0
68,3330.0,3330.0,7.05283596137116e-05,0.0004821973151784255,3,3,27.0,444.0
69,19116.666666666668,19116.666666666668,2.5773577465387247e-05,6.761200049939943e-05,2,2,37.0,1860.0
70,10431.944444444443,10431.944444444443,5.965549213693358e-05,9.267035301894973e-05,5,5,29.0,1295.0
71,20640.0,20640.0,3.455348426763176e-06,1.620192539470049e-05,2,2,54.0,1376.0
72,8481.111111111111,8481.111111111111,7.982608302436676e-05,0.00020299288346141303,3,3,34.0,898.0
73,19357.5,19358.888888888887,9.933888888484057e-06,8.875135259472816e-05,3,3,28.0,2489.0
74,19357.5,19358.888888888887,1.0604680409615998e-05,8.861005909644686e-05,3,3,28.0,2489.0
75,9022.222222222223,9022.222222222223,0.00011528977497613655,9.099242958443679e-05,4,4,32.0,1015.0
76,19771.11111111111,19771.11111111111,1.8426158344794479e-16,1.8426158344794479e-16,1,1,41.0,1736.0
77,19425.0,19425.0,0.0,1.0658526910113265e-05,1,1,42.0,1665.0
78,19425.0,19425.0,0.0,1.0658526910113265e-05,1,1,42.0,1665.0
79,19116.666666666668,19116.666666666668,2.7354057705872496e-05,7.060230614357983e-05,3,3,37.0,1860.0
80,3329.4444444444443,3329.4444444444443,0.00017853855020655835,0.0001983199001620863,3,3,26.0,461.0
81,5821.666666666667,5821.666666666667,2.1022170901803353e-05,4.9467142854676526e-05,3,3,21.0,998.0
82,19116.666666666668,19116.666666666668,2.7354057705872496e-05,7.065656021127873e-05,3,3,37.0,1860.0
83,8481.111111111111,8481.111111111111,7.841323495632673e-05,0.00020211322906654912,3,3,34.0,898.0
84,19357.5,19358.888888888887,1.123193022298816e-05,8.792703419130098e-05,3,3,28.0,2489.0
85,10453.333333333334,10453.333333333334,2.8144067008642464e-05,7.406426456326192e-05,3,3,28.0,1344.0
86,20580.0,20580.277777777777,0.00023111233057724107,0.0002054125128373519,3,3,43.0,1723.0
87,19425.0,19425.0,0.0,1.0658526910113265e-05,1,1,42.0,1665.0
88,19357.5,19358.888888888887,1.123193022298816e-05,8.792703419130098e-05,3,3,28.0,2489.0
89,1955.5555555555554,1955.5555555555554,0.00017240033808404103,0.00035639594327789494,3,3,22.0,320.0
90,19631.944444444445,19635.0,0.00011287387277372126,9.535030615192606e-05,2,2,27.0,2618.0
91,19997.222222222223,19997.222222222223,3.120985277133353e-05,9.209539467711752e-05,3,3,46.0,1565.0
92,10430.0,10430.0,0.00011184505411366694,0.0001161141249804465,5,5,28.0,1341.0
93,19635.0,19635.0,8.21319705491724e-06,1.3178483062049371e-05,2,2,54.0,1309.0
94,10431.944444444443,10431.944444444443,5.908455283633349e-05,9.329171783817283e-05,5,5,29.0,1295.0
95,21420.0,21420.0,6.412182085641868e-06,9.154961413506756e-05,3,3,54.0,1428.0
96,19425.0,19425.0,0.0,1.0658526910113265e-05,1,1,42.0,1665.0
97,19771.11111111111,19771.11111111111,1.7796312855468176e-05,1.0381186561761146e-05,2,2,41.0,1736.0
98,19631.944444444445,19635.0,0.00011249763524341961,9.600211415640437e-05,2,2,27.0,2618.0
99,19631.944444444445,19635.0,0.00011211563552822437,9.600211415640437e-05,2,2,27.0,2618.0
100,19997.222222222223,19997.222222222223,3.347777758511802e-05,9.174555015897188e-05,3,3,46.0,1565.0
101,10431.944444444443,10431.944444444443,5.849861117153581e-05,9.264015226140527e-05,5,5,29.0,1295.0
102,10431.944444444443,10431.944444444443,5.879348506697839e-05,9.268189673929887e-05,5,5,29.0,1295.0
103,2408.8888888888887,2408.8888888888887,0.00038456874130441467,0.0005721633753434092,6,6,32.0,271.0
104,2242.5,2242.5,0.0005939508263188635,0.000579762242943313,4,4,27.0,299.0
105,10431.944444444443,10431.944444444443,5.702435667447073e-05,9.273180727591859e-05,5,5,29.0,1295.0
106,20510.0,20510.0,7.637743028817056e-05,5.027826434730884e-05,2,2,36.0,2051.0
107,19116.666666666668,19116.666666666668,2.2447126167887715e-05,6.900111924321861e-05,3,3,37.0,1860.0
108,19997.222222222223,19997.222222222223,3.6236149891033975e-05,9.216824207862952e-05,3,3,46.0,1565.0
109,9022.222222222223,9022.222222222223,0.0001138136593148525,9.363816585004352e-05,3,3,32.0,1015.0
110,5821.666666666667,5821.666666666667,2.119755381492527e-05,5.133075847523162e-05,3,3,21.0,998.0
111,2408.8888888888887,2408.8888888888887,0.000389387155941505,0.0005749932185910434,6,6,32.0,271.0
112,19771.11111111111,19771.11111111111,1.7796312855468176e-05,1.0381186561761146e-05,2,2,41.0,1736.0
113,3329.4444444444443,3329.4444444444443,0.0001785385502065583,0.00020360888225696245,3,3,26.0,461.0
114,3330.0,3330.0,6.054498144994051e-05,0.00048137738572307355,3,3,27.0,444.0
115,21420.0,21420.0,5.742345230987557e-06,9.447383001065449e-05,3,3,54.0,1428.0
116,19997.222222222223,19997.222222222223,3.349589788941869e-05,9.251888411931819e-05,3,3,46.0,1565.0
117,5813.888888888889,5813.888888888889,0.0001422636108456799,0.0002702718529151081,2,2,35.0,598.0
118,20580.0,20580.277777777777,0.0002305561310320933,0.00020570802675638937,3,3,43.0,1723.0
119,20580.0,20580.277777777777,0.0002305561310320933,0.00020588494994336224,3,3,43.0,1723.0
120,19997.222222222223,19997.222222222223,3.120985277133353e-05,9.360283234627758e-05,3,3,46.0,1565.0
121,8481.111111111111,8481.111111111111,7.267985244314198e-05,0.00020308826715506457,3,3,34.0,898.0
122,9022.222222222223,9022.222222222223,0.00011324861710038803,9.510440410954719e-05,3,3,32.0,1015.0
123,19997.222222222223,19997.222222222223,3.7507309110690764e-05,9.453363130943493e-05,3,3,46.0,1565.0
124,5813.888888888889,5813.888888888889,0.00014617360123010114,0.0002648396538468616,2,2,35.0,598.0
125,20510.0,20510.0,8.228857094537177e-05,5.1434526055762145e-05,2,2,36.0,2051.0
126,5010.555555555556,5010.555555555556,0.00010044790308708991,0.00016979279840054212,3,3,29.0,622.0
127,2221.6666666666665,2221.6666666666665,0.00029302924095207973,0.0010121996007838668,4,4,31.0,258.0
128,465.0,465.0,0.003284461054754113,0.0018614787241991644,4,4,27.0,62.0
129,8481.111111111111,8481.111111111111,7.187300907632207e-05,0.00020128970034267914,3,3,34.0,898.0
130,2555.5555555555557,2555.5555555555557,0.00010602184526574499,0.00010677084677073461,3,3,23.0,400.0
131,19771.11111111111,19771.11111111111,1.7796312855468176e-05,1.0381186561761146e-05,2,2,41.0,1736.0
132,4591.666666666667,4591.666666666667,0.0001322102188760904,0.0002490548469784544,3,3,29.0,570.0
133,20510.0,20510.0,8.228857094537177e-05,5.072382186540775e-05,2,2,36.0,2051.0
134,20510.0,20510.0,8.115630613552214e-05,5.073434788963414e-05,2,2,36.0,2051.0
135,20580.0,20580.277777777777,0.0002333600441793391,0.00020627270247939932,3,3,43.0,1723.0
136,5813.888888888889,5813.888888888889,0.00015362741862210225,0.00026496393615306073,2,2,35.0,598.0
137,19997.222222222223,19997.222222222223,3.8088617017326086e-05,9.381527828508646e-05,3,3,46.0,1565.0
138,8481.111111111111,8481.111111111111,6.936085806302673e-05,0.00020364820070157815,3,3,34.0,898.0
139,3330.0,3330.0,5.7589684341607817e-05,0.0004714649602583019,3,3,27.0,444.0
140,3330.0,3330.0,5.7589684341607817e-05,0.0004777827086851085,3,3,27.0,444.0
141,1964.4444444444443,1964.4444444444443,6.990332710360897e-05,0.0003005661974410434,2,2,26.0,272.0
142,5821.666666666667,5821.666666666667,2.0636933479963457e-05,4.627897415567457e-05,3,3,21.0,998.0
143,20580.0,20580.277777777777,0.00023170689294634602,0.0002064599898394445,3,3,43.0,1723.0
144,20510.0,20510.0,7.637743028817056e-05,5.0831905663103094e-05,2,2,36.0,2051.0
145,3330.0,3330.0,5.7589684341607817e-05,0.00047022313647197025,3,3,27.0,444.0
146,3330.0,3330.0,5.8151064075308806e-05,0.00047489762218885844,3,3,27.0,444.0
147,19997.222222222223,19997.222222222223,3.685056431569707e-05,9.283069697749514e-05,3,3,46.0,1565.0
148,2408.8888888888887,2408.8888888888887,0.00037991480484757256,0.0005535168393800364,7,7,32.0,271.0
149,20598.333333333332,20598.333333333332,3.0154153290037883e-06,2.1905527512577075e-05,2,2,34.0,2181.0
150,20598.333333333332,20598.333333333332,3.0154153290037883e-06,2.1905527512577075e-05,2,2,34.0,2181.0
151,2555.5555555555557,2555.5555555555557,9.07577564660896e-05,0.00010873675358425259,3,3,23.0,400.0
152,19997.222222222223,19997.222222222223,3.685056431569707e-05,9.357837467224075e-05,3,3,46.0,1565.0
153,20580.0,20580.277777777777,0.0002305561310320933,0.0002065573087797238,3,3,43.0,1723.0
154,19357.5,19358.888888888887,1.1822570709649267e-05,8.911106149458633e-05,3,3,28.0,2489.0
155,19631.944444444445,19635.0,0.00011360928931760547,9.575340336126712e-05,2,2,27.0,2618.0
156,2408.8888888888887,2408.8888888888887,0.000383559143131922,0.0005650644662829362,7,7,32.0,271.0
157,10431.944444444443,10431.944444444443,5.4959435798631665e-05,8.896107325075747e-05,4,4,29.0,1295.0
158,20580.0,20580.277777777777,0.00023111233057724107,0.0002070738675294265,3,3,43.0,1723.0
159,20640.0,20640.0,3.1587520348785053e-06,5.0939760460996286e-05,2,2,54.0,1376.0
160,10430.0,10430.0,0.00010982253909194314,0.00011440233465390079,5,5,28.0,1341.0
161,19631.944444444445,19635.0,0.00011501339716860187,9.545296012781506e-05,2,2,27.0,2618.0
162,2555.5555555555557,2555.5555555555557,0.0001013544696253146,0.0001072449661128401,3,3,23.0,400.0
163,3329.4444444444443,3329.4444444444443,0.00017263516475159532,0.00019897497755927554,3,3,26.0,461.0
164,20510.0,20510.0,7.761190490584854e-05,4.912103692898236e-05,2,2,36.0,2051.0
165,20580.0,20580.277777777777,0.00023108822681662514,0.00020660600626770724,3,3,43.0,1723.0
166,20510.0,20510.0,7.511429748013121e-05,4.8892489854465624e-05,2,2,36.0,2051.0
167,20580.0,20580.277777777777,0.0002305082660619907,0.00020585519981664106,3,3,43.0,1723.0
168,10431.944444444443,10431.944444444443,5.698801421513494e-05,9.161267353958786e-05,4,4,29.0,1295.0
169,2221.6666666666665,2221.6666666666665,0.00023410642984516398,0.000962579366855151,4,4,31.0,258.0
170,19116.666666666668,19116.666666666668,2.878810334362335e-05,7.432503947902358e-05,3,3,37.0,1860.0
171,19997.222222222223,19997.222222222223,3.2730392372452814e-05,9.277699238601174e-05,3,3,46.0,1565.0
172,21420.0,21420.0,6.410955947778434e-06,9.600709746791466e-05,2,2,54.0,1428.0
173,20580.0,20580.277777777777,0.00022748147684847455,0.00020432988305958517,3,3,43.0,1723.0
174,10430.0,10430.0,0.00010947067121059114,0.00011250930871715857,5,5,28.0,1341.0
175,10431.944444444443,10431.944444444443,5.4931217630052095e-05,9.266591559650493e-05,4,4,29.0,1295.0
176,10430.0,10430.0,0.00011007630274798266,0.00011250930871715857,5,5,28.0,1341.0
177,19116.666666666668,19116.666666666668,2.8788103343623345e-05,7.432503947902358e-05,3,3,37.0,1860.0
178,8481.111111111111,8481.111111111111,5.9655582417523894e-05,0.0002071042361403204,3,3,34.0,898.0
179,10431.944444444443,10431.944444444443,5.457203687569025e-05,9.27577462859087e-05,4,4,29.0,1295.0
180,19116.666666666668,19116.666666666668,2.7354057705872493e-05,7.411518562732195e-05,3,3,37.0,1860.0
181,10431.944444444443,10431.944444444443,5.457203687569025e-05,9.27577462859087e-05,4,4,29.0,1295.0
182,5813.888888888889,5813.888888888889,0.00018065826319916807,0.0002660337684303715,3,3,35.0,598.0
183,19631.944444444445,19635.0,0.00011432232541581273,9.455013378825991e-05,2,2,27.0,2618.0
184,20510.0,20510.0,6.684018125467384e-05,4.739007189494657e-05,2,2,36.0,2051.0
185,19425.0,19425.0,0.0,7.87351356480673e-06,1,1,42.0,1665.0
186,19771.11111111111,19771.11111111111,1.7796312855468173e-05,2.3728409711627185e-05,2,2,41.0,1736.0
187,2398.8888888888887,2398.8888888888887,0.0005192239887476296,0.0005906185022643077,5,5,34.0,254.0
188,9022.222222222223,9022.222222222223,0.00011546768264855002,9.621377313181852e-05,3,3,32.0,1015.0
189,9022.222222222223,9022.222222222223,0.00011546768264855002,9.638203545099031e-05,3,3,32.0,1015.0
190,20580.0,20580.277777777777,0.0002268407494755951,0.0002038495209967245,3,3,43.0,1723.0
191,10431.944444444443,10431.944444444443,5.4207931672933475e-05,9.085928551227775e-05,4,4,29.0,1295.0
192,10453.333333333334,10453.333333333334,2.606597267765243e-05,7.268731249412643e-05,3,3,28.0,1344.0
193,19116.666666666668,19116.666666666668,2.2447126167887712e-05,7.54347953078459e-05,3,3,37.0,1860.0
194,21420.0,21420.0,6.090674678986386e-06,9.541146439486685e-05,2,2,54.0,1428.0
195,20580.0,20580.277777777777,0.0002261896292925707,0.00020381452714345074,3,3,43.0,1723.0
196,19116.666666666668,19116.666666666668,2.2447126167887712e-05,7.457527236101323e-05,3,3,37.0,1860.0
197,19116.666666666668,19116.666666666668,2.2447126167887712e-05,7.457527236101323e-05,3,3,37.0,1860.0
198,5821.666666666667,5821.666666666667,2.0664369334531387e-05,3.9775165058054875e-05,3,3,21.0,998.0
199,20510.0,20510.0,6.831188294019142e-05,4.851375610329077e-05,2,2,36.0,2051.0
200,19631.944444444445,19635.0,0.00011535082022411344,9.455013378825991e-05,2,2,27.0,2618.0
201,5813.888888888889,5813.888888888889,0.00017860515891328886,0.00025639003304656397,3,3,35.0,598.0
202,20580.0,20580.277777777777,0.00022996593465968458,0.00020464370352224834,3,3,43.0,1723.0
203,19357.5,19358.888888888887,1.238184200536433e-05,8.891650024561816e-05,3,3,28.0,2489.0
204,19997.222222222223,19997.222222222223,3.1179614369340924e-05,9.189491405900928e-05,3,3,46.0,1565.0
205,20510.0,20510.0,7.113751300457566e-05,5.204218828341936e-05,2,2,36.0,2051.0
206,3330.0,3330.0,5.3381884951657265e-05,0.0004782877455764786,3,3,27.0,444.0
207,3330.0,3330.0,5.3381884951657265e-05,0.0004782877455764786,3,3,27.0,444.0
208,19997.222222222223,19997.222222222223,2.957133818133893e-05,9.100779604215962e-05,3,3,46.0,1565.0
209,19992.777777777777,19992.777777777777,2.103196303939215e-05,8.543088717711706e-05,3,3,53.0,1358.0
210,9022.222222222223,9022.222222222223,0.00012134090852876031,9.769266844874408e-05,3,3,32.0,1015.0
211,8481.111111111111,8481.111111111111,6.722713722307305e-05,0.0001950245757842262,2,2,34.0,898.0
212,20640.0,20640.0,3.1587520348785053e-06,4.1079879261403504e-05,2,2,54.0,1376.0
213,21420.0,21420.0,7.002697165245953e-06,9.533592726703759e-05,2,2,54.0,1428.0
214,3329.4444444444443,3329.4444444444443,0.0001729454098192383,0.00019986154570941637,3,3,26.0,461.0
215,3329.4444444444443,3329.4444444444443,0.0001851163967026994,0.00020155190340805614,3,3,26.0,461.0
216,20580.0,20580.277777777777,0.00022421752466908422,0.0002045301292426975,2,2,43.0,1723.0
217,20580.0,20580.277777777777,0.00022421752466908422,0.0002045301292426975,2,2,43.0,1723.0
218,5813.888888888889,5813.888888888889,0.00014304501347328315,0.0002533235079448812,3,3,35.0,598.0
219,10430.0,10430.0,0.0001083631748602127,0.00011880475231745197,5,5,28.0,1341.0
220,19997.222222222223,19997.222222222223,3.26905385241748e-05,9.183811194521633e-05,3,3,46.0,1565.0
221,19357.5,19358.888888888887,1.238184200536433e-05,8.790539212882178e-05,3,3,28.0,2489.0
222,19631.944444444445,19635.0,0.00011501339716860187,9.516093048172866e-05,2,2,27.0,2618.0
223,2221.6666666666665,2221.6666666666665,0.00027229423037249383,0.0010055243782237735,4,4,31.0,258.0
224,8481.111111111111,8481.111111111111,7.105125055750809e-05,0.00020122042121251937,3,3,34.0,898.0
225,19997.222222222223,19997.222222222223,3.194636128673846e-05,9.307172294264175e-05,3,3,46.0,1565.0
226,10430.0,10430.0,0.00010900413002263775,0.00011729123431731674,5,5,28.0,1341.0
227,20510.0,20510.0,7.382103544806303e-05,5.4043742634554164e-05,2,2,36.0,2051.0
228,19425.0,19425.0,0.0,7.87351356480673e-06,1,1,42.0,1665.0
229,19997.222222222223,19997.222222222223,3.194636128673846e-05,9.102947038795068e-05,3,3,46.0,1565.0
230,19116.666666666668,19116.666666666668,2.583139104576021e-05,7.211905887475765e-05,3,3,37.0,1860.0
231,20510.0,20510.0,7.249603181883657e-05,5.261539119079163e-05,2,2,36.0,2051.0
232,20580.0,20580.277777777777,0.00022210297293611753,0.0002053415029255826,2,2,43.0,1723.0
233,10464.166666666666,10464.166666666666,4.502498718337417e-05,0.0001962335324603608,3,3,29.0,1299.0
234,20580.0,20580.277777777777,0.00022210297293611753,0.00020541257647323466,2,2,43.0,1723.0
235,5821.666666666667,5821.666666666667,2.1393023069041343e-05,4.9387619023812834e-05,3,3,21.0,998.0
236,19997.222222222223,19997.222222222223,3.194636128673846e-05,9.21203516931688e-05,3,3,46.0,1565.0
237,19997.222222222223,19997.222222222223,3.194636128673846e-05,9.21203516931688e-05,3,3,46.0,1565.0
238,20510.0,20510.0,7.249603181883657e-05,5.0946491706953044e-05,2,2,36.0,2051.0
239,5813.888888888889,5813.888888888889,0.00014698161282149656,0.00025153617709943176,3,3,35.0,598.0
240,2242.5,2242.5,0.000619812930708163,0.0005681576618417421,3,3,27.0,299.0
241,2242.5,2242.5,0.000612123860660899,0.0005690788626530603,3,3,27.0,299.0
242,19997.222222222223,19997.222222222223,3.116188268634257e-05,9.114272511194725e-05,3,3,46.0,1565.0
243,5813.888888888889,5813.888888888889,0.00013821786308607263,0.00024932470442990643,2,2,35.0,598.0
244,19116.666666666668,19116.666666666668,2.414330469495793e-05,7.170323922731324e-05,2,2,37.0,1860.0
245,19425.0,19425.0,0.0,7.87351356480673e-06,1,1,42.0,1665.0
246,19635.0,19635.0,1.1598985982219032e-05,4.57974652128006e-05,2,2,54.0,1309.0
247,19997.222222222223,19997.222222222223,3.3413654118207814e-05,9.153534619521241e-05,3,3,46.0,1565.0
248,19771.11111111111,19771.11111111111,1.8426158344794479e-16,1.8426158344794479e-16,1,1,41.0,1736.0
249,21420.0,21420.0,6.090674678986386e-06,9.048932420708842e-05,2,2,54.0,1428.0
250,10431.944444444443,10431.944444444443,5.958383565157946e-05,9.216234699156133e-05,5,5,29.0,1295.0
251,10431.944444444443,10431.944444444443,5.958383565157946e-05,9.216234699156133e-05,5,5,29.0,1295.0
252,20580.0,20580.277777777777,0.00022210297293611753,0.00020507277532202874,2,2,43.0,1723.0
253,2242.5,2242.5,0.0006081098471234822,0.000610731122735364,3,3,27.0,299.0
254,2555.5555555555557,2555.5555555555557,0.00011043901910291813,0.00011672393394720069,3,3,23.0,400.0
255,21420.0,21420.0,6.714226637537378e-06,9.160447535814179e-05,2,2,54.0,1428.0
256,19116.666666666668,19116.666666666668,2.2384095622206413e-05,6.814591356889926e-05,2,2,37.0,1860.0
257,532.5,532.5,0.001726644085940237,0.0048792874076228855,3,3,27.0,71.0
258,10431.944444444443,10431.944444444443,6.265588428884129e-05,9.424320704339392e-05,5,5,29.0,1295.0
259,20580.0,20580.277777777777,0.0002235235769896965,0.0002042071137943985,2,2,43.0,1723.0
260,20510.0,20510.0,7.113751300457566e-05,5.012308309614342e-05,2,2,36.0,2051.0
261,10431.944444444443,10431.944444444443,6.204765917859075e-05,9.340267835366756e-05,5,5,29.0,1295.0
262,19116.666666666668,19116.666666666668,2.2384095622206416e-05,6.65375485261993e-05,2,2,37.0,1860.0
263,8481.111111111111,8481.111111111111,7.564275663236868e-05,0.00019973849810670668,3,3,34.0,898.0
264,465.0,465.0,0.003077125986464803,0.0018464638701349801,4,4,27.0,62.0
265,19997.222222222223,19997.222222222223,3.1179614369340924e-05,9.25391234188452e-05,3,3,46.0,1565.0
266,2408.8888888888887,2408.8888888888887,0.0003940280235214655,0.0005169926494593729,6,6,32.0,271.0
267,20580.0,20580.277777777777,0.0002255732140955479,0.00020403524812370396,2,2,43.0,1723.0
268,19631.944444444445,19635.0,0.00011568289806295204,9.44849127691978e-05,2,2,27.0,2618.0
269,19425.0,19425.0,0.0,7.87351356480673e-06,1,1,42.0,1665.0
270,20580.0,20580.277777777777,0.0002262351486900419,0.0002038934537451113,2,2,43.0,1723.0
271,19997.222222222223,19997.222222222223,2.957133818133893e-05,9.203525996813123e-05,3,3,46.0,1565.0
272,20510.0,20510.0,7.761190490584854e-05,4.824942253268418e-05,2,2,36.0,2051.0
273,10431.944444444443,10431.944444444443,6.110704629897717e-05,9.37356190589536e-05,5,5,29.0,1295.0
274,2408.8888888888887,2408.8888888888887,0.00039568644548775266,0.0005255841826764343,6,6,32.0,271.0
275,19631.944444444445,19635.0,0.00011664751293286903,9.443628487423445e-05,2,2,27.0,2618.0
276,19357.5,19358.888888888887,7.541241661746737e-06,8.710391655416393e-05,2,2,28.0,2489.0
277,19357.5,19358.888888888887,7.541241661746737e-06,8.710391655416393e-05,2,2,28.0,2489.0
278,19997.222222222223,19997.222222222223,3.2711297645463255e-05,9.135919047273964e-05,3,3,46.0,1565.0
279,10431.944444444443,10431.944444444443,6.110704629897717e-05,9.380370940154553e-05,5,5,29.0,1295.0
280,8481.111111111111,8481.111111111111,7.5443266649425e-05,0.00020199347947518116,3,3,34.0,898.0
281,20580.0,20580.277777777777,0.000226886600718812,0.00020469323301570982,2,2,43.0,1723.0
282,2398.8888888888887,2398.8888888888887,0.0005239297298336052,0.0005723633942921427,5,5,34.0,254.0
283,5821.666666666667,5821.666666666667,2.2268538354511616e-05,5.1330758475231615e-05,3,3,21.0,998.0
284,20580.0,20580.277777777777,0.00022623514869004195,0.0002046270110846212,2,2,43.0,1723.0
285,10430.0,10430.0,0.00011109995752378101,0.00010873198203750923,5,5,28.0,1341.0
286,19631.944444444445,19635.0,0.00011633120038090524,9.412796265253915e-05,2,2,27.0,2618.0
287,19631.944444444445,19635.0,0.00011600967656868334,9.426035745500639e-05,2,2,27.0,2618.0
288,1964.4444444444443,1964.4444444444443,6.270247900278924e-05,0.0003603731231172807,2,2,26.0,272.0
289,19116.666666666668,19116.666666666668,2.5773577465387247e-05,6.477820941091887e-05,2,2,37.0,1860.0
290,950.0,950.0,0.0022823411699079924,0.0022613086283410798,4,4,45.0,76.0
291,5821.666666666667,5821.666666666667,2.2600159638384726e-05,5.1330758475231615e-05,3,3,21.0,998.0
292,5775.555555555556,5775.555555555556,1.8647481546754003e-05,4.2845477220738594e-05,3,3,23.0,904.0
293,5821.666666666667,5821.666666666667,2.2600159638384726e-05,5.1330758475231615e-05,3,3,21.0,998.0
294,19997.222222222223,19997.222222222223,2.8725622313485195e-05,9.125291082579512e-05,3,3,46.0,1565.0
295,10453.333333333334,10453.333333333334,2.473174085038516e-05,6.916439028892849e-05,3,3,28.0,1344.0
296,5813.888888888889,5813.888888888889,0.00015807253658354844,0.0002616460622074988,3,3,35.0,598.0
297,10430.0,10430.0,0.0001126582061489761,0.00011071523769169747,5,5,28.0,1341.0
298,20510.0,20510.0,7.637743028817056e-05,5.2110733763711684e-05,2,2,36.0,2051.0
299,10453.333333333334,10453.333333333334,2.3312815697328824e-05,7.278108773139757e-05,3,3,28.0,1344.0
300,19997.222222222223,19997.222222222223,3.0373362123438812e-05,9.172423548433152e-05,3,3,46.0,1565.0
301,20510.0,20510.0,7.761190490584854e-05,5.18909003256e-05,2,2,36.0,2051.0
302,19997.222222222223,19997.222222222223,2.871578830872444e-05,9.242328341640905e-05,3,3,46.0,1565.0
303,19631.944444444445,19635.0,0.00011695865648749626,9.443377927061918e-05,2,2,27.0,2618.0
304,19357.5,19358.888888888887,9.933888888484057e-06,8.778833870883e-05,3,3,28.0,2489.0
305,10453.333333333334,10453.333333333334,2.4731740850385157e-05,7.048274749162922e-05,3,3,28.0,1344.0
306,20510.0,20510.0,7.382103544806305e-05,5.1392086498491914e-05,2,2,36.0,2051.0
307,8481.111111111111,8481.111111111111,7.207196352832444e-05,0.00020707721356010478,3,3,34.0,898.0
308,2564.1666666666665,2564.1666666666665,0.0005528581236084288,0.0003024542413752976,3,3,51.0,181.0
309,8481.111111111111,8481.111111111111,7.207196352832444e-05,0.0002084826028070565,3,3,34.0,898.0
310,19997.222222222223,19997.222222222223,3.0388589414076348e-05,9.219622228037108e-05,3,3,46.0,1565.0
311,10431.944444444443,10431.944444444443,6.0541964563337875e-05,9.355421447194736e-05,5,5,29.0,1295.0
312,5821.666666666667,5821.666666666667,2.2600159638384726e-05,4.974709144133537e-05,3,3,21.0,998.0
313,20510.0,20510.0,7.881906785177146e-05,5.2034381353954387e-05,2,2,36.0,2051.0
314,3329.4444444444443,3329.4444444444443,0.00016646772787185868,0.0001895609209529212,3,3,26.0,461.0
315,19997.222222222223,19997.222222222223,2.957133818133893e-05,9.350275335652496e-05,3,3,46.0,1565.0
316,19425.0,19425.0,0.0,7.87351356480673e-06,1,1,42.0,1665.0
317,10431.944444444443,10431.944444444443,6.156251252431969e-05,9.375604669420459e-05,5,5,29.0,1295.0
318,2221.6666666666665,2221.6666666666665,0.00029124076529996084,0.0009733751284526923,4,4,31.0,258.0
319,19997.222222222223,19997.222222222223,2.784194091982099e-05,9.450556260030577e-05,3,3,46.0,1565.0
320,20510.0,20510.0,8.000015545713331e-05,5.422607673592491e-05,2,2,36.0,2051.0
321,19425.0,19425.0,0.0,1.0658526910113265e-05,1,1,42.0,1665.0
322,536.6666666666666,536.6666666666666,0.0028503851172643007,0.0028741963940478172,4,4,28.0,69.0
323,20579.444444444445,20580.277777777777,0.00023226760515368436,0.00020390858523309063,3,3,43.0,1723.0
324,2221.6666666666665,2221.6666666666665,0.0002820614443518081,0.0009725184927679978,4,4,31.0,258.0
325,19997.222222222223,19997.222222222223,2.500206300959225e-05,9.361065616584606e-05,3,3,46.0,1565.0
326,19997.222222222223,19997.222222222223,2.3968290791281674e-05,9.361065616584606e-05,3,3,46.0,1565.0
327,3330.0,3330.0,4.845209899773283e-05,0.00046264821480337704,3,3,27.0,444.0
328,3330.0,3330.0,4.845209899773283e-05,0.00046264821480337704,3,3,27.0,444.0
329,20510.0,20510.0,8.000015545713332e-05,5.350172152047786e-05,2,2,36.0,2051.0
330,20579.444444444445,20580.277777777777,0.00023170689294634602,0.00020394674488282514,3,3,43.0,1723.0
331,19357.5,19358.888888888887,1.123193022298816e-05,8.816865316775881e-05,3,3,28.0,2489.0
332,19997.222222222223,19997.222222222223,2.500206300959225e-05,9.408257322843707e-05,3,3,46.0,1565.0
333,2242.5,2242.5,0.0005589157293298356,0.0006117110668725091,4,4,27.0,299.0
334,20580.0,20580.277777777777,0.0002299659346596845,0.000204460096088851,3,3,43.0,1723.0
335,2555.5555555555557,2555.5555555555557,8.428772954212368e-05,0.00011531583391193262,2,2,23.0,400.0
336,19635.0,19635.0,1.4185894715474378e-05,3.536040461103876e-05,2,2,54.0,1309.0
337,2221.6666666666665,2221.6666666666665,0.00027254964593075454,0.0009530611661287361,4,4,31.0,258.0
338,19997.222222222223,19997.222222222223,2.7853814380593752e-05,9.557998059136004e-05,3,3,46.0,1565.0
339,19997.222222222223,19997.222222222223,2.873357203435314e-05,9.557998059136004e-05,3,3,46.0,1565.0
340,20510.0,20510.0,7.881906785177146e-05,5.1694518450800645e-05,2,2,36.0,2051.0
341,9022.222222222223,9022.222222222223,0.00011546768264855002,9.052101881100502e-05,3,3,32.0,1015.0
342,19425.0,19425.0,0.0,1.0658526910113265e-05,1,1,42.0,1665.0
343,2242.5,2242.5,0.0005679094128551634,0.0006134989551175969,4,4,27.0,299.0
344,1964.4444444444443,1964.4444444444443,6.641113818018047e-05,0.00035589616154670453,2,2,26.0,272.0
345,2398.8888888888887,2398.8888888888887,0.0005121729192827832,0.0005897328907256856,5,5,34.0,254.0
346,20510.0,20510.0,8.000015545713332e-05,5.1102956880836224e-05,2,2,36.0,2051.0
347,2242.5,2242.5,0.0005767484473929571,0.0005832602567412906,4,4,27.0,299.0
348,19425.0,19425.0,0.0,1.0658526910113265e-05,1,1,42.0,1665.0
349,532.5,532.5,0.0017952654951086263,0.004797583192489702,4,4,27.0,71.0
350,889.1666666666666,889.1666666666666,0.004674533400920975,0.0043090461855696755,3,3,33.0,97.0
351,889.1666666666666,889.1666666666666,0.004674533400920975,0.004309808339571835,3,3,33.0,97.0
352,20580.0,20580.277777777777,0.00023131964187571443,0.0002075121261087353,3,3,43.0,1723.0
353,10464.166666666666,10464.166666666666,5.880278037989537e-05,0.00019594627847906051,3,3,29.0,1299.0
354,10453.333333333334,10453.333333333334,2.222565764991133e-05,6.900537243365388e-05,3,3,28.0,1344.0
355,2221.6666666666665,2221.6666666666665,0.00023590453465795782,0.000968244441312575,4,4,31.0,258.0
356,20580.0,20580.277777777777,0.0002288535469706325,0.0002075121261087353,3,3,43.0,1723.0
357,19631.944444444445,19635.0,0.00011198775174202765,9.629289296714922e-05,2,2,27.0,2618.0
358,19631.944444444445,19635.0,0.0001123872529431743,9.629289296714922e-05,2,2,27.0,2618.0
359,10453.333333333334,10453.333333333334,2.222565764991133e-05,7.026846694596964e-05,3,3,28.0,1344.0
360,20510.0,20510.0,7.104973351116967e-05,5.476369589894266e-05,2,2,36.0,2051.0
361,20510.0,20510.0,7.104973351116967e-05,5.475533701298629e-05,2,2,36.0,2051.0
362,10431.944444444443,10431.944444444443,6.085862300488734e-05,8.7419008239293e-05,4,4,29.0,1295.0
363,10453.333333333334,10453.333333333334,2.222565764991133e-05,7.097033192964373e-05,3,3,28.0,1344.0
364,2398.8888888888887,2398.8888888888887,0.0005141913473473308,0.0006068207370544343,3,3,34.0,254.0
365,19997.222222222223,19997.222222222223,4.070204958234274e-05,8.843977282682994e-05,3,3,46.0,1565.0
366,10431.944444444443,10431.944444444443,6.0261362153852505e-05,8.72126165531065e-05,4,4,29.0,1295.0
367,19425.0,19425.0,0.0,1.0872016950098992e-05,1,1,42.0,1665.0
368,10431.944444444443,10431.944444444443,6.085862300488734e-05,8.845600980368347e-05,4,4,29.0,1295.0
369,10464.166666666666,10464.166666666666,6.402004938579748e-05,0.0001942800950432733,3,3,29.0,1299.0
370,10464.166666666666,10464.166666666666,6.402004938579748e-05,0.0001942800950432733,3,3,29.0,1299.0
371,10431.944444444443,10431.944444444443,6.0561962161100296e-05,8.857676822063567e-05,4,4,29.0,1295.0
372,20510.0,20510.0,7.104973351116967e-05,5.516463777369411e-05,2,2,36.0,2051.0
373,10431.944444444443,10431.944444444443,6.0261362153852505e-05,8.83117493767144e-05,4,4,29.0,1295.0
374,10430.0,10430.0,0.00011386111171484797,0.00012080131382063297,5,5,28.0,1341.0
375,5813.888888888889,5813.888888888889,0.00016463328486028276,0.0002697939238058894,3,3,35.0,598.0
376,10431.944444444443,10431.944444444443,6.0261362153852505e-05,8.737338124113138e-05,4,4,29.0,1295.0
377,19997.222222222223,19997.222222222223,3.2532753502334156e-05,9.163825633743925e-05,3,3,46.0,1565.0
378,10430.0,10430.0,0.00011288709184389294,0.0001185345904524278,5,5,28.0,1341.0
379,19997.222222222223,19997.222222222223,3.404653160885671e-05,9.202929986655739e-05,3,3,46.0,1565.0
380,10431.944444444443,10431.944444444443,6.085862300488734e-05,8.829891445139265e-05,4,4,29.0,1295.0
381,9022.222222222223,9022.222222222223,9.893067393958794e-05,9.326783972502157e-05,4,4,32.0,1015.0
382,8481.111111111111,8481.111111111111,8.026398076786764e-05,0.00019787144876752454,3,3,34.0,898.0
383,10430.0,10430.0,0.00011338368720331455,0.00011915059702506373,5,5,28.0,1341.0
384,20580.0,20580.277777777777,0.00023008338020911879,0.00020697231248285498,3,3,43.0,1723.0
385,5813.888888888889,5813.888888888889,0.00017143023861065232,0.0002656510859927592,3,3,35.0,598.0
386,10431.944444444443,10431.944444444443,6.228478386217936e-05,8.969554598053913e-05,4,4,29.0,1295.0
387,20640.0,20640.0,3.8004600013818466e-06,1.5954754039162917e-05,2,2,54.0,1376.0
388,19116.666666666668,19116.666666666668,1.6212531422761614e-05,6.694235911702575e-05,2,2,37.0,1860.0
389,19357.5,19358.888888888887,8.58663929995671e-06,8.835416911337481e-05,2,2,28.0,2489.0
390,2408.8888888888887,2408.8888888888887,0.00038500570338765444,0.0005019816138552776,6,6,32.0,271.0
391,10431.944444444443,10431.944444444443,6.20069943773755e-05,9.032538793262426e-05,4,4,29.0,1295.0
392,20580.0,20580.277777777777,0.0002312944981852608,0.00020659010915297495,3,3,43.0,1723.0
393,3330.0,3330.0,6.396223372591022e-05,0.00047812310953963756,3,3,27.0,444.0
394,20580.0,20580.277777777777,0.0002318840928662444,0.0002068371473548736,3,3,43.0,1723.0
395,19631.944444444445,19635.0,0.0001098939325542705,9.664308720069997e-05,2,2,27.0,2618.0
396,3329.4444444444443,3329.4444444444443,0.000170998451006061,0.0002020407379347227,3,3,26.0,461.0
397,3329.4444444444443,3329.4444444444443,0.000170998451006061,0.0002020407379347227,3,3,26.0,461.0
398,2398.8888888888887,2398.8888888888887,0.0005199127151397253,0.0006238329484739967,4,4,34.0,254.0
399,19116.666666666668,19116.666666666668,1.8693219952751683e-05,6.694235911702575e-05,2,2,37.0,1860.0
400,19357.5,19358.888888888887,8.58663929995671e-06,8.823128377107988e-05,2,2,28.0,2489.0
401,10430.0,10430.0,0.00011174560264528266,0.00011890045965621126,5,5,28.0,1341.0
402,19357.5,19358.888888888887,8.58663929995671e-06,8.823128377107988e-05,2,2,28.0,2489.0
403,20580.0,20580.277777777777,0.0002312944981852608,0.00020575458531614424,3,3,43.0,1723.0
404,19631.944444444445,19635.0,0.0001098939325542705,9.63640179564591e-05,2,2,27.0,2618.0
405,19631.944444444445,19635.0,0.0001098939325542705,9.646220488345046e-05,2,2,27.0,2618.0
406,10430.0,10430.0,0.00011200991373322422,0.00012005012470802958,5,5,28.0,1341.0
407,19992.777777777777,19992.777777777777,2.45612250835483e-05,7.645757500642559e-05,3,3,53.0,1358.0
408,2555.5555555555557,2555.5555555555557,0.0001315015587986114,0.00011297000079710165,3,3,23.0,400.0
409,10430.0,10430.0,0.00011174560264528266,0.00012005012470802958,5,5,28.0,1341.0
410,5813.888888888889,5813.888888888889,0.00015515777727620957,0.0002653053486028085,3,3,35.0,598.0
411,19631.944444444445,19635.0,0.00011032577992558456,9.627895109910499e-05,2,2,27.0,2618.0
412,10431.944444444443,10431.944444444443,6.255895215742394e-05,8.930029166448402e-05,4,4,29.0,1295.0
413,20510.0,20510.0,7.518889270804438e-05,4.9891092583787954e-05,2,2,36.0,2051.0
414,2398.8888888888887,2398.8888888888887,0.0005215328059111799,0.0005994764998560922,4,4,34.0,254.0
415,20510.0,20510.0,7.384418625766208e-05,4.9664006021217546e-05,2,2,36.0,2051.0
416,19631.944444444445,19635.0,0.00011032577992558456,9.617268399667074e-05,2,2,27.0,2618.0
417,19631.944444444445,19635.0,0.00011032577992558456,9.623489667861786e-05,2,2,27.0,2618.0
418,1957.5,1957.5,2.3841366806063734e-05,0.0003108845648026411,2,2,27.0,261.0
419,10430.0,10430.0,0.00011140331795726153,0.00011857315191794821,5,5,28.0,1341.0
420,5813.888888888889,5813.888888888889,0.00016267692869275345,0.0002649801029874214,3,3,35.0,598.0
421,19357.5,19358.888888888887,9.392351207229942e-06,8.854243767227797e-05,3,3,28.0,2489.0
422,19357.5,19358.888888888887,1.0129926865125768e-05,8.839194212426132e-05,3,3,28.0,2489.0
423,3329.4444444444443,3329.4444444444443,0.0001823123459911783,0.00019356819806188647,3,3,26.0,461.0
424,20510.0,20510.0,7.104973351116967e-05,4.4748154763651316e-05,2,2,36.0,2051.0
425,19425.0,19425.0,0.0,1.0872016950098992e-05,1,1,42.0,1665.0
426,19357.5,19358.888888888887,1.0813317975435261e-05,8.73356024823767e-05,3,3,28.0,2489.0
427,19997.222222222223,19997.222222222223,3.411868202648135e-05,9.148521460325672e-05,3,3,46.0,1565.0
428,9022.222222222223,9022.222222222223,0.00011687751063823269,9.072696520668698e-05,4,4,32.0,1015.0
429,9022.222222222223,9022.222222222223,0.0001223952425002787,9.014967719509977e-05,4,4,32.0,1015.0
430,20580.0,20580.277777777777,0.00023361585097776596,0.00020599525138432316,3,3,43.0,1723.0
431,19425.0,19425.0,0.0,1.0872016950098992e-05,1,1,42.0,1665.0
432,19997.222222222223,19997.222222222223,3.182586990503615e-05,9.121975892585793e-05,3,3,46.0,1565.0
433,10430.0,10430.0,0.00011169540898150899,0.0001180977128156635,5,5,28.0,1341.0
434,19631.944444444445,19635.0,0.00011116970098114865,9.577799711131768e-05,2,2,27.0,2618.0
435,9022.222222222223,9022.222222222223,0.00011631787078422419,9.001226979634145e-05,4,4,32.0,1015.0
436,10431.944444444443,10431.944444444443,5.9832962932616015e-05,9.261146158756975e-05,5,5,29.0,1295.0
437,10431.944444444443,10431.944444444443,5.953670994721237e-05,9.224838721481036e-05,5,5,29.0,1295.0
438,19997.222222222223,19997.222222222223,3.100151892973339e-05,9.226330445464701e-05,3,3,46.0,1565.0
439,19997.222222222223,19997.222222222223,3.100151892973339e-05,9.151352615403658e-05,3,3,46.0,1565.0
440,20580.0,20580.277777777777,0.00023190941764129907,0.0002073026858554296,3,3,43.0,1723.0
441,5821.666666666667,5821.666666666667,1.9454650634775312e-05,4.6466934720387935e-05,3,3,21.0,998.0
442,10431.944444444443,10431.944444444443,5.8932133124026475e-05,9.178992507425725e-05,5,5,29.0,1295.0
443,20510.0,20510.0,7.104973351116967e-05,5.022596328304091e-05,2,2,36.0,2051.0
444,10453.333333333334,10453.333333333334,2.8701739327693212e-05,7.304741229805914e-05,3,3,28.0,1344.0
445,2398.8888888888887,2398.8888888888887,0.0005114039335960398,0.0005651245992483827,4,4,34.0,254.0
446,10453.333333333334,10453.333333333334,2.8701739327693212e-05,7.304741229805914e-05,3,3,28.0,1344.0
447,10453.333333333334,10453.333333333334,2.8701739327693212e-05,7.304741229805914e-05,3,3,28.0,1344.0
448,19116.666666666668,19116.666666666668,2.289191728794797e-05,7.201689905875133e-05,3,3,37.0,1860.0
449,20510.0,20510.0,7.384418625766209e-05,5.045180698306925e-05,2,2,36.0,2051.0
450,10430.0,10430.0,0.00011140331795726156,0.00011446768566789854,5,5,28.0,1341.0
451,20510.0,20510.0,7.384418625766209e-05,5.060671602474226e-05,2,2,36.0,2051.0
452,9022.222222222223,9022.222222222223,0.0001165019624145176,9.25952837246071e-05,3,3,32.0,1015.0
453,19116.666666666668,19116.666666666668,2.0937747289904703e-05,7.011247604338129e-05,3,3,37.0,1860.0
454,20580.0,20580.277777777777,0.0002330574448124651,0.00020739197862987144,3,3,43.0,1723.0
455,19997.222222222223,19997.222222222223,3.337679161597485e-05,9.2660665489324e-05,3,3,46.0,1565.0
456,20510.0,20510.0,7.778234575616855e-05,5.025836579922344e-05,2,2,36.0,2051.0
457,19116.666666666668,19116.666666666668,2.0937747289904703e-05,7.098960743842108e-05,3,3,37.0,1860.0
458,10431.944444444443,10431.944444444443,5.648684213392182e-05,9.319759484281942e-05,5,5,29.0,1295.0
459,10453.333333333334,10453.333333333334,2.6355408013846302e-05,7.210242433554142e-05,3,3,28.0,1344.0
460,3329.4444444444443,3329.4444444444443,0.00018806915128027294,0.0002031302522505824,3,3,26.0,461.0
461,3330.0,3330.0,6.401736566130799e-05,0.0004945479211891941,3,3,27.0,444.0
462,10453.333333333334,10453.333333333334,2.6355408013846302e-05,7.210242433554142e-05,3,3,28.0,1344.0
463,2398.8888888888887,2398.8888888888887,0.0005114039335960398,0.0005734243205444285,4,4,34.0,254.0
464,21420.0,21420.0,6.208309928361996e-06,9.495006059495912e-05,3,3,54.0,1428.0
465,10453.333333333334,10453.333333333334,2.766130993915843e-05,7.395024426753337e-05,3,3,28.0,1344.0
466,2242.5,2242.5,0.000577735608829126,0.0005443609763437227,4,4,27.0,299.0
467,19631.944444444445,19635.0,0.00011278049498676596,9.677919897332713e-05,2,2,27.0,2618.0
468,20510.0,20510.0,7.90342411864338e-05,5.002809871288377e-05,2,2,36.0,2051.0
469,10430.0,10430.0,0.00011020947904153395,0.00012074391764878483,5,5,28.0,1341.0
470,19997.222222222223,19997.222222222223,3.337679161597485e-05,9.422915504207354e-05,3,3,46.0,1565.0
471,20510.0,20510.0,8.025812509444906e-05,4.9312263315268175e-05,2,2,36.0,2051.0
472,19116.666666666668,19116.666666666668,2.2827164381446413e-05,7.21334298713489e-05,2,2,37.0,1860.0
473,19425.0,19425.0,0.0,1.0872016950098992e-05,1,1,42.0,1665.0
474,10453.333333333334,10453.333333333334,3.008228029117317e-05,7.612582166403803e-05,3,3,28.0,1344.0
475,2221.6666666666665,2221.6666666666665,0.00028856960822183815,0.000984824195781299,4,4,31.0,258.0
476,465.0,465.0,0.0031926127697699267,0.001880790316942893,4,4,27.0,62.0
477,10431.944444444443,10431.944444444443,5.5199973986375335e-05,8.995571545525492e-05,5,5,29.0,1295.0
478,5821.666666666667,5821.666666666667,1.9454650634775312e-05,4.132534698853892e-05,3,3,21.0,998.0
479,8481.111111111111,8481.111111111111,7.0621732981041e-05,0.00019826718208886673,3,3,34.0,898.0
480,3330.0,3330.0,5.609339005509849e-05,0.0004805228079533583,3,3,27.0,444.0
481,3330.0,3330.0,5.609339005509849e-05,0.00047710028470292757,3,3,27.0,444.0
482,9022.222222222223,9022.222222222223,9.558951494236164e-05,9.272185574481933e-05,3,3,32.0,1015.0
483,9022.222222222223,9022.222222222223,9.484048511592499e-05,9.222945696239934e-05,3,3,32.0,1015.0
484,2398.8888888888887,2398.8888888888887,0.0005134604153567222,0.0006232499320148377,4,4,34.0,254.0
485,19997.222222222223,19997.222222222223,3.754433442678381e-05,9.410566249367371e-05,3,3,46.0,1565.0
486,19997.222222222223,19997.222222222223,3.754433442678381e-05,9.410566249367371e-05,3,3,46.0,1565.0
487,889.1666666666666,889.1666666666666,0.004623259932563759,0.004331993878487876,3,3,33.0,97.0
488,889.1666666666666,889.1666666666666,0.004623259932563759,0.004331993878487876,3,3,33.0,97.0
489,10453.333333333334,10453.333333333334,2.8900866523357785e-05,7.395024426753337e-05,3,3,28.0,1344.0
490,3330.0,3330.0,5.8684413823438735e-05,0.00047722147270438345,3,3,27.0,444.0
491,3330.0,3330.0,5.8684413823438735e-05,0.00047566419819419466,3,3,27.0,444.0
492,10453.333333333334,10453.333333333334,2.8900866523357785e-05,7.395024426753337e-05,3,3,28.0,1344.0
493,10431.944444444443,10431.944444444443,5.4528721508017845e-05,8.733907960871515e-05,5,5,29.0,1295.0
494,20510.0,20510.0,7.90342411864338e-05,4.9293670485017574e-05,2,2,36.0,2051.0
495,19116.666666666668,19116.666666666668,2.628064361275282e-05,7.009856520930599e-05,2,2,37.0,1860.0
496,10430.0,10430.0,0.00011006649657994651,0.00011701005084198644,5,5,28.0,1341.0
497,19116.666666666668,19116.666666666668,2.461975022687203e-05,6.944725436239528e-05,2,2,37.0,1860.0
498,19997.222222222223,19997.222222222223,3.622645081235306e-05,9.380724290679298e-05,3,3,46.0,1565.0
499,20510.0,20510.0,8.025812509444906e-05,5.005713117265022e-05,2,2,36.0,2051.0
500,3330.0,3330.0,5.8106041774576497e-05,0.0004733651014877611,3,3,27.0,444.0
501,20580.0,20580.277777777777,0.0002307442046006043,0.00020808173618896232,3,3,43.0,1723.0
502,20510.0,20510.0,8.145526008720256e-05,5.0064668397163796e-05,2,2,36.0,2051.0
503,2398.8888888888887,2398.8888888888887,0.000514023824830899,0.0006322682578797778,4,4,34.0,254.0
504,10431.944444444443,10431.944444444443,5.305732299463319e-05,8.674644933534961e-05,4,4,29.0,1295.0
505,21420.0,21420.0,6.210133999402813e-06,9.544688090244365e-05,2,2,54.0,1428.0
506,19357.5,19358.888888888887,1.1452228740597113e-05,8.888709787280191e-05,3,3,28.0,2489.0
507,19357.5,19358.888888888887,1.1452228740597113e-05,8.888709787280191e-05,3,3,28.0,2489.0
508,3329.4444444444443,3329.4444444444443,0.00016971798752674481,0.00020257676012592866,3,3,26.0,461.0
509,10430.0,10430.0,0.00011038925278813952,0.00011204061517547494,5,5,28.0,1341.0
510,19631.944444444445,19635.0,0.00011278049498676596,9.645583748121907e-05,2,2,27.0,2618.0
511,20580.0,20580.277777777777,0.0002330574448124651,0.00020891488796798296,3,3,43.0,1723.0
512,20510.0,20510.0,8.025812509444906e-05,4.954317823778946e-05,2,2,36.0,2051.0
513,10430.0,10430.0,0.00010853304788659326,0.00011496588755696382,5,5,28.0,1341.0
514,9022.222222222223,9022.222222222223,9.632741625269052e-05,9.170911367046742e-05,3,3,32.0,1015.0
515,20580.0,20580.277777777777,0.00023190941764129907,0.00020754979052253257,3,3,43.0,1723.0
516,9022.222222222223,9022.222222222223,9.777083731739934e-05,9.135039877413253e-05,3,3,32.0,1015.0
517,9022.222222222223,9022.222222222223,0.00011064940251446617,9.471787324032847e-05,3,3,32.0,1015.0
518,21420.0,21420.0,6.210133999402813e-06,9.650604826544207e-05,2,2,54.0,1428.0
519,20580.0,20580.277777777777,0.00023008338020911873,0.0002068199097951977,3,3,43.0,1723.0
520,19425.0,19425.0,0.0,8.031425889899619e-06,1,1,42.0,1665.0
521,19631.944444444445,19635.0,0.00011354846060250596,9.550129009192305e-05,2,2,27.0,2618.0
522,5813.888888888889,5813.888888888889,0.00018099179061039334,0.0002650583949139929,3,3,35.0,598.0
523,3330.0,3330.0,5.135682330990231e-05,0.00047954338716479987,3,3,27.0,444.0
524,3330.0,3330.0,5.066253830068157e-05,0.00048112025667874795,3,3,27.0,444.0
525,9022.222222222223,9022.222222222223,0.00011064940251446617,9.622774598676379e-05,3,3,32.0,1015.0
526,9022.222222222223,9022.222222222223,0.00011064940251446617,9.658417963578133e-05,3,3,32.0,1015.0
527,19997.222222222223,19997.222222222223,3.179457523583262e-05,9.383711052718311e-05,3,3,46.0,1565.0
528,20580.0,20580.277777777777,0.0002288535469706325,0.00020595058646668846,3,3,43.0,1723.0
529,19997.222222222223,19997.222222222223,3.179457523583262e-05,9.372231748979356e-05,3,3,46.0,1565.0
530,19997.222222222223,19997.222222222223,3.179457523583262e-05,9.372231748979356e-05,3,3,46.0,1565.0
531,19997.222222222223,19997.222222222223,3.179457523583262e-05,9.363917727293001e-05,3,3,46.0,1565.0
532,8481.111111111111,8481.111111111111,5.856167440895733e-05,0.00020011384127343327,3,3,34.0,898.0
533,5821.666666666667,5821.666666666667,1.9059166141849734e-05,3.598969884774641e-05,3,3,21.0,998.0
534,19631.944444444445,19635.0,0.00011278049498676596,9.538013689987102e-05,2,2,27.0,2618.0
535,9022.222222222223,9022.222222222223,0.0001176059642527452,9.661343945601345e-05,3,3,32.0,1015.0
536,9022.222222222223,9022.222222222223,0.0001176059642527452,9.641282601332188e-05,3,3,32.0,1015.0
537,9022.222222222223,9022.222222222223,0.0001176059642527452,9.703972997453094e-05,3,3,32.0,1015.0
538,10430.0,10430.0,0.0001095188541700262,0.00011485308606527618,5,5,28.0,1341.0
539,19997.222222222223,19997.222222222223,3.2576517695139525e-05,9.241793212899922e-05,3,3,46.0,1565.0
540,20510.0,20510.0,6.656197561636579e-05,4.942899896281594e-05,2,2,36.0,2051.0
541,20580.0,20580.277777777777,0.00022755508277287517,0.0002057534296884966,3,3,43.0,1723.0
542,19997.222222222223,19997.222222222223,3.2576517695139525e-05,9.233822202646474e-05,3,3,46.0,1565.0
543,20580.0,20580.277777777777,0.00022688917331850704,0.0002057534296884966,3,3,43.0,1723.0
544,19357.5,19358.888888888887,1.1452228740597113e-05,8.869638856995926e-05,3,3,28.0,2489.0
545,19357.5,19358.888888888887,1.1452228740597113e-05,8.869638856995926e-05,3,3,28.0,2489.0
546,19997.222222222223,19997.222222222223,3.179457523583262e-05,9.281226255978722e-05,3,3,46.0,1565.0
547,19992.777777777777,19992.777777777777,2.2466086394986344e-05,8.806428395889984e-05,3,3,53.0,1358.0
548,10430.0,10430.0,0.00010886837132850188,0.00011703540399569208,5,5,28.0,1341.0
549,19997.222222222223,19997.222222222223,3.179457523583262e-05,9.271923173206061e-05,3,3,46.0,1565.0
550,19997.222222222223,19997.222222222223,3.0140827193433707e-05,9.198109071446251e-05,3,3,46.0,1565.0
551,19425.0,19425.0,0.0,8.031425889899619e-06,1,1,42.0,1665.0
552,20510.0,20510.0,7.246513315789548e-05,5.0669177830821824e-05,2,2,36.0,2051.0
553,10430.0,10430.0,0.00010819608158891675,0.00011672269818042085,5,5,28.0,1341.0
554,20580.0,20580.277777777777,0.0002307442046006043,0.0002058115711847676,3,3,43.0,1723.0
555,2398.8888888888887,2398.8888888888887,0.0005219329038101162,0.0005937719086351944,4,4,34.0,254.0
556,10430.0,10430.0,0.00010768049937245921,0.00011805873802194269,5,5,28.0,1341.0
557,19631.944444444445,19635.0,0.00011429214788747941,9.584880862047984e-05,2,2,27.0,2618.0
558,19631.944444444445,19635.0,0.00011465503534003601,9.602558157541696e-05,2,2,27.0,2618.0
559,19997.222222222223,19997.222222222223,3.097191184301512e-05,8.965869769973695e-05,3,3,46.0,1565.0
560,10453.333333333334,10453.333333333334,2.4030539428486344e-05,7.436251405809792e-05,2,2,28.0,1344.0
561,19631.944444444445,19635.0,0.00011392330896665326,9.59271579365643e-05,2,2,27.0,2618.0
562,19997.222222222223,19997.222222222223,3.177615359272121e-05,8.954714152198969e-05,3,3,46.0,1565.0
563,19357.5,19358.888888888887,1.1452228740597115e-05,8.810820736735781e-05,3,3,28.0,2489.0
564,532.5,532.5,0.001686018845746091,0.004780301715873114,3,3,27.0,71.0
565,19631.944444444445,19635.0,0.00011354846060250596,9.569398943031606e-05,2,2,27.0,2618.0
566,20510.0,20510.0,7.51888927080444e-05,5.573019508741419e-05,2,2,36.0,2051.0
567,20580.0,20580.277777777777,0.00022557052449839363,0.0002056359071258875,2,2,43.0,1723.0
568,9022.222222222223,9022.222222222223,0.00012681220053422374,9.761861832155956e-05,3,3,32.0,1015.0
569,9022.222222222223,9022.222222222223,0.00012681220053422374,9.754732717051581e-05,3,3,32.0,1015.0
570,20510.0,20510.0,7.104973351116968e-05,5.4993193689928706e-05,2,2,36.0,2051.0
571,19631.944444444445,19635.0,0.00011392330896665326,9.58256584665325e-05,2,2,27.0,2618.0
572,20640.0,20640.0,3.221464311115961e-06,4.189919431504209e-05,2,2,54.0,1376.0
573,19997.222222222223,19997.222222222223,3.177615359272121e-05,9.127937584033911e-05,3,3,46.0,1565.0
574,20580.0,20580.277777777777,0.00022557052449839363,0.00020587307251278728,2,2,43.0,1723.0
575,9022.222222222223,9022.222222222223,0.0001349099340072165,9.771894582839565e-05,3,3,32.0,1015.0
576,2408.8888888888887,2408.8888888888887,0.0003940285289550594,0.0005551066653536776,6,6,32.0,271.0
577,2408.8888888888887,2408.8888888888887,0.00039460251036663624,0.0005621131987218063,6,6,32.0,271.0
578,19357.5,19358.888888888887,1.2053734303187511e-05,8.728713918104145e-05,3,3,28.0,2489.0
579,19357.5,19358.888888888887,1.2623182962481943e-05,8.712973735603669e-05,3,3,28.0,2489.0
580,2221.6666666666665,2221.6666666666665,0.00028472604827480577,0.000977316853004348,3,3,31.0,258.0
581,898.3333333333333,898.3333333333333,0.0002105482002561517,0.0017408547092122532,2,2,33.0,98.0
582,20580.0,20580.277777777777,0.00022487020390460886,0.000206464963057511,2,2,43.0,1723.0
583,10431.944444444443,10431.944444444443,5.5524415180318895e-05,9.07606391658872e-05,5,5,29.0,1295.0
584,19631.944444444445,19635.0,0.00011354846060250596,9.604272737187364e-05,2,2,27.0,2618.0
585,889.1666666666666,889.1666666666666,0.004630602649198576,0.004345718882343411,3,3,33.0,97.0
586,20510.0,20510.0,7.246513315789548e-05,5.155754731648416e-05,2,2,36.0,2051.0
587,8481.111111111111,8481.111111111111,6.792523562783712e-05,0.00019929558507315745,3,3,34.0,898.0
588,20580.0,20580.277777777777,0.00022487020390460886,0.00020670326689922018,2,2,43.0,1723.0
589,9022.222222222223,9022.222222222223,0.0001309251783368557,9.937984770885656e-05,3,3,32.0,1015.0
590,8481.111111111111,8481.111111111111,6.79252356278371e-05,0.00019819003515657505,3,3,34.0,898.0
591,10430.0,10430.0,0.00010933065497137844,0.00011632874653962816,5,5,28.0,1341.0
592,2221.6666666666665,2221.6666666666665,0.00028471145365535763,0.0009920887857385913,3,3,31.0,258.0
593,19631.944444444445,19635.0,0.00011354846060250596,9.596011064766321e-05,2,2,27.0,2618.0
594,10431.944444444443,10431.944444444443,5.770077119636731e-05,9.133591187019453e-05,5,5,29.0,1295.0
595,20580.0,20580.277777777777,0.00022487020390460883,0.00020662689128630825,2,2,43.0,1723.0
596,1957.5,1957.5,2.6038852593376356e-05,0.0003405761604196586,2,2,27.0,261.0
597,19631.944444444445,19635.0,0.00011278049498676596,9.600973826733729e-05,2,2,27.0,2618.0
598,10453.333333333334,10453.333333333334,2.9256038093889892e-05,6.881386972414098e-05,2,2,28.0,1344.0
599,19631.944444444445,19635.0,0.0001123872529431743,9.629346225154614e-05,2,2,27.0,2618.0
600,19116.666666666668,19116.666666666668,1.8693219952751683e-05,7.189478245424593e-05,2,2,37.0,1860.0
601,10430.0,10430.0,0.00010964446075123657,0.00011077455335683467,5,5,28.0,1341.0
602,20580.0,20580.277777777777,0.00022557052449839363,0.0002057252044628977,2,2,43.0,1723.0
603,2555.5555555555557,2555.5555555555557,0.0001173548013242913,0.00011653377036659215,3,3,23.0,400.0
604,2555.5555555555557,2555.5555555555557,0.00010808429772915565,0.00011653377036659215,3,3,23.0,400.0
605,20510.0,20510.0,6.959576981431462e-05,5.101735500467416e-05,2,2,36.0,2051.0
606,20580.0,20580.277777777777,0.00022487020390460883,0.0002057252044628977,2,2,43.0,1723.0
607,19997.222222222223,19997.222222222223,3.0125928574927508e-05,9.195263736858924e-05,3,3,46.0,1565.0
608,19357.5,19358.888888888887,1.1452228740597115e-05,8.735811242264113e-05,3,3,28.0,2489.0
609,20510.0,20510.0,7.104973351116967e-05,5.097777399987248e-05,2,2,36.0,2051.0
610,19635.0,19635.0,1.1831313428753841e-05,4.398453043983717e-05,2,2,54.0,1309.0
611,19631.944444444445,19635.0,0.00011392330896665326,9.50977959770372e-05,2,2,27.0,2618.0
612,20580.0,20580.277777777777,0.00022625939133777106,0.0002051972185311752,2,2,43.0,1723.0
613,2398.8888888888887,2398.8888888888887,0.0005195258603931814,0.0005838120363076888,5,5,34.0,254.0
614,10453.333333333334,10453.333333333334,2.8052563216932577e-05,7.19296816879614e-05,2,2,28.0,1344.0
615,10453.333333333334,10453.333333333334,2.8052563216932577e-05,7.091964741722351e-05,2,2,28.0,1344.0
616,465.0,465.0,0.0031302426349919103,0.0018162081847302278,4,4,27.0,62.0
617,2242.5,2242.5,0.0005614205322849311,0.0005805640489882666,3,3,27.0,299.0
618,10453.333333333334,10453.333333333334,2.6787092536776828e-05,7.091964741722351e-05,2,2,28.0,1344.0
619,20510.0,20510.0,7.518889270804438e-05,4.869480823915093e-05,2,2,36.0,2051.0
620,19997.222222222223,19997.222222222223,2.9280614037983133e-05,9.220207632780769e-05,3,3,46.0,1565.0
621,9022.222222222223,9022.222222222223,0.0001186008164044621,9.618915777250655e-05,4,4,32.0,1015.0
622,10431.944444444443,10431.944444444443,6.02595098604613e-05,9.306248626486363e-05,5,5,29.0,1295.0
623,19425.0,19425.0,0.0,8.031425889899619e-06,1,1,42.0,1665.0
624,20510.0,20510.0,7.650106368324141e-05,4.910670860927136e-05,2,2,36.0,2051.0
625,10430.0,10430.0,0.00011118670216873727,0.0001100572240531887,5,5,28.0,1341.0
626,19997.222222222223,19997.222222222223,2.9280614037983133e-05,9.156475787861392e-05,3,3,46.0,1565.0
627,9022.222222222223,9022.222222222223,0.0001191631415615531,9.578918585647575e-05,4,4,32.0,1015.0
628,9022.222222222223,9022.222222222223,0.0001191631415615531,9.618915777250655e-05,4,4,32.0,1015.0
629,10430.0,10430.0,0.00011118670216873727,0.00010826314051569408,5,5,28.0,1341.0
630,19425.0,19425.0,0.0,8.031425889899619e-06,1,1,42.0,1665.0
631,10431.944444444443,10431.944444444443,6.060548450052434e-05,9.361344500731318e-05,5,5,29.0,1295.0
632,9022.222222222223,9022.222222222223,0.0001191631415615531,9.578918585647575e-05,4,4,32.0,1015.0
633,8481.111111111111,8481.111111111111,7.420030959194892e-05,0.00019855072284219097,3,3,34.0,898.0
634,10430.0,10430.0,0.0001105518769773468,0.00010968869870211678,5,5,28.0,1341.0
635,20580.0,20580.277777777777,0.00022953546574821645,0.00020573275570239303,2,2,43.0,1723.0
636,19357.5,19358.888888888887,7.691408076798245e-06,8.638485408289203e-05,2,2,28.0,2489.0
637,19357.5,19358.888888888887,9.392351207229942e-06,8.691738528119258e-05,3,3,28.0,2489.0
638,9022.222222222223,9022.222222222223,0.00012564927567467946,9.72111369670455e-05,4,4,32.0,1015.0
639,19425.0,19425.0,0.0,8.031425889899619e-06,1,1,42.0,1665.0
640,19997.222222222223,19997.222222222223,3.015377749211089e-05,9.202662786071614e-05,3,3,46.0,1565.0
641,10430.0,10430.0,0.00011118670216873727,0.00011103200183574488,5,5,28.0,1341.0
642,19992.777777777777,19992.777777777777,2.539267888702953e-05,8.474405846994906e-05,2,2,53.0,1358.0
643,19997.222222222223,19997.222222222223,3.015377749211089e-05,9.217880106780744e-05,3,3,46.0,1565.0
644,19997.222222222223,19997.222222222223,2.8388624588671625e-05,9.13504790263817e-05,3,3,46.0,1565.0
645,10464.166666666666,10464.166666666666,5.624038318135425e-05,0.00019740666148588255,3,3,29.0,1299.0
646,10464.166666666666,10464.166666666666,5.624038318135425e-05,0.00019740666148588255,3,3,29.0,1299.0
647,19997.222222222223,19997.222222222223,2.745607188579058e-05,9.046165525916194e-05,3,3,46.0,1565.0
648,10430.0,10430.0,0.00011190185765918575,0.00011084122407282216,5,5,28.0,1341.0
649,2221.6666666666665,2221.6666666666665,0.0002866740734673909,0.0009511532802518917,4,4,31.0,258.0
650,10430.0,10430.0,0.00011190185765918575,0.00011089734892254169,5,5,28.0,1341.0
651,21420.0,21420.0,6.536306853788363e-06,9.495834421804904e-05,2,2,54.0,1428.0
652,20580.0,20580.277777777777,0.00023196003902577956,0.00020639400947821993,2,2,43.0,1723.0
653,2398.8888888888887,2398.8888888888887,0.0005278877913628465,0.0005889762662703821,4,4,34.0,254.0
654,19116.666666666668,19116.666666666668,2.1005953134440856e-05,7.004764561342591e-05,3,3,37.0,1860.0
655,10430.0,10430.0,0.00011190185765918575,0.00011345584016396622,5,5,28.0,1341.0
656,19116.666666666668,19116.666666666668,2.1005953134440856e-05,7.100425560370742e-05,3,3,37.0,1860.0
657,8481.111111111111,8481.111111111111,6.884223745098966e-05,0.00020552342893651943,3,3,34.0,898.0
658,2408.8888888888887,2408.8888888888887,0.0003940473969425499,0.0005803115151245798,6,6,32.0,271.0
659,20580.0,20580.277777777777,0.00023196003902577954,0.00020549030764086324,2,2,43.0,1723.0
660,20510.0,20510.0,7.518889270804438e-05,5.272100121049897e-05,2,2,36.0,2051.0
661,19997.222222222223,19997.222222222223,2.9280614037983133e-05,9.260531692507005e-05,3,3,46.0,1565.0
662,5813.888888888889,5813.888888888889,0.00016366812833970955,0.000277214655933833,2,2,35.0,598.0
663,8481.111111111111,8481.111111111111,7.148558352569319e-05,0.00020804161414750592,3,3,34.0,898.0
664,20579.444444444445,20580.277777777777,0.00023310879189928667,0.0002055162711868674,2,2,43.0,1723.0
665,19116.666666666668,19116.666666666668,1.884148352498649e-05,7.100425560370742e-05,3,3,37.0,1860.0
666,19116.666666666668,19116.666666666668,1.884148352498649e-05,7.0941576075397e-05,3,3,37.0,1860.0
667,10430.0,10430.0,0.00011156002566303628,0.00011362948087411083,5,5,28.0,1341.0
668,2408.8888888888887,2408.8888888888887,0.00039519883453052827,0.0005663355974589579,5,5,32.0,271.0
669,20598.333333333332,20598.333333333332,3.7615924183780964e-06,1.824701697322058e-05,2,2,34.0,2181.0
670,20598.333333333332,20598.333333333332,3.7615924183780964e-06,1.824701697322058e-05,2,2,34.0,2181.0
671,2555.5555555555557,2555.5555555555557,8.29146416931189e-05,0.00011602714682927028,2,2,23.0,400.0
672,10430.0,10430.0,0.00011134816673026571,0.00011381613121535172,5,5,28.0,1341.0
673,10453.333333333334,10453.333333333334,2.4030539428486344e-05,7.432615700866759e-05,2,2,28.0,1344.0
674,20579.444444444445,20580.277777777777,0.00023475425912032624,0.00020527580066191648,2,2,43.0,1723.0
675,2242.5,2242.5,0.000568522565771564,0.000619085229536442,4,4,27.0,299.0
676,19997.222222222223,19997.222222222223,2.5489589739658826e-05,9.463069961842353e-05,3,3,46.0,1565.0
677,11.11111111111111,11.11111111111111,0.025166880105329713,0.07167670295573514,6,2,20.0,2.0
678,19997.222222222223,19997.222222222223,2.443712261946172e-05,9.463069961842353e-05,3,3,46.0,1565.0
679,2221.6666666666665,2221.6666666666665,0.000266839194682136,0.0009530235290243211,4,4,31.0,258.0
680,10431.944444444443,10431.944444444443,6.275984812543479e-05,9.262644055904941e-05,5,5,29.0,1295.0
681,10431.944444444443,10431.944444444443,6.275984812543479e-05,9.373131921431935e-05,5,5,29.0,1295.0
682,1957.5,1957.5,3.16024173335665e-05,0.0004086049929690514,2,2,27.0,261.0
683,8481.111111111111,8481.111111111111,6.698907453358089e-05,0.00021195763827718586,3,3,34.0,898.0
684,20510.0,20510.0,7.778234575616855e-05,5.347145851693409e-05,2,2,36.0,2051.0
685,19631.944444444445,19635.0,0.00011604817295024906,9.433148219190526e-05,2,2,27.0,2618.0
686,10453.333333333334,10453.333333333334,2.7864457420570998e-05,7.841582708826286e-05,3,3,28.0,1344.0
687,20579.444444444445,20580.277777777777,0.00023310879189928667,0.00020592483714362874,2,2,43.0,1723.0
688,19997.222222222223,19997.222222222223,2.929061400523757e-05,9.590769398891548e-05,3,3,46.0,1565.0
689,19116.666666666668,19116.666666666668,1.884148352498649e-05,6.808431009244121e-05,3,3,37.0,1860.0
690,10430.0,10430.0,0.00011163462065321434,0.00011293331148539809,5,5,28.0,1341.0
691,10430.0,10430.0,0.00011163462065321434,0.00011232646746004693,5,5,28.0,1341.0
692,20510.0,20510.0,7.650106368324141e-05,5.1455142267677315e-05,2,2,36.0,2051.0
693,19116.666666666668,19116.666666666668,2.1005953134440852e-05,6.725213200087009e-05,3,3,37.0,1860.0
694,21420.0,21420.0,5.856666587044801e-06,9.826072648006729e-05,3,3,54.0,1428.0
695,8481.111111111111,8481.111111111111,6.603293932648296e-05,0.00021084934445021248,3,3,34.0,898.0
696,19997.222222222223,19997.222222222223,2.9290614005237563e-05,9.447133844211523e-05,3,3,46.0,1565.0
697,9022.222222222223,9022.222222222223,0.0001094297606938663,9.127919980971758e-05,3,3,32.0,1015.0
698,19116.666666666668,19116.666666666668,2.0937747289904703e-05,6.551848700420303e-05,3,3,37.0,1860.0
699,19425.0,19425.0,0.0,1.0872016950098992e-05,1,1,42.0,1665.0
