segment_id_1,segment_id_2,centroid_distance_m,inferred_geometry_distance_m,inferred_intersection_length_m,overlap_fraction_of_shorter_edge,osm_edge_1,osm_edge_2,osmid_1,osmid_2,length_1_m,length_2_m,road_type_1,road_type_2,classification
0,1,23.71786811528378,9.710431788943907,0.0,0.0,2845389661->4875425580#0,2845389637->8182316403#0,1209033472;280421140;1317533102,44948707;1317533101;1317533103,3016.9979383186064,2971.283590979436,trunk,trunk,unrelated
2,3,15.857133950829489,10.426345947740005,0.0,0.0,8182316352->3320289784#0,12194086396->8182316353#0,279958946;1317535730;1209009343,26755549;1317535729;1209009372;218526245,2001.0510399446507,1989.572233152408,trunk,trunk,unrelated
6,7,11.592572062880189,9.46203557712909,0.0,0.0,12617765453->8182316410#0,11088563838->12617765452#0,44948644;1203900681;1194664843;1194664844;1317520819,1203900682;1209038916;1194663758,1505.9062740619322,1483.6343357813123,trunk,trunk,unrelated
8,16,94.29632419621069,11.497356743356717,0.0,0.0,8105661609->11936495261#0,8105566319->10603648617#0,873398460,478811049,1452.9773308428084,1080.1658401252282,trunk,trunk,unrelated
11,13,61.686093238823034,8.689215833136146,0.0,0.0,13519081481->8140380974#0,3722327657->8182365087#0,879568355;879568356;325359753;26755786;1209009371,879568354;879568357;573401034;325359754;874464058,1384.3006303268353,1308.4312809218004,trunk,trunk,unrelated
17,18,19.76273088390453,12.741218113738896,0.0,0.0,8166852626->293466286#0,12702159517->2841407764#0,26754491,746487581,1066.50914612262,1065.2277230966693,secondary,secondary,unrelated
23,29,69.75283668206649,11.843740479008458,0.0,0.0,13519104254->8156596370#0,3725590874->13108436171#0,874464056;877825096;292410142,877786608;292410140;292410141,919.938817989941,786.6128867962552,trunk,trunk,unrelated
24,53,48.7553450613998,8.999747424052735,0.0,0.0,12435035117->8144915374#0,3726941181->3726926556#0,414500083;875146659,368852567,869.4487815342277,487.360208526007,primary,primary,unrelated
25,30,47.965671782208375,10.688604567085262,0.0,0.0,3320289784->2277623681#0,12888493319->12194086396#0,44948784;1317535728;1317535732;218526252,26755523;1317535731;218526247;1209033471,852.5643479559544,771.7655177847529,trunk,trunk,unrelated
27,275,50.28970503181497,7.863235808797119,0.0,0.0,8133212859->7243077747#0,3711678597->3711673309#0,741818619,90617087,806.477181068368,158.062135649042,secondary,secondary,unrelated
31,42,25.602374863081835,23.265506277461657,0.0,0.0,11936490107->2277412722#0,12901379734->8167025453#0,842470001;196857001;1286989884,877786609;1393752818;464264627,762.8027211582153,590.0031819087746,trunk,trunk,unrelated
33,34,1.280568540096283e-09,0.0,724.989421389178,1.0,293464258->8100516249#0,293464258->8100516249#0,364407161;1317517332;1318339357,364407161;1317517332;1318339357,726.186014336685,726.1860143366849,secondary,secondary,duplicate
37,64,35.131295588463125,14.8220291242102,0.0,0.0,569909792->8145181028#0,8145058465->569909689#0,464267621,44947113,669.3367594339045,410.6826044863959,trunk,trunk,unrelated
38,249,88.1794127452234,32.7349559539058,0.0,0.0,8167025453->8167025475#0,4593969159->4593969164#0,464264628;1209009347;1209009348;196856999,870242498,594.9813733926426,166.59687843859135,trunk,trunk,unrelated
38,407,74.98022101642086,18.803811741243003,0.0,0.0,8167025453->8167025475#0,3725590079->8169509566#0,464264628;1209009347;1209009348;196856999,1210250347,594.9813733926426,113.59765220235256,trunk,trunk,unrelated
40,463,57.71202947362467,11.764829118117524,0.0,0.0,2833450851->2833482043#0,10578971213->10578971202#0,279091485,26754165,592.3070665718152,95.81974142698188,primary,primary,unrelated
40,503,35.41202384404546,11.769418851413793,0.0,0.0,2833450851->2833482043#0,10578971222->10578971213#0,279091485,26754165,592.3070665718152,89.08820782665019,primary,primary,unrelated
43,455,29.70541706478592,10.976081662048788,0.0,0.0,4719693651->2283167601#0,4720133094->4720132984#0,880075594,478371821,573.6074437863839,98.05232146363188,primary,primary,unrelated
44,54,54.02471073686952,10.280575739658463,0.0,0.0,3725561095->4593964324#0,8156683692->8141521597#0,877821610;870242500;870242503,870242497;877821612;870242502,567.271621111069,477.834937011317,trunk,trunk,unrelated
45,55,61.246822745281364,5.8568805121403935,0.0,0.0,8133341955->11968828660#0,9896844093->8133341960#0,865024250,865024248,560.7921275102855,471.7401221958465,primary,primary,unrelated
47,48,0.0,0.0,535.3698006181368,1.0,2393561249->293464921#0,2393561249->293464921#0,174417954;230927119;230927120;746487580;746487549,174417954;230927119;230927120;746487580;746487549,535.5556741544974,535.5556741544973,secondary,secondary,duplicate
49,50,4.656612873077393e-10,0.0,514.0650035070057,1.0,293461281->293452705#0,293461281->293452705#0,876418713,876418713,513.7780151849071,513.778015184907,secondary,secondary,duplicate
51,52,14.608922409653193,13.552585252084624,0.0,0.0,2833450825->2999157394#0,2999157393->2833450822#0,279088741;746487561;746487564;1317517914;1317517916,279088738;746487562;746487563;1317517913;1317517915,492.841002847525,488.74421379732553,primary,primary,unrelated
51,371,95.1030727679545,30.480283113769868,0.0,0.0,2833450825->2999157394#0,2833450832->293462777#0,279088741;746487561;746487564;1317517914;1317517916,478249498,492.841002847525,123.64245942016632,primary,secondary,unrelated
51,496,74.09585363082851,22.284958295747487,0.0,0.0,2833450825->2999157394#0,7128108987->293462776#0,279088741;746487561;746487564;1317517914;1317517916,1209072902,492.841002847525,89.84835262206519,primary,secondary,unrelated
51,564,83.48561183903202,16.299008544447865,0.0,0.0,2833450825->2999157394#0,293458231->2833450839#0,279088741;746487561;746487564;1317517914;1317517916,466600302,492.841002847525,80.56153115655368,primary,primary,unrelated
51,648,72.42300968822045,26.767598777127226,0.0,0.0,2833450825->2999157394#0,2999157396->1812432271#0,279088741;746487561;746487564;1317517914;1317517916,279088748,492.841002847525,67.43744301005415,primary,secondary,unrelated
51,658,77.35186523302741,24.0074735719429,0.0,0.0,2833450825->2999157394#0,12555910130->1812432286#0,279088741;746487561;746487564;1317517914;1317517916,279088746,492.841002847525,66.60370752964253,primary,primary,unrelated
52,371,82.66239861057181,16.85072021647592,0.0,0.0,2999157393->2833450822#0,2833450832->293462777#0,279088738;746487562;746487563;1317517913;1317517915,478249498,488.74421379732553,123.64245942016632,primary,secondary,unrelated
52,496,88.46822690163422,35.95591861368154,0.0,0.0,2999157393->2833450822#0,7128108987->293462776#0,279088738;746487562;746487563;1317517913;1317517915,1209072902,488.74421379732553,89.84835262206519,primary,secondary,unrelated
52,564,90.8584992986957,30.18750718135703,0.0,0.0,2999157393->2833450822#0,293458231->2833450839#0,279088738;746487562;746487563;1317517913;1317517915,466600302,488.74421379732553,80.56153115655368,primary,primary,unrelated
52,648,63.48377932563522,13.087173530891347,0.0,0.0,2999157393->2833450822#0,2999157396->1812432271#0,279088738;746487562;746487563;1317517913;1317517915,279088748,488.74421379732553,67.43744301005415,primary,secondary,unrelated
52,658,77.7078281846739,10.157586467574323,0.0,0.0,2999157393->2833450822#0,12555910130->1812432286#0,279088738;746487562;746487563;1317517913;1317517915,279088746,488.74421379732553,66.60370752964253,primary,primary,unrelated
56,367,72.46892556760628,8.003941183743397,0.0,0.0,11968828662->11968762653#0,3724390537->3724390516#0,865024250,865024248,470.7998473595436,124.2944241184147,primary,primary,unrelated
56,623,27.092405109453235,7.4883550421225165,0.0,0.0,11968828662->11968762653#0,3724390516->3724390734#0,865024250,865024248,470.7998473595436,70.35092387073752,primary,primary,unrelated
58,383,24.093772317208,13.754599867389171,0.0,0.0,9866097881->13539914722#0,293462775->293462774#0,1209072881,1209072902,455.4429073913592,120.2570218739447,secondary,secondary,unrelated
60,61,8.060499620761238,7.2313972965724105,0.0,0.0,11968828656->11968828657#0,11968828658->11968828655#0,865024248,865024250,427.4466559469736,427.0275331443135,primary,primary,unrelated
62,320,80.60570179288597,12.06030386935634,0.0,0.0,3725790780->8156993031#0,6947408065->3725790736#0,1208986525,1208785492,419.5135551577196,140.1753053063159,primary,primary,unrelated
62,605,29.35879410243764,11.714521578576838,0.0,0.0,3725790780->8156993031#0,4814206871->6947408065#0,1208986525,1208785492,419.5135551577196,73.2478395233728,primary,primary,unrelated
63,468,15.118398046803238,11.330293366946131,0.0,0.0,4597354891->4576934214#0,293464970->293464966#0,1208795196,464650413,419.3337677527084,95.357485157256,primary,primary,unrelated
63,566,75.71234286854039,11.679867256046597,0.0,0.0,4597354891->4576934214#0,293464981->293464970#0,1208795196,464650413,419.3337677527084,80.40772178294765,primary,primary,unrelated
65,95,22.370807368294958,10.470669290459098,0.0,0.0,8141521597->8141521552#0,3725560939->3725561066#0,870242502,870242503,407.7818079461824,330.8034176442437,trunk,trunk,unrelated
68,80,20.61324223786669,9.306098318291266,0.0,0.0,3725679696->12435035117#0,3726941466->3725764133#0,414500083,368852567,406.2806743297109,372.6147750290638,primary,primary,unrelated
69,272,18.127243218125862,10.498940657382056,0.0,0.0,4601195799->8157194822#0,2929034393->3725790429#0,1208986525,1208491992,402.7893414285748,159.21721425515156,primary,primary,unrelated
70,374,16.85796490348896,15.286193289362682,0.0,0.0,293463031->293463176#0,2704039247->2704039246#0,746487579,746487577,399.9348179885905,122.46931259961792,secondary,secondary,unrelated
72,109,29.994608987319193,12.135620472646485,0.0,0.0,293466264->293466272#0,6944073197->6944073198#0,26764975,26754491,389.04666320627103,301.8473140062701,secondary,secondary,unrelated
73,74,2.7177430526187532e-09,0.0,345.58826228215787,1.0,2896971932->13875278624#0,2896971932->13875278624#0,272996689;286061181;286061182,272996689;286061181;286061182,387.2334663165051,387.2334663165051,secondary,secondary,duplicate
75,83,19.33666149779393,14.455489852261278,0.0,0.0,293466286->9798857326#0,6944073199->12702159517#0,26754491,746487581,384.2460579503212,363.1665570057236,secondary,secondary,unrelated
76,77,7.208405815118768,0.0,0.0,0.0,11968828655->8062742384#0,8062742384->11968828656#0,865024250,865024248,382.46063737311147,381.7822872587907,primary,primary,adjacent
78,321,36.40246144957997,6.614150694743668,0.0,0.0,11968828665->11968828664#0,3724390901->3724390916#0,865024250,865024248,376.6895331135906,139.57815266055462,primary,primary,unrelated
82,471,63.24080133060942,9.87793117570978,0.0,0.0,6604714345->6604381556#0,11189778457->3725789369#0,1208785491,300173742,368.100578753048,95.09779333517024,primary,primary,unrelated
82,624,28.53414583017575,9.59443939735667,0.0,0.0,6604714345->6604381556#0,3725827504->293466245#0,1208785491,300173742,368.100578753048,70.33925676472191,primary,primary,unrelated
86,220,23.282673588223343,8.963652592514375,0.0,0.0,11937077582->4714962031#0,2283167585->8124335699#0,762822065;478254538;478254539,874644320;872816373;478254536,359.10287530431435,187.94159050330447,primary,primary,unrelated
88,268,15.72714199033161,5.880712354418846,0.0,0.0,7243112626->1051626824#0,8124118501->3706277268#0,369195862,1238285689,355.9034088743231,159.92789645403872,secondary,secondary,unrelated
90,584,30.414649100678695,6.322678936527455,0.0,0.0,4712962733->7243112626#0,10115843783->3706277346#0,369195862,230574625,353.5344880213471,77.66369628471914,secondary,secondary,unrelated
91,596,35.309464595551106,14.252152181131768,0.0,0.0,9833884593->8141911339#0,3722327255->4719771206#0,874459842,40016878,351.5465816823749,74.93335427703464,primary,primary,unrelated
91,682,39.20280088158448,13.955783617000112,0.0,0.0,9833884593->8141911339#0,4719771206->4719769348#0,874459842,40016878,351.5465816823749,63.34287450597982,primary,primary,unrelated
92,181,36.479794793423494,13.651565776715028,0.0,0.0,2955625542->2703793345#0,293457275->293457276#0,264753949,456959535,346.55664795501025,217.41518014009304,secondary,secondary,unrelated
93,212,20.997389243353147,16.705060602975344,0.0,0.0,2277623663->12888493319#0,2277623681->6608882862#0,1209033471,218526249,345.94935756437445,193.157669389202,trunk,trunk,unrelated
94,513,86.43880375751498,10.85191916933042,0.0,0.0,8151182358->1051669905#0,2928864953->2928864946#0,456959535,264753949,343.0272619789918,87.74535228502363,secondary,secondary,unrelated
94,553,61.41553459290652,9.456770125936428,0.0,0.0,8151182358->1051669905#0,2928864944->2928864940#0,456959535,264753949,343.0272619789918,82.36634708568087,secondary,secondary,unrelated
94,691,18.720184606299767,11.776968275556158,0.0,0.0,8151182358->1051669905#0,2928864946->2928864944#0,456959535,264753949,343.0272619789918,61.61786616520726,secondary,secondary,unrelated
96,97,6.448364813057532,5.779880214029828,0.0,0.0,11968828657->11968828659#0,11968828660->11968828658#0,865024248,865024250,328.6793148977963,328.40020854141017,primary,primary,unrelated
98,99,1.280568540096283e-09,0.0,327.00981962516823,1.0,8105649851->9620455916#0,8105649851->9620455916#0,364407163,364407163,328.123102425736,328.123102425736,secondary,secondary,duplicate
100,153,17.28516472994511,12.326365127747115,0.0,0.0,8141628301->8141628231#0,8141628265->4714939571#0,874594465;874594466;459228551,44949024;874594467,316.55579626022336,251.21206102536337,trunk,trunk,unrelated
101,102,0.0,0.0,314.84399770244823,1.0,293462600->293462632#0,293462600->293462632#0,26755988,26755988,314.761614948291,314.761614948291,secondary,secondary,duplicate
103,555,71.46329162255196,21.477939119071003,0.0,0.0,1812432278->2999157393#0,293464902->293464897#0,466600308,279088743,314.5600659883634,82.11649597514368,primary,primary,unrelated
103,613,78.88094072755122,18.809566715813,0.0,0.0,1812432278->2999157393#0,8153654900->293464907#0,466600308,279088743,314.5600659883634,72.34256714637026,primary,primary,unrelated
103,653,22.016469189737087,20.461698883421995,0.0,0.0,1812432278->2999157393#0,293464907->293464902#0,466600308,279088743,314.5600659883634,67.13933422814407,primary,primary,unrelated
104,223,65.64136701450569,10.000439778711087,0.0,0.0,3725764133->3725764130#0,4643407218->3725763514#0,368721302,470103540,313.19068597158,186.8862870494912,primary,primary,unrelated
104,355,93.42764691673221,9.953651992846325,0.0,0.0,3725764133->3725764130#0,3725763514->3725763504#0,368721302,470103540,313.19068597158,128.08561489942574,primary,primary,unrelated
105,601,83.62871709588943,15.712582137315732,0.0,0.0,4594220613->9866097881#0,293462766->293462759#0,1209072881,1209072902,310.4664369263973,73.7914078302696,secondary,secondary,unrelated
105,625,18.862077672909514,15.157574613631493,0.0,0.0,4594220613->9866097881#0,293462767->293462766#0,1209072881,1209072902,310.4664369263973,70.2197771050809,secondary,secondary,unrelated
106,193,30.925162516103306,8.926125042485486,0.0,0.0,10629571056->3727012352#0,4594197578->4594197577#0,1208791971,1208795201,308.0256074271481,209.4073351757516,primary,primary,unrelated
107,144,45.278786249887666,11.840769014925684,0.0,0.0,4594183932->4594183924#0,3725790343->3725763413#0,1203852633;876451412;1208795197,1208791977;876451410;1208986532,306.03649684091926,261.1217520553267,primary,primary,unrelated
108,470,8.558847369331643,8.20583280764541,0.0,0.0,4714939512->4714939523#0,4714938984->2283167579#0,874644319,219116706,303.70489612299906,95.15575359778543,primary,primary,unrelated
108,573,94.73469369650063,5.953293618570965,0.0,0.0,4714939512->4714939523#0,4714939533->4714938984#0,874644319,219116706,303.70489612299906,79.23224722302729,primary,primary,unrelated
111,148,39.871816933787734,8.365287951646712,0.0,0.0,4613676974->10091564873#0,4716027739->293460471#0,466600299;466600300,170090974,298.3569192516161,257.7094633441375,primary,primary,unrelated
112,228,58.853954252686044,8.03744179244276,0.0,0.0,11968828667->11968828665#0,8062776435->8064752282#0,865024250,865024248,297.7126292320591,180.8273791077356,primary,primary,unrelated
113,114,6.757267136074792,5.14529700947949,0.0,0.0,8138308753->9832455554#0,9832455553->3184375377#0,874159869,312566658,292.93183180917873,292.15503222281444,primary,primary,unrelated
116,384,15.9404288980603,8.596712978553162,0.0,0.0,3714706485->3714707013#0,4723476603->4715985573#0,1337725748;1209433725,1105211172,290.2566451529857,119.78122001794884,primary,primary,unrelated
117,260,23.613066045221412,9.343564598788225,0.0,0.0,6985772922->4478448738#0,3719506250->3719506253#0,1208988379,1208988383,289.80722814266846,163.59233278163993,primary,primary,unrelated
118,152,20.995387150833785,10.394959054693793,0.0,0.0,10635696781->4714939512#0,8141472796->11938897684#0,478254539;874644318;874644319,874644320;874644321;219116706,289.4278532105612,251.7025669308751,primary,primary,unrelated
119,123,9.388856242686588,8.4383705167457,0.0,0.0,7128063639->4715985581#0,3714705892->3714706485#0,1105211172;1337725743;1337725745;1337725746;1337725749,1337725742;1337725744;1337725747;1337725748;1141888414,288.84058233287084,282.7018044874525,primary,primary,unrelated
120,158,29.462235010474036,8.44048623231731,0.0,0.0,4719689717->4719689711#0,8151182416->2283167591#0,478371821,880075594,286.1263783647371,243.22906750563075,primary,primary,unrelated
121,122,10.348371258333785,8.824686894545986,0.0,0.0,3042737264->3725789268#0,8154498081->8154498079#0,26764975,1203439472,284.2925252255048,283.9360861494393,secondary,secondary,unrelated
126,194,21.318144453409143,15.382380785580754,0.0,0.0,569909654->11936417211#0,11936417213->569909828#0,742084228,742084229,281.1371286412992,207.88762026176863,trunk,trunk,unrelated
127,240,63.84130584497909,8.90547362210412,0.0,0.0,6604456761->3725763520#0,3725764138->8153479957#0,470103540,368721302,281.075554071599,171.424659809368,primary,primary,unrelated
127,466,93.30850566252278,9.438192096122657,0.0,0.0,6604456761->3725763520#0,6950332807->6604456764#0,470103540,368721302,281.075554071599,95.50028628527592,primary,primary,unrelated
128,264,94.3670944447245,8.583641801866229,0.0,0.0,8141615216->3722327255#0,3722327215->7127990460#0,40016878,1138034029,279.66370485795244,160.90992781663525,primary,primary,unrelated
129,188,33.82986809709853,8.821488169757126,0.0,0.0,3725789268->3725656912#0,8154498082->8154498081#0,26764975,876134933,279.357956847722,214.2552691317572,secondary,secondary,unrelated
130,162,13.678750314036664,7.49512042419894,0.0,0.0,8144976345->10207387801#0,293456470->293456370#0,875007028,174418041,276.70778724563,237.93418161428303,secondary,secondary,unrelated
131,245,52.4894366490044,7.602114478654392,0.0,0.0,11968828664->11968828662#0,3724390838->11968828663#0,865024250,865024248,271.7887932114351,168.41358578498432,primary,primary,unrelated
131,431,84.2343748559164,7.602556840076026,0.0,0.0,11968828664->11968828662#0,11968828661->3724390838#0,865024250,865024248,271.7887932114351,104.22244045695945,primary,primary,unrelated
133,256,66.66423317668783,9.697017184839032,0.0,0.0,6609242520->3727013594#0,4594206606->4594206590#0,876451409,874056882,271.2410224009768,165.26230635726083,primary,primary,unrelated
133,388,76.28294352087639,10.555996747028445,0.0,0.0,6609242520->3727013594#0,4594206590->6609242521#0,876451409,874056882,271.2410224009768,118.80951705861052,primary,primary,unrelated
135,661,61.6156664222179,8.36730056034621,0.0,0.0,5415640148->8127692776#0,4714938986->5411536316#0,478254539,874644320,270.7879475421756,66.29147495325302,primary,primary,unrelated
135,688,14.676151935208715,9.074050601784496,0.0,0.0,5415640148->8127692776#0,2283167581->4714938986#0,478254539,874644320,270.7879475421756,62.76526774094566,primary,primary,unrelated
136,313,62.52004782436795,9.67645232301147,0.0,0.0,3042737280->6956668970#0,3042737290->2841381805#0,300173739,464283097,268.9255065505725,143.62049861956012,primary,primary,unrelated
136,415,65.53028339507188,9.68503405051494,0.0,0.0,3042737280->6956668970#0,3722532411->3042737290#0,300173739,464283097,268.9255065505725,110.49759596628742,primary,primary,unrelated
138,638,11.97057610730416,11.335906713082965,0.0,0.0,3478668910->3725652953#0,8154498070->8154498107#0,26764975,876134933,265.038636976774,68.53403695961849,secondary,secondary,unrelated
139,140,0.0,0.0,265.1919290523781,1.0,3726941218->3726941220#0,3726941218->3726941220#0,875119268,875119268,264.8487140598092,264.84871405980914,secondary,secondary,duplicate
141,237,81.1605868146094,13.788815733665531,0.0,0.0,3722327154->3722327026#0,8141910114->9833884593#0,40016878,874459842,263.37889006194814,174.36137297484692,primary,primary,unrelated
141,326,76.70356071231606,11.355569458243947,0.0,0.0,3722327154->3722327026#0,8141910101->8141910114#0,40016878,874459842,263.37889006194814,138.0138551701159,primary,primary,unrelated
142,292,34.149941838249546,11.309937640081523,0.0,0.0,3725560599->8140701167#0,8140526284->8140526242#0,1210277736,605579942,261.5883755462839,152.05069910225927,trunk,trunk,unrelated
143,302,56.132884056730305,9.123640416960454,0.0,0.0,4723483921->4723212636#0,293463370->293463385#0,658700019,1141889036,261.33015913154424,148.13991025918412,primary,primary,unrelated
143,539,61.51007900242507,9.700371478340875,0.0,0.0,4723483921->4723212636#0,8145212885->293463370#0,658700019,1141889036,261.33015913154424,84.94632813683664,primary,primary,unrelated
145,146,5.673048030812319,0.0,0.0,0.0,8138167641->8144915386#0,8144915386->8138167641#0,874143073,874159868,260.0213282753854,258.68512961739776,secondary,secondary,adjacent
147,252,14.72806350213545,9.376382878677257,0.0,0.0,7127914070->8151563205#0,4720174504->3719620804#0,466615091,874459840,258.3747870725,166.32513016888691,primary,primary,unrelated
149,150,1.4174491704774463e-09,0.0,255.95424540200844,1.0,3725591172->8144921986#0,8144921986->3725591172#0,368712589,368712589,256.3774713304631,256.37747133046304,secondary,secondary,duplicate
151,254,8.508944666876852,6.3622618913312765,0.0,0.0,9882823386->9871576949#0,293456654->293456599#0,875007028,174418041,255.9953045703409,165.64197366954426,secondary,secondary,unrelated
154,521,82.01176645464412,7.984983973872703,0.0,0.0,8184439489->2390658892#0,8184439492->2534722967#0,230574618;464845715,230574632,250.58832229383628,86.92544872837664,primary,primary,unrelated
154,561,8.169692689195903,7.984983973872703,0.0,0.0,8184439489->2390658892#0,2534722967->2443921877#0,230574618;464845715,230574632,250.58832229383628,81.15417079523998,primary,primary,unrelated
154,571,82.62965790952416,7.719567178516187,0.0,0.0,8184439489->2390658892#0,2443921877->2390658877#0,230574618;464845715,230574632,250.58832229383628,79.79866303298277,primary,primary,unrelated
156,345,68.24599631930093,11.783751709199132,0.0,0.0,2833482043->2833482024#0,2833482027->293460604#0,1208795193,1208791979,249.18569077073536,130.17936963866217,primary,primary,unrelated
156,364,63.26172178310617,11.783751709199132,0.0,0.0,2833482043->2833482024#0,293460604->6985773024#0,1208795193,1208791979,249.18569077073536,126.05982943747486,primary,primary,unrelated
157,450,52.14855719078285,16.33533886234318,0.0,0.0,293462780->1051669851#0,1051669679->7242312106#0,478249498,279088748,248.82995491585007,99.6447710729296,secondary,secondary,unrelated
157,667,38.221608504564344,16.873818421451034,0.0,0.0,293462780->1051669851#0,7242312106->10287373214#0,478249498,279088748,248.82995491585007,65.59898431394345,secondary,secondary,unrelated
157,690,98.38305387846172,15.458649566050598,0.0,0.0,293462780->1051669851#0,10287373214->2999157392#0,478249498,279088748,248.82995491585007,61.82178666660269,secondary,secondary,unrelated
159,336,19.57042914232879,14.357296211728691,0.0,0.0,6608882862->2845389637#0,4875425580->2277623663#0,218526249,280421147,241.87628586022743,133.33738830461525,trunk,trunk,unrelated
160,391,63.4814602944104,15.01905134108535,0.0,0.0,2704039251->2704039249#0,293463176->293455110#0,1014003072,746487579,240.8445496880053,118.04024145184802,secondary,secondary,unrelated
160,436,50.8226357028871,14.99509852079001,0.0,0.0,2704039251->2704039249#0,293455110->293454248#0,1014003072,746487579,240.8445496880053,102.70736918888564,secondary,secondary,unrelated
161,221,26.725101256234467,6.787223731696272,0.0,0.0,2583312044->8124328157#0,2583312092->2583312066#0,252236396,252236395,239.4275623291592,187.7266712930368,secondary,secondary,unrelated
165,171,13.267480180127114,10.069012989817178,0.0,0.0,4714962014->11937077582#0,293463605->3714913947#0,762822065,478257594,234.24087059904133,226.5674830169553,primary,primary,unrelated
167,271,36.27977852746318,13.281661220470061,0.0,0.0,4721819322->4715979365#0,3714704501->10267000474#0,762822065,478257594,230.2585599712922,159.30930714438122,primary,primary,unrelated
167,607,83.13331657266525,13.062853441624476,0.0,0.0,4721819322->4715979365#0,10267000474->3714705622#0,762822065,478257594,230.2585599712922,73.0440981864751,primary,primary,unrelated
168,224,92.22783062412248,5.83917919251521,0.0,0.0,8151182351->8151182352#0,293457280->293457398#0,478254522,26754699,229.40354685525816,186.10219270450244,secondary,secondary,unrelated
169,241,30.14822457132767,8.575740548467785,0.0,0.0,6604456762->6604456761#0,3726939998->6604456763#0,1208785499,1208491977,229.18427401204093,171.28074451744112,primary,primary,unrelated
173,427,17.05294922377966,10.835911725626385,0.0,0.0,4715985536->4723483921#0,9923995138->293463471#0,658700019,1141889036,225.99675824669325,104.57783306837564,primary,primary,unrelated
173,678,77.59686356854812,10.382380232659836,0.0,0.0,4715985536->4723483921#0,293463385->9923995138#0,658700019,1141889036,225.99675824669325,63.938236476486495,primary,primary,unrelated
173,696,88.0756372819952,10.835911725626385,0.0,0.0,4715985536->4723483921#0,9923995138->293463471#0,658700019,1141889036,225.99675824669325,61.034692436091326,primary,primary,unrelated
174,175,17.987096933263892,15.217439743446631,0.0,0.0,2704039244->2704039243#0,299492240->293463031#0,746487577,746487579,225.7917915252612,224.42801347059057,secondary,secondary,unrelated
176,373,52.49098197348207,14.011962468846084,0.0,0.0,2704039243->2703794068#0,5338412716->9911548099#0,746487577,746487579,224.0007977529587,122.5010438093988,secondary,secondary,unrelated
176,442,62.82312551805195,14.671455181167143,0.0,0.0,2704039243->2703794068#0,9911548099->299492240#0,746487577,746487579,224.0007977529587,101.53815345123046,secondary,secondary,unrelated
178,590,42.94763828640359,9.92793529726503,0.0,0.0,10165916006->6944073197#0,6944073200->10991919752#0,26754491,746487581,222.96057089947155,76.81755821444239,secondary,secondary,unrelated
178,683,41.928747423789524,9.92793529726503,0.0,0.0,10165916006->6944073197#0,293466272->6944073200#0,26754491,746487581,222.96057089947155,62.91702297753602,secondary,secondary,unrelated
179,493,48.55788343607934,6.588162541789839,0.0,0.0,293457398->8151563183#0,8151182351->8151182352#0,26754699,478254522,222.69678439840925,91.38021245024686,secondary,secondary,unrelated
180,443,25.967152218121146,8.95721276639014,0.0,0.0,6604385665->10168649545#0,4594183934->4594183939#0,1208795197,1208791977,222.5821363227924,100.9366843706595,primary,primary,unrelated
184,218,59.39125547414736,13.764621959733786,0.0,0.0,3719506256->12525781148#0,293462011->8153698627#0,464650412,464650415,216.19804967540165,190.407087202514,primary,primary,unrelated
186,342,9.660815081324166,7.853764998483776,0.0,0.0,11968762653->8133341954#0,8062776421->3724390367#0,865024250,865024248,215.00879985598672,131.0218911495294,primary,primary,unrelated
186,630,95.91700245966746,8.815898696319286,0.0,0.0,11968762653->8133341954#0,8133341959->8062776421#0,865024250,865024248,215.00879985598672,69.63187548977514,primary,primary,unrelated
189,382,8.648607190761371,5.478819713776165,0.0,0.0,8166852648->9816859455#0,3240828570->293464764#0,1069546778,466839445,213.1086115818499,120.6734848444312,secondary,secondary,unrelated
190,315,36.27468538539691,9.18127963513621,0.0,0.0,4722179361->4723477971#0,293463347->293463349#0,1141889035,1141889036,212.5509726333529,142.15806816515317,primary,primary,unrelated
191,219,17.842453226623533,12.605373435080637,0.0,0.0,293465977->293463119#0,2703794062->2703794060#0,879562788,879562787,212.10510682944545,189.02364063471927,secondary,secondary,unrelated
192,462,8.659812090300242,6.435380685475109,0.0,0.0,8144958910->8144958913#0,8145127248->3714709032#0,1210205481,1210205483,210.52086674897487,96.21468334087702,secondary,secondary,unrelated
192,489,88.99023978910493,6.435380685475109,0.0,0.0,8144958910->8144958913#0,3714709032->3714709041#0,1210205481,1210205483,210.52086674897487,91.7573601557057,secondary,secondary,unrelated
195,236,14.866783730690823,7.592504397889972,0.0,0.0,4714962031->4714939496#0,3714912868->5418127631#0,478254539,874644320,207.86501308530177,174.76037906868515,primary,primary,unrelated
196,512,58.77796916047307,10.67126302891949,0.0,0.0,6166520809->6605237341#0,3725790135->3725777494#0,1208986526,300173742,207.0391754770542,88.5814932304645,primary,primary,unrelated
196,619,68.29173610186123,11.56973158872494,0.0,0.0,6166520809->6605237341#0,6605237342->3725789996#0,1208986526,300173742,207.0391754770542,71.8439994835778,primary,primary,unrelated
197,413,17.979612207118016,11.360534257331695,0.0,0.0,4594181067->4594181065#0,3725777460->3725789806#0,1208785491;1208986526,300173742,206.93196124001668,110.91156924165185,primary,primary,unrelated
198,293,26.898507738754777,11.481561767132243,0.0,0.0,6010327769->8140526289#0,8140750597->6010327768#0,605579942;870242501;870242502,870242503,203.7659908303777,150.69485874488413,trunk,trunk,unrelated
199,453,41.583808378170644,10.078500758693915,0.0,0.0,3727011973->3727012991#0,4594197585->4594197584#0,876451409,874056882,202.3907474497905,98.2907953419388,primary,primary,unrelated
200,203,8.636576210120204,7.769803674119958,0.0,0.0,3711679299->293464096#0,9924471955->8133212860#0,90617087,741818619,202.38056952074967,201.04385285302587,secondary,secondary,unrelated
202,332,37.183957262313044,13.057610159791693,0.0,0.0,4715979365->4714962026#0,3714705527->3714704501#0,762822065,478257594,201.6613876353403,135.2725275408109,primary,primary,unrelated
204,652,67.13412213768271,12.167335868196332,0.0,0.0,13505959712->293458235#0,2703776376->2703784888#0,466615091,874459840,200.97537138967195,67.24900013487127,primary,primary,unrelated
205,410,44.652997573751854,9.680810960287882,0.0,0.0,8156864965->8163267507#0,293461291->8156864966#0,1208988383,1208988379,198.62095288052777,113.00194714241655,primary,primary,unrelated
205,522,57.2707226051055,10.312913970603896,0.0,0.0,8156864965->8163267507#0,8163267506->293461291#0,1208988383,1208988379,198.62095288052777,86.74332328383596,primary,primary,unrelated
206,207,1.6308535968561075e-09,0.0,196.01424030802485,1.0,10132690705->3726941220#0,10132690705->3726941220#0,875119268,875119268,195.7621185690046,195.7621185690046,secondary,secondary,duplicate
208,356,39.493662378001105,11.885793804948305,0.0,0.0,3714705622->3714706393#0,4714962029->4721819322#0,478257594,762822065,195.11745418292568,127.5911283328734,primary,primary,unrelated
210,211,6.0850321047738865,5.8068881926899625,0.0,0.0,8166852651->8166852648#0,293464778->293464784#0,1069546778,466839445,194.1969920604718,193.69651812587333,secondary,secondary,unrelated
214,215,0.0,0.0,191.83576556272936,1.0,10132690705->3184375374#0,10132690705->3184375374#0,875119268,875119268,191.5903217247036,191.5903217247036,secondary,secondary,duplicate
216,365,21.129065583223817,10.230252636160124,0.0,0.0,2703756979->4720174490#0,293458235->5662526910#0,874459840,466615091,190.9332157229613,125.68791531195204,primary,primary,unrelated
217,232,28.7728290964348,8.858286920121506,0.0,0.0,9913774165->293463399#0,6167916393->4715985536#0,1141889036,746487560;658700019,190.60445950539227,179.81871632556832,primary,primary,unrelated
217,687,94.3968194157843,8.551668557388421,0.0,0.0,9913774165->293463399#0,4716027735->6167916393#0,1141889036,746487560,190.60445950539227,62.7974093806127,primary,primary,unrelated
224,307,96.59372921951076,4.630279347340315,0.0,0.0,293457280->293457398#0,8151182352->9757587446#0,26754699,478254522,186.10219270450244,147.10275142333165,secondary,secondary,unrelated
225,394,52.05851035128938,21.884778599123408,0.0,0.0,4720203904->12558344054#0,2703786131->7242788582#0,466615091,1210210285,185.0299778788576,116.89041482028703,primary,primary,unrelated
227,375,33.318193622840546,12.825990491395576,0.0,0.0,4597338781->293463029#0,6986305647->293452701#0,1208791978,1208988379,181.0781227785953,122.22771719700162,primary,primary,unrelated
229,334,25.65859211223593,10.269819788743474,0.0,0.0,11938897684->7128018275#0,7128018274->4801591614#0,874644320,478254539,180.7492962673884,134.4403488200718,primary,primary,unrelated
231,656,15.074133821318318,11.274132772413925,0.0,0.0,3725763413->3725763281#0,4594183933->4594183932#0,1208791977,1208795197,180.57172746646995,66.70235533323444,primary,primary,unrelated
231,698,73.6446074482093,11.080719572687812,0.0,0.0,3725763413->3725763281#0,10230224085->4594183933#0,1208791977,1208795197,180.57172746646995,60.63372269388464,primary,primary,unrelated
233,299,13.189132546537952,4.601054260190965,0.0,0.0,8144960927->8144960932#0,3716311233->8144958887#0,875004053,367555141,177.71005433719856,148.5639441701936,secondary,secondary,unrelated
234,476,31.531694252069624,8.868669945289552,0.0,0.0,8182365093->2283167672#0,8141910054->2277422474#0,40016878,1209433720;44949028,177.4812021104335,94.20338760425746,primary,primary,unrelated
234,616,56.606023085349655,8.210588960304602,0.0,0.0,8182365093->2283167672#0,7127990460->8141910054#0,40016878,1138034029,177.4812021104335,72.24143592255933,primary,primary,unrelated
235,283,18.837027461467947,11.004245294002988,0.0,0.0,8141521568->6010327769#0,6010327768->3725560916#0,870242502,870242503,177.19679037258618,154.4016441798402,trunk,trunk,unrelated
238,262,9.451311178736933,7.400513169703596,0.0,0.0,3726941482->3726926564#0,4594188520->3726941481#0,1208791971,1208795201,174.33077320862347,163.06309145955152,primary,primary,unrelated
242,606,50.73117313876524,13.189346425766587,0.0,0.0,8124335766->3714705527#0,4714962027->10635704868#0,478257594,762822065,171.1209286495828,73.22170644508729,primary,primary,unrelated
243,360,87.6957543300203,11.184875816836652,0.0,0.0,8145147226->293462245#0,6949998010->4601752551#0,464650415,464650412,168.96413026723744,127.211601170194,primary,primary,unrelated
243,540,22.276681109883956,12.500242324056527,0.0,0.0,8145147226->293462245#0,12525781148->6949998010#0,464650415,464650412,168.96413026723744,84.67161784538443,primary,primary,unrelated
244,329,49.39087020038719,9.905493424149608,0.0,0.0,3727013860->4594206606#0,8145580981->4594206614#0,874056882,876451409,168.63690927120786,137.46960957416178,primary,primary,unrelated
244,586,59.49639681062889,9.862000014053077,0.0,0.0,3727013860->4594206606#0,3727013594->8145580981#0,874056882,876451409,168.63690927120786,77.36311363034815,primary,primary,unrelated
248,685,11.861252801050295,8.295135872160664,0.0,0.0,2365467030->2408583723#0,2443921865->2443921759#0,464845715,232511043,166.82460045758106,62.871657968913176,primary,primary,unrelated
250,251,0.0,0.0,166.62479351112393,1.0,293462600->1051669950#0,293462600->1051669950#0,26755988,26755988,166.56924953562327,166.56924953562327,secondary,secondary,duplicate
253,318,72.96062724828667,8.55582237385918,0.0,0.0,3726944827->13957674836#0,3725763498->3725764126#0,470103829,368729170,165.65055454369568,141.29533356121252,primary,primary,unrelated
253,324,68.43386969743464,9.195966789103425,0.0,0.0,3726944827->13957674836#0,3725763961->3725763498#0,470103829,368729170,165.65055454369568,139.00971035694363,primary,primary,unrelated
257,266,39.183320508208894,28.08446610941444,0.0,0.0,293464910->293464908#0,1812432267->1812432244#0,279088743,279088740,165.20780555006587,160.536079822312,primary,primary,unrelated
258,378,69.97276484415586,12.360289440118882,0.0,0.0,293462777->293462778#0,2999157389->2999157408#0,478249498,279088748,164.82454558256248,121.52665674273196,secondary,secondary,unrelated
258,419,46.712414859537176,12.067069447415657,0.0,0.0,293462777->293462778#0,2999157408->2999157398#0,478249498,279088748,164.82454558256248,107.09038366155735,secondary,secondary,unrelated
259,438,97.56939208393987,9.16591521855379,0.0,0.0,4723475967->4723476603#0,293463318->293463599#0,1141888415;1392897335,367932805,164.43550182597903,102.476997651402,primary,secondary,unrelated
259,439,97.56939208393987,9.16591521855379,0.0,0.0,4723475967->4723476603#0,293463318->293463599#0,1141888415;1392897335,367932805,164.43550182597903,102.476997651402,primary,secondary,unrelated
259,676,48.98062725340859,9.16591521855379,0.0,0.0,4723475967->4723476603#0,3714707013->293463599#0,1141888415;1392897335,1209433725;1249542286,164.43550182597903,64.306059850183,primary,primary,unrelated
261,279,99.61881386648483,6.924726547153771,0.0,0.0,293457075->293463159#0,2703797734->8151182351#0,26754699,478254522;1013619973,163.5295448295978,156.09773242417683,secondary,secondary,unrelated
261,437,31.340752350227728,7.868047240525468,0.0,0.0,293457075->293463159#0,2703797732->2703797734#0,26754699,1013619972,163.5295448295978,102.62427437271606,secondary,secondary,unrelated
261,458,98.92239525271519,11.204073764392707,0.0,0.0,293457075->293463159#0,293457276->2703797732#0,26754699,456959535,163.5295448295978,97.10180814796917,secondary,secondary,unrelated
261,477,97.31205567359345,0.0,0.0,0.0,293457075->293463159#0,293463159->2955625544#0,26754699,879562788,163.5295448295978,94.01851499871252,secondary,secondary,adjacent
263,309,10.484310035676986,6.7365922807224665,0.0,0.0,4613766153->293457277#0,4620986372->4613766154#0,26754699,478254522,162.33426427348215,146.58324779630186,secondary,secondary,unrelated
265,288,15.819602695652398,13.88255938867126,0.0,0.0,293458244->6956618508#0,2703768573->2703756979#0,874459841;874459842;466615091,874459840;40016878;874459839,160.7785741574832,153.32855012754362,primary,primary,unrelated
267,498,61.570540375451046,13.398490198983671,0.0,0.0,2283167601->3719620306#0,4719689711->4719689709#0,880075594,478371821,160.32290359860772,89.54616692556367,primary,primary,unrelated
267,620,24.115962677475817,12.558148816118237,0.0,0.0,2283167601->3719620306#0,4719689709->3719620426#0,880075594,478371821,160.32290359860772,71.30308057455646,primary,primary,unrelated
270,338,34.882750461391765,9.802661867665506,0.0,0.0,10287153450->5415640148#0,9919058606->3714913529#0,478254539,874644320,159.6654664959185,132.35946621924458,primary,primary,unrelated
273,401,47.77864596778122,11.599406295307269,0.0,0.0,293463119->293463078#0,2703794064->2703794062#0,879562788,879562787,158.9703039004298,114.74331746161296,secondary,secondary,unrelated
273,634,47.254582297658274,13.871269455107411,0.0,0.0,293463119->293463078#0,11778195620->2703794064#0,879562788,879562787,158.9703039004298,68.79122797512909,secondary,secondary,unrelated
274,282,25.297309727806844,24.28640998537601,0.0,0.0,1812432245->1812432278#0,293464896->293464894#0,466600306,279088743,158.636905435644,154.94777140963538,primary,primary,unrelated
276,277,0.0,0.0,157.52465869851733,1.0,3706277194->8128232265#0,3706277194->8128232265#0,776295454,776295454,157.41623411523904,157.41623411523904,secondary,secondary,duplicate
278,543,57.73257209765132,11.247829165050131,0.0,0.0,3714706393->12201173657#0,7128063636->8127682909#0,219116704;762822062;219116711,1210211832;762822066;478257595,156.26172229881945,84.23108841846901,primary,primary,unrelated
278,612,43.13155914523156,11.819062679151829,0.0,0.0,3714706393->12201173657#0,7128063637->7128134805#0,219116704;762822062;219116711,1210211832,156.26172229881945,72.39355995644307,primary,primary,unrelated
279,583,22.780863973510776,6.924726547153771,0.0,0.0,2703797734->8151182351#0,8151563183->293457075#0,478254522;1013619973,26754699,156.09773242417683,77.68858521384426,secondary,secondary,unrelated
280,381,20.735780905738245,10.4700093809257,0.0,0.0,3725656912->293466258#0,9726096123->10232859317#0,26764975,876134933,155.5378914544154,121.13715182824048,secondary,secondary,unrelated
280,452,93.58482675636638,11.439897899204427,0.0,0.0,3725656912->293466258#0,10232859317->8154498082#0,26764975,876134933,155.5378914544154,99.24851520626802,secondary,secondary,unrelated
281,325,28.333387233656843,8.47439020037742,0.0,0.0,4719689700->10779362169#0,293461082->293460950#0,478372781,746487559,155.1250841611919,138.9630034556413,primary,primary,unrelated
284,554,72.83882013268457,9.583402863867999,0.0,0.0,4723476352->4722179361#0,293463350->293463358#0,1141889035,1141889036,154.33798610756168,82.33743447059629,primary,primary,unrelated
285,362,71.4937912970675,13.865595126470865,0.0,0.0,5875519688->2703794066#0,293463078->293463063#0,879562787,879562788,154.07065549173444,126.08480883515908,secondary,secondary,unrelated
285,504,39.62321787179412,13.865595126470865,0.0,0.0,5875519688->2703794066#0,293463063->10110997385#0,879562787,879562788,154.07065549173444,89.02797563357834,secondary,secondary,unrelated
286,287,2.8348983409548926e-09,0.0,154.02171510715783,1.0,6985772815->3719483256#0,3719483256->6985772815#0,869089258,869089258,153.9875654217518,153.9875654217518,secondary,secondary,duplicate
286,357,97.21232737193355,0.0,0.0,0.0,6985772815->3719483256#0,3719483256->6965143039#0,869089258,869089258,153.9875654217518,127.55952666008145,secondary,secondary,adjacent
286,358,97.21232737241151,0.0,0.0,0.0,6985772815->3719483256#0,3719483256->6965143039#0,869089258,869089258,153.9875654217518,127.55952666008145,secondary,secondary,adjacent
287,357,97.21232737379694,0.0,0.0,0.0,3719483256->6985772815#0,3719483256->6965143039#0,869089258,869089258,153.9875654217518,127.55952666008145,secondary,secondary,adjacent
287,358,97.2123273742749,0.0,0.0,0.0,3719483256->6985772815#0,3719483256->6965143039#0,869089258,869089258,153.9875654217518,127.55952666008145,secondary,secondary,adjacent
289,692,13.018287730109899,10.144177094175655,0.0,0.0,4594259889->13022825212#0,3726941221->3726941630#0,874056882,876451409,152.9864390586863,61.552714374238654,primary,primary,unrelated
295,444,29.25947897126551,5.832254038616246,0.0,0.0,3714709047->8144958903#0,8144958902->8144958906#0,1210205483,1210205481,150.0213357394489,100.7319707019562,secondary,secondary,unrelated
295,492,67.9306168166305,5.632098804577414,0.0,0.0,3714709047->8144958903#0,8144958906->8144958908#0,1210205483,1210205481,150.0213357394489,91.73147317037696,secondary,secondary,unrelated
296,346,14.534693862061106,10.370248142459047,0.0,0.0,4478448738->8163267506#0,8163267507->4597338734#0,1208988379,1208988383,149.59088509342106,130.1318069047123,primary,primary,unrelated
297,311,14.530606975014676,13.744215910287716,0.0,0.0,2703794068->5875519688#0,10110997385->5338412716#0,746487576;746487577;879562787,746487578;746487579;879562788,148.87162109870007,144.40599390338113,secondary,secondary,unrelated
298,457,48.18847308031529,11.163553816647417,0.0,0.0,293458413->3725790343#0,4594183924->4594181070#0,1208986532,1203852633,148.86151304509158,97.47461625771064,primary,primary,unrelated
298,665,36.267666906222416,10.972082959275374,0.0,0.0,293458413->3725790343#0,4594181070->4594181069#0,1208986532,1203852633,148.86151304509158,65.83410261113927,primary,primary,unrelated
298,693,98.48659497678376,10.822726047281476,0.0,0.0,293458413->3725790343#0,4594181069->4594181068#0,1208986532,1203852633,148.86151304509158,61.51758168229616,primary,primary,unrelated
299,686,97.64392790418762,0.0,0.0,0.0,3716311233->8144958887#0,8144958887->8144958890#0,367555141,367555141,148.5639441701936,62.80076167923156,secondary,secondary,adjacent
300,595,18.045842898730402,14.143742444195983,0.0,0.0,12558344054->7127914070#0,8151416225->5662504046#0,466615091,874459840,148.55381567814263,75.27153600195132,primary,primary,unrelated
304,593,17.549336464499596,6.789710559298415,0.0,0.0,2583312049->2583312092#0,8124328157->3706277560#0,252236395,252236396,147.49819235724036,76.21696737606669,secondary,secondary,unrelated
305,363,13.838994916914903,7.4661284751283805,0.0,0.0,8144960935->8144960921#0,3714708563->3714708572#0,875004053,367555141,147.260610068047,126.0606157650531,secondary,secondary,unrelated
305,474,99.11277058163364,7.69231515940173,0.0,0.0,8144960935->8144960921#0,3714708555->3714708563#0,875004053,367555141,147.260610068047,94.42543307527836,secondary,secondary,unrelated
306,495,28.65889745175035,10.67051952232789,0.0,0.0,3725777494->293458413#0,4594181068->6166520809#0,1208986532,1203852633,147.16266881403016,91.15673836295592,primary,primary,unrelated
306,693,50.70505989114443,10.66388470316847,0.0,0.0,3725777494->293458413#0,4594181069->4594181068#0,1208986532,1203852633,147.16266881403016,61.51758168229616,primary,primary,unrelated
307,587,35.63681791526652,4.476454232150624,0.0,0.0,8151182352->9757587446#0,293457277->293457280#0,478254522,26754699,147.10275142333165,77.10456891854011,secondary,secondary,unrelated
312,464,11.692322250565798,11.071985772282739,0.0,0.0,3725560916->3725560939#0,8141521552->8141521568#0,870242503,870242502,143.9113100221158,95.66919658658033,trunk,trunk,unrelated
317,409,18.700625036100853,15.127014954473973,0.0,0.0,9771712112->293462780#0,2999157392->2999157391#0,478249498,279088748,141.3044004724377,113.01439981601987,secondary,secondary,unrelated
317,690,99.0220428454062,15.452212244830122,0.0,0.0,9771712112->293462780#0,10287373214->2999157392#0,478249498,279088748,141.3044004724377,61.82178666660269,secondary,secondary,unrelated
319,511,81.76811697580057,10.053827739689362,0.0,0.0,5414086844->8127692843#0,4801496565->7128018274#0,874644320,478254539,140.61152864292586,88.65158975243222,primary,primary,unrelated
322,349,39.667142140126636,16.746749404286575,0.0,0.0,1812432286->2833450822#0,2833450825->293458231#0,279088746,466600302,139.14366010321675,129.33721632578963,primary,primary,unrelated
322,668,98.27939584286966,0.0,0.0,0.0,1812432286->2833450822#0,2833450822->4613676974#0,279088746,1209004191,139.14366010321675,65.51829135071483,primary,primary,adjacent
323,643,19.22576832231733,11.594652253157815,0.0,0.0,4714939528->8141628265#0,8141628231->482157966#0,568707032;874594467;1210221828;374402719,874594465,139.0851430088607,67.89512375542482,trunk,trunk,unrelated
324,343,81.31278049247767,9.020180172206803,0.0,0.0,3725763961->3725763498#0,13957674836->6604385662#0,368729170,470103829,139.00971035694363,130.8960342471774,primary,primary,unrelated
325,659,83.3614474087057,8.283109704393409,0.0,0.0,293461082->293460950#0,4721825589->4719689700#0,746487559,478372781,138.9630034556413,66.5395391057829,primary,primary,unrelated
327,328,0.0,0.0,137.7454877769863,1.0,6965369868->8145903096#0,6965369868->8145903096#0,875119268,875119268,137.56901352817457,137.56901352817457,secondary,secondary,duplicate
330,392,14.697813763729222,9.10570614928016,0.0,0.0,4714939538->4714939527#0,8142194644->4714939537#0,874656098,464260872,137.40500781992966,117.5635239324274,trunk,trunk,unrelated
330,573,90.74025563723413,54.27463543384573,0.0,0.0,4714939538->4714939527#0,4714939533->4714938984#0,874656098,219116706,137.40500781992966,79.23224722302729,trunk,primary,unrelated
331,389,11.255527755409593,0.0,0.0,0.0,2751622292->2583312029#0,2583312029->3706277462#0,252236395,252236396,136.86336549284852,118.3591805639456,secondary,secondary,adjacent
333,475,60.59277092075785,9.41521806481257,0.0,0.0,3726944825->3725763954#0,9756374292->6604385663#0,470103829,368729170,135.04207668749473,94.29668663291856,primary,primary,unrelated
333,552,85.69737652862885,0.0,0.0,0.0,3726944825->3725763954#0,3725763954->3726944828#0,470103829,1208791971,135.04207668749473,82.61690128841516,primary,primary,adjacent
333,580,29.348356902884447,11.252793798180333,0.0,0.0,3726944825->3725763954#0,293458410->9756374292#0,470103829,368729170,135.04207668749473,78.0539461302574,primary,primary,unrelated
335,408,55.81021031667252,5.433657238006954,0.0,0.0,9882823387->3714708616#0,8148598918->8144976336#0,174418041,875007028,133.69979440501174,113.24174354350352,secondary,secondary,unrelated
335,671,34.00196892127938,5.5139974036104205,0.0,0.0,9882823387->3714708616#0,8144976336->9882823386#0,174418041,875007028,133.69979440501174,65.42149091582739,secondary,secondary,unrelated
337,347,9.876566311310691,9.089523547970645,0.0,0.0,3725764126->3725790551#0,3726939997->6605170431#0,368729170,470103829,132.51086982524495,129.682784755002,primary,primary,unrelated
337,617,98.75583759563914,9.805931255623115,0.0,0.0,3725764126->3725790551#0,6604456763->3726939997#0,368729170,1208491977,132.51086982524495,72.08758016553178,primary,primary,unrelated
337,649,99.95786859241161,0.0,0.0,0.0,3725764126->3725790551#0,3725790551->6604456762#0,368729170,1208785499,132.51086982524495,67.3815774180633,primary,primary,adjacent
339,677,34.46722834405065,7.03345406545502,0.0,0.0,293456370->9871576948#0,9871576949->8144976343#0,174418041,875007028,132.07449319061763,64.0240951230932,secondary,secondary,unrelated
340,472,44.50581085488119,11.489726880358882,0.0,0.0,3725789806->3725790040#0,6605237341->4594181067#0,300173742,1208986526,131.97280249943776,95.08596447611625,primary,primary,unrelated
341,638,99.90941803924277,0.0,0.0,0.0,9781361238->8154498070#0,8154498070->8154498107#0,26754491;876134933,876134933,131.27828741015398,68.53403695961849,secondary,secondary,adjacent
342,630,99.8648524912489,0.0,0.0,0.0,8062776421->3724390367#0,8133341959->8062776421#0,865024248,865024248,131.0218911495294,69.63187548977514,primary,primary,adjacent
343,592,28.635183957232563,9.2380640671348,0.0,0.0,13957674836->6604385662#0,6604385663->3725763961#0,470103829,368729170,130.8960342471774,76.51234521424433,primary,primary,unrelated
344,377,15.02312958366426,14.13743530425426,0.0,0.0,2283167656->2703768573#0,6956618508->9717246530#0,40016878,874459842,130.71375905683067,121.62255283492242,primary,primary,unrelated
349,668,90.52943231523926,15.454080909003801,0.0,0.0,2833450825->293458231#0,2833450822->4613676974#0,466600302,1209004191,129.33721632578963,65.51829135071483,primary,primary,unrelated
350,351,0.0,0.0,129.14875515799324,1.0,293452705->293452702#0,293452705->293452702#0,876418713,876418713,129.07399139271223,129.07399139271223,secondary,secondary,duplicate
352,626,75.71174638975327,9.22552826052939,0.0,0.0,4715985522->4721825589#0,293460950->9923821126#0,478372781,746487559,128.98100364169895,70.21446664791772,primary,primary,unrelated
352,659,97.4125001972604,0.0,0.0,0.0,4715985522->4721825589#0,4721825589->4719689700#0,478372781,478372781,128.98100364169895,66.5395391057829,primary,primary,adjacent
353,359,7.6382921754777575,0.0,0.0,0.0,13127794959->7242244227#0,13127794973->13127794959#0,869974597,1427941136,128.57207934666087,127.23012114543832,secondary,secondary,adjacent
354,465,63.735400150025455,8.25374992151307,0.0,0.0,3714708572->3714707014#0,8144958913->8144958915#0,367555141,1210205480,128.33886652544595,95.512939841262,secondary,secondary,unrelated
356,607,96.8782256246167,13.03108764795964,0.0,0.0,4714962029->4721819322#0,10267000474->3714705622#0,762822065,478257594,127.5911283328734,73.0440981864751,primary,primary,unrelated
357,358,1.280568540096283e-09,0.0,127.12338549991922,1.0,3719483256->6965143039#0,3719483256->6965143039#0,869089258,869089258,127.55952666008145,127.55952666008145,secondary,secondary,duplicate
360,662,31.830289298243606,9.925086813917996,0.0,0.0,6949998010->4601752551#0,4601752550->8145147226#0,464650412,464650415,127.211601170194,66.24445559444874,primary,primary,unrelated
361,689,16.18520366474101,11.52571140687449,0.0,0.0,3727012991->3727013278#0,4594197691->4594197690#0,876451409,874056882,127.03219257785528,62.208475198467184,primary,primary,unrelated
362,634,98.28616846310696,13.871283472282109,0.0,0.0,293463078->293463063#0,11778195620->2703794064#0,879562788,879562787,126.08480883515908,68.79122797512909,secondary,secondary,unrelated
366,376,7.503863629861084,0.0,0.0,0.0,4592522613->1051669812#0,1051669449->4592522613#0,464097499;456959534,464097500,124.96936131413244,122.09899259994764,secondary,secondary,adjacent
367,623,96.88372416175251,0.0,0.0,0.0,3724390537->3724390516#0,3724390516->3724390734#0,865024248,865024248,124.2944241184147,70.35092387073752,primary,primary,adjacent
367,639,95.94423169519492,0.0,0.0,0.0,3724390537->3724390516#0,2935256757->3724390537#0,865024248,865024248,124.2944241184147,68.47069528602644,primary,primary,adjacent
368,433,53.76516386275874,11.266041937421175,0.0,0.0,1051669905->10128190730#0,4714938952->2928864953#0,456959535,264753949,124.15445111892798,103.93806754857442,secondary,secondary,unrelated
368,538,76.88334148612962,14.613344447367592,0.0,0.0,1051669905->10128190730#0,3719506243->8151533567#0,456959535,264753949,124.15445111892798,85.06990995446638,secondary,secondary,unrelated
369,370,0.0,0.0,124.18349630911572,1.0,3714709074->4723475967#0,3714709074->4723475967#0,1209433726,1209433726,124.03144057332644,124.03144057332644,secondary,secondary,duplicate
369,501,77.7403177231749,9.153116196781369,0.0,0.0,3714709074->4723475967#0,293463599->293463328#0,1209433726,1141889032,124.03144057332644,89.28910762056677,secondary,primary,unrelated
369,519,69.31604074012958,0.0,0.0,0.0,3714709074->4723475967#0,7214193059->4723475967#0,1209433726,1209433713,124.03144057332644,87.16629275657961,secondary,primary,adjacent
369,645,98.36523473007107,2.4225192444156716,0.0,0.0,3714709074->4723475967#0,8145212933->10618414232#0,1209433726,1209433726,124.03144057332644,67.6262946331855,secondary,secondary,unrelated
369,646,98.36523473007107,2.4225192444156716,0.0,0.0,3714709074->4723475967#0,8145212933->10618414232#0,1209433726,1209433726,124.03144057332644,67.6262946331855,secondary,secondary,unrelated
369,676,83.2542842107101,9.31136905660203,0.0,0.0,3714709074->4723475967#0,3714707013->293463599#0,1209433726,1209433725;1249542286,124.03144057332644,64.306059850183,secondary,primary,unrelated
370,501,77.7403177231749,9.153116196781369,0.0,0.0,3714709074->4723475967#0,293463599->293463328#0,1209433726,1141889032,124.03144057332644,89.28910762056677,secondary,primary,unrelated
370,519,69.31604074012958,0.0,0.0,0.0,3714709074->4723475967#0,7214193059->4723475967#0,1209433726,1209433713,124.03144057332644,87.16629275657961,secondary,primary,adjacent
370,645,98.36523473007107,2.4225192444156716,0.0,0.0,3714709074->4723475967#0,8145212933->10618414232#0,1209433726,1209433726,124.03144057332644,67.6262946331855,secondary,secondary,unrelated
370,646,98.36523473007107,2.4225192444156716,0.0,0.0,3714709074->4723475967#0,8145212933->10618414232#0,1209433726,1209433726,124.03144057332644,67.6262946331855,secondary,secondary,unrelated
370,676,83.2542842107101,9.31136905660203,0.0,0.0,3714709074->4723475967#0,3714707013->293463599#0,1209433726,1209433725;1249542286,124.03144057332644,64.306059850183,secondary,primary,unrelated
371,648,34.82051371542807,15.323133173287406,0.0,0.0,2833450832->293462777#0,2999157396->1812432271#0,478249498,279088748,123.64245942016632,67.43744301005415,secondary,secondary,unrelated
371,658,83.4426911244382,23.33271304605829,0.0,0.0,2833450832->293462777#0,12555910130->1812432286#0,478249498,279088746,123.64245942016632,66.60370752964253,secondary,primary,unrelated
372,624,96.44699625519647,0.0,0.0,0.0,6604381555->3725827504#0,3725827504->293466245#0,300173742,300173742,123.5519388365556,70.33925676472191,primary,primary,adjacent
375,581,79.9909084491509,8.998809514438078,0.0,0.0,6986305647->293452701#0,8156864966->8156864967#0,1208988379,876418712,122.22771719700162,78.04222668158944,primary,secondary,unrelated
375,585,73.73122176749871,0.0,0.0,0.0,6986305647->293452701#0,8156864967->6986305647#0,1208988379,26764914,122.22771719700162,77.45751585045306,primary,secondary,adjacent
378,380,75.18244052660097,12.360289440118882,0.0,0.0,2999157389->2999157408#0,293462778->293462779#0,279088748,478249498,121.52665674273196,121.32251713396718,secondary,secondary,unrelated
378,655,93.75978148061712,0.0,0.0,0.0,2999157389->2999157408#0,8151238466->2999157389#0,279088748,279088748,121.52665674273196,66.70520712362648,secondary,secondary,adjacent
379,440,35.36566536720736,9.323087377011584,0.0,0.0,3719620498->2283167617#0,3719618337->4719693651#0,478371821,880075594,121.44023393798912,102.37311296509772,primary,primary,unrelated
380,655,24.037293728685995,12.965066188034847,0.0,0.0,293462778->293462779#0,8151238466->2999157389#0,478249498,279088748,121.32251713396718,66.70520712362648,secondary,secondary,unrelated
384,664,92.47049230272927,0.0,0.0,0.0,4723476603->4715985573#0,4715985573->7128063639#0,1105211172,1105211172,119.78122001794884,66.06337197043854,primary,primary,adjacent
385,424,10.875494274205982,9.688837971721096,0.0,0.0,6956668970->2841381812#0,2277623798->11001108947#0,300173739,464283097,119.73370221974604,105.77972245995996,primary,primary,unrelated
386,406,71.65610702209118,20.313028065392228,0.0,0.0,1051669812->4531816332#0,11176575743->1051669679#0,456959534,279088748;456959531;1208986540;264753949,119.23826066536982,113.67030006572054,secondary,secondary,unrelated
386,594,86.27380013845297,0.0,0.0,0.0,1051669812->4531816332#0,4531816332->8151182358#0,456959534,456959535,119.23826066536982,76.0183041434752,secondary,secondary,adjacent
386,631,22.112862570785403,11.99891473801751,0.0,0.0,1051669812->4531816332#0,4531816313->1051669638#0,456959534,464097500;456959532,119.23826066536982,69.62521597412191,secondary,secondary,unrelated
386,641,96.89116852605589,16.894489416646092,0.0,0.0,1051669812->4531816332#0,2928864938->1051669370#0,456959534,264753949,119.23826066536982,68.21729022284364,secondary,secondary,unrelated
386,681,44.79693270892691,12.120639213356847,0.0,0.0,1051669812->4531816332#0,4531816328->4531816313#0,456959534,1208986537;1208986538,119.23826066536982,63.40995936736333,secondary,secondary,unrelated
388,654,92.51145974157511,0.0,0.0,0.0,4594206590->6609242521#0,6609242521->4594197693#0,874056882,874056882,118.80951705861052,67.04268960574902,primary,primary,adjacent
390,414,27.98897423324781,26.265122976957983,0.0,0.0,1812432274->1812432245#0,293464894->2955635979#0,1209004192,279088743,118.12178550470377,110.62141418741076,primary,primary,unrelated
392,573,86.13159378956713,46.13488399966914,0.0,0.0,8142194644->4714939537#0,4714939533->4714938984#0,464260872,219116706,117.5635239324274,79.23224722302729,trunk,primary,unrelated
393,423,8.252941367775984,6.070717055093004,0.0,0.0,8144915374->8146129661#0,10116085882->8146129652#0,875146659;1352928436,1352928435,117.0835209067391,106.12439266253055,primary,primary,unrelated
394,542,90.12492655202655,21.015520293313532,0.0,0.0,2703786131->7242788582#0,4720203899->4720203904#0,1210210285,466615091,116.89041482028703,84.42868333216086,primary,primary,unrelated
394,635,92.42647824413336,0.0,0.0,0.0,2703786131->7242788582#0,7242788582->8151563186#0,1210210285,1210210285,116.89041482028703,68.70819694472011,primary,primary,adjacent
395,400,9.109188443293188,8.953935601691244,0.0,0.0,2390658890->2407964442#0,2408583723->8184439489#0,232511043,464845715,116.48804031005898,114.98669279561967,primary,primary,unrelated
396,397,0.0,0.0,115.77899290433302,1.0,8145707262->3726941209#0,8145707262->3726941209#0,875119268,875119268,115.63235117941038,115.63235117941036,secondary,secondary,duplicate
398,668,36.1415063689552,10.460243876214234,0.0,0.0,293460471->4613676969#0,2833450822->4613676974#0,1209004194;466600301;170090974,1209004191,115.37873694307146,65.51829135071483,primary,primary,unrelated
401,634,91.24017596587696,0.0,0.0,0.0,2703794064->2703794062#0,11778195620->2703794064#0,879562787,879562787,114.74331746161296,68.79122797512909,secondary,secondary,adjacent
402,565,21.274677122666038,7.673283154846155,0.0,0.0,8184439489->2390658892#0,2390658877->2443921783#0,464845715,230574632,114.404867295694,80.44930316768992,primary,primary,unrelated
402,571,99.78448708045228,7.719567178516187,0.0,0.0,8184439489->2390658892#0,2443921877->2390658877#0,464845715,230574632,114.404867295694,79.79866303298277,primary,primary,unrelated
403,574,96.27898390741416,0.0,0.0,0.0,4715985518->11209425689#0,8151238512->4715985518#0,478372781,1189548648,114.1358823425619,79.1434081392674,primary,primary,adjacent
404,405,0.0,0.0,113.2286353170636,1.0,2365467030->2365769916#0,2365467030->2365769916#0,1210204475,1210204475,113.72484536287398,113.72484536287398,primary,primary,duplicate
406,631,49.782375861801114,20.45949679265523,0.0,0.0,11176575743->1051669679#0,4531816313->1051669638#0,279088748;456959531;1208986540;264753949,464097500;456959532,113.67030006572054,69.62521597412191,secondary,secondary,unrelated
406,681,26.92841090969834,20.45949679265523,0.0,0.0,11176575743->1051669679#0,4531816328->4531816313#0,279088748;456959531;1208986540;264753949,1208986537;1208986538,113.67030006572054,63.40995936736333,secondary,secondary,unrelated
408,603,75.58761180130928,2.615301608104304,0.0,0.0,8148598918->8144976336#0,293463307->10718627261#0,875007028,367932805,113.24174354350352,73.42535185842101,secondary,secondary,unrelated
408,604,75.58761180148709,2.615301608104304,0.0,0.0,8148598918->8144976336#0,293463307->10718627261#0,875007028,367932805,113.24174354350352,73.425351858421,secondary,secondary,unrelated
408,671,88.9308373055938,0.0,0.0,0.0,8148598918->8144976336#0,8144976336->9882823386#0,875007028,875007028,113.24174354350352,65.42149091582739,secondary,secondary,adjacent
409,690,87.13840613993902,0.0,0.0,0.0,2999157392->2999157391#0,10287373214->2999157392#0,279088748,279088748,113.01439981601987,61.82178666660269,secondary,secondary,adjacent
410,522,99.4687054760599,0.0,0.0,0.0,293461291->8156864966#0,8163267506->293461291#0,1208988379,1208988379,113.00194714241655,86.74332328383596,primary,primary,adjacent
410,581,70.25169111914191,0.0,0.0,0.0,293461291->8156864966#0,8156864966->8156864967#0,1208988379,876418712,113.00194714241655,78.04222668158944,primary,secondary,adjacent
410,585,76.34988312417637,9.003157993277933,0.0,0.0,293461291->8156864966#0,8156864967->6986305647#0,1208988379,26764914,113.00194714241655,77.45751585045306,primary,secondary,unrelated
412,509,46.63942655478753,13.606393131519328,0.0,0.0,10128190730->8151376713#0,2703793345->3719506243#0,456959535,264753949,111.69660217078165,88.72099773785389,secondary,secondary,unrelated
412,538,44.25964518028673,13.733163077365186,0.0,0.0,10128190730->8151376713#0,3719506243->8151533567#0,456959535,264753949,111.69660217078165,85.06990995446638,secondary,secondary,unrelated
416,417,0.0,0.0,107.72521790547731,1.0,4713176922->4713176938#0,4713176922->4713176938#0,1212991822,1212991822,107.80087282454969,107.80087282454969,secondary,secondary,duplicate
418,682,84.99970533761969,0.0,0.0,0.0,4719769348->9833884594#0,4719771206->4719769348#0,40016878,40016878,107.44946829037174,63.34287450597982,primary,primary,adjacent
421,422,0.0,0.0,105.84043928384997,1.0,8105649904->3719483230#0,8105649904->3719483230#0,364407163,364407163,106.3049213202081,106.3049213202081,secondary,secondary,duplicate
427,678,83.68804823667965,0.0,0.0,0.0,9923995138->293463471#0,293463385->9923995138#0,1141889036,1141889036,104.57783306837564,63.938236476486495,primary,primary,adjacent
427,696,81.89092407986121,0.0,164.96554902664965,1.0,9923995138->293463471#0,9923995138->293463471#0,1141889036,1141889036,104.57783306837564,61.034692436091326,primary,primary,duplicate
428,429,0.0,0.0,103.9290466341092,1.0,8166899537->293464690#0,8166899537->293464690#0,880027169,880027169,104.39855419484648,104.39855419484648,secondary,secondary,duplicate
431,699,81.9056705985501,0.0,0.0,0.0,11968828661->3724390838#0,3724390776->11968828661#0,865024248,865024248,104.22244045695945,60.36897279670646,primary,primary,adjacent
432,567,22.61882977492372,9.988665607536031,0.0,0.0,4715979375->4719689703#0,3719620255->4719689702#0,219116708;478371821,880075594,104.18472459641404,80.27893588453611,primary,primary,unrelated
432,644,85.72579547743038,0.0,0.0,0.0,4715979375->4719689703#0,4715979376->4715979375#0,219116708;478371821,746487559,104.18472459641404,67.7005083194458,primary,primary,adjacent
433,513,95.43193740601741,0.0,0.0,0.0,4714938952->2928864953#0,2928864953->2928864946#0,264753949,264753949,103.93806754857442,87.74535228502363,secondary,secondary,adjacent
434,563,81.7982613979091,52.62507539380468,0.0,0.0,3718134122->8124118501#0,1051626824->3730052120#0,1238285688;1238285689,369195863,103.30459683906756,80.82000858795905,secondary,secondary,unrelated
435,632,85.65639058833042,0.0,0.0,0.0,8157424472->8157424470#0,8157424473->8157424472#0,1208988381,1208988381,103.2362101014179,68.92511636801719,secondary,secondary,adjacent
435,633,85.52758000050952,6.547214277601601,0.0,0.0,8157424472->8157424470#0,293462958->293462956#0,1208988381,876473604,103.2362101014179,68.89941288296072,secondary,secondary,unrelated
435,695,21.759179821829868,6.437843323631743,0.0,0.0,8157424472->8157424470#0,8151376700->293462958#0,1208988381,876473604,103.2362101014179,61.03508199396885,secondary,secondary,unrelated
436,622,86.1641157110981,0.0,0.0,0.0,293455110->293454248#0,293454248->293455281#0,746487579,746487579,102.70736918888564,70.40399314750526,secondary,secondary,adjacent
437,458,70.27861241961146,0.0,0.0,0.0,2703797732->2703797734#0,293457276->2703797732#0,1013619972,456959535,102.62427437271606,97.10180814796917,secondary,secondary,adjacent
437,469,91.57260241037193,21.060925771593556,0.0,0.0,2703797732->2703797734#0,2703793342->2955625538#0,1013619972,879562787,102.62427437271606,95.29020148251854,secondary,secondary,unrelated
437,477,78.68797253558583,11.250872764177924,0.0,0.0,2703797732->2703797734#0,293463159->2955625544#0,1013619972,879562788,102.62427437271606,94.01851499871252,secondary,secondary,unrelated
438,439,0.0,0.0,102.61024532893467,1.0,293463318->293463599#0,293463318->293463599#0,367932805,367932805,102.476997651402,102.476997651402,secondary,secondary,duplicate
438,485,97.27368043201687,0.0,0.0,0.0,293463318->293463599#0,293463316->293463318#0,367932805,367932805,102.476997651402,91.85512608825712,secondary,secondary,adjacent
438,486,97.27368043201687,0.0,0.0,0.0,293463318->293463599#0,293463316->293463318#0,367932805,367932805,102.476997651402,91.85512608825712,secondary,secondary,adjacent
438,501,69.86115977736397,0.0,0.0,0.0,293463318->293463599#0,293463599->293463328#0,367932805,1141889032,102.476997651402,89.28910762056677,secondary,primary,adjacent
438,519,77.69994801816384,9.31136905660203,0.0,0.0,293463318->293463599#0,7214193059->4723475967#0,367932805,1209433713,102.476997651402,87.16629275657961,secondary,primary,unrelated
438,676,58.3993288667939,0.0,0.0,0.0,293463318->293463599#0,3714707013->293463599#0,367932805,1209433725;1249542286,102.476997651402,64.306059850183,secondary,primary,adjacent
439,485,97.27368043201687,0.0,0.0,0.0,293463318->293463599#0,293463316->293463318#0,367932805,367932805,102.476997651402,91.85512608825712,secondary,secondary,adjacent
439,486,97.27368043201687,0.0,0.0,0.0,293463318->293463599#0,293463316->293463318#0,367932805,367932805,102.476997651402,91.85512608825712,secondary,secondary,adjacent
439,501,69.86115977736397,0.0,0.0,0.0,293463318->293463599#0,293463599->293463328#0,367932805,1141889032,102.476997651402,89.28910762056677,secondary,primary,adjacent
439,519,77.69994801816384,9.31136905660203,0.0,0.0,293463318->293463599#0,7214193059->4723475967#0,367932805,1209433713,102.476997651402,87.16629275657961,secondary,primary,unrelated
439,676,58.3993288667939,0.0,0.0,0.0,293463318->293463599#0,3714707013->293463599#0,367932805,1209433725;1249542286,102.476997651402,64.306059850183,secondary,primary,adjacent
443,580,96.99902772325834,37.18111018145543,0.0,0.0,4594183934->4594183939#0,293458410->9756374292#0,1208791977,368729170,100.9366843706595,78.0539461302574,primary,primary,unrelated
444,492,96.34010184348267,0.0,0.0,0.0,8144958902->8144958906#0,8144958906->8144958908#0,1210205481,1210205481,100.7319707019562,91.73147317037696,secondary,secondary,adjacent
445,484,96.44903291348295,0.0,0.0,0.0,293464998->293464993#0,10578971202->293464998#0,26754165,26754165,100.7106938148192,92.2375596218358,primary,primary,adjacent
446,447,0.0,0.0,100.56416608111735,1.0,3716311230->13127794959#0,3716311230->13127794959#0,875004051;869974598;1427941135,875004051;869974598;1427941135,100.47138019138104,100.47138019138102,secondary,secondary,duplicate
448,494,10.730577795254764,8.875486512248417,0.0,0.0,3727011926->4594188520#0,3726926564->3726926583#0,1208795201,1208791971,100.10566802587924,91.32478235571054,primary,primary,unrelated
449,654,19.89535325849788,10.582077503741322,0.0,0.0,3727013278->6609242520#0,6609242521->4594197693#0,876451409,874056882,99.73088648072944,67.04268960574902,primary,primary,unrelated
450,667,82.31349070765685,0.0,0.0,0.0,1051669679->7242312106#0,7242312106->10287373214#0,279088748,279088748,99.6447710729296,65.59898431394345,secondary,secondary,adjacent
455,546,90.69755026530957,0.0,0.0,0.0,4720133094->4720132984#0,4720132984->3719620476#0,478371821,478371821,98.05232146363188,83.96753227158553,primary,primary,adjacent
456,494,94.16434961208722,0.0,0.0,0.0,3726926583->10629571056#0,3726926564->3726926583#0,1208791971,1208791971,97.76577531165924,91.32478235571054,primary,primary,adjacent
457,665,81.28513909119978,0.0,0.0,0.0,4594183924->4594181070#0,4594181070->4594181069#0,1203852633,1203852633,97.47461625771064,65.83410261113927,primary,primary,adjacent
459,560,44.232035153842155,7.966317080190417,0.0,0.0,3714709080->3717989214#0,8144958892->8144958896#0,875004054,875004049,97.09064412203196,81.308304740016,secondary,secondary,unrelated
459,598,85.83675878847174,0.0,0.0,0.0,3714709080->3717989214#0,8145297049->3714709080#0,875004054,875004054,97.09064412203196,74.52705909445537,secondary,secondary,adjacent
459,618,33.64702265234448,7.786109416567666,0.0,0.0,3714709080->3717989214#0,8144958896->8144958898#0,875004054,875004049,97.09064412203196,71.91277080011815,secondary,secondary,unrelated
460,461,7.17720960819137,6.849764773302209,0.0,0.0,9832455554->10116085882#0,8146129661->9832455553#0,874159869,312566658,97.01436508289387,96.541865494114,primary,primary,unrelated
462,489,94.07845319012326,0.0,0.0,0.0,8145127248->3714709032#0,3714709032->3714709041#0,1210205483,1210205483,96.21468334087702,91.7573601557057,secondary,secondary,adjacent
463,484,94.06055711473637,0.0,0.0,0.0,10578971213->10578971202#0,10578971202->293464998#0,26754165,26754165,95.81974142698188,92.2375596218358,primary,primary,adjacent
463,503,92.45414172001021,0.0,0.0,0.0,10578971213->10578971202#0,10578971222->10578971213#0,26754165,26754165,95.81974142698188,89.08820782665019,primary,primary,adjacent
468,502,91.92470134874621,0.0,0.0,0.0,293464970->293464966#0,293464966->293464962#0,464650413,464650413,95.357485157256,89.12133521240253,primary,primary,adjacent
468,566,87.60616606129217,0.0,0.0,0.0,293464970->293464966#0,293464981->293464970#0,464650413,464650413,95.357485157256,80.40772178294765,primary,primary,adjacent
469,477,16.961795495468674,16.420803316664394,0.0,0.0,2703793342->2955625538#0,293463159->2955625544#0,879562787,879562788,95.29020148251854,94.01851499871252,secondary,secondary,unrelated
470,573,86.6490743907528,0.0,0.0,0.0,4714938984->2283167579#0,4714939533->4714938984#0,219116706,219116706,95.15575359778543,79.23224722302729,primary,primary,adjacent
471,499,91.85828969498971,0.0,0.0,0.0,11189778457->3725789369#0,3725789369->3725789405#0,300173742,300173742,95.09779333517024,89.45214074261825,primary,primary,adjacent
471,624,88.61452795407887,6.2760976049606585,0.0,0.0,11189778457->3725789369#0,3725827504->293466245#0,300173742,300173742,95.09779333517024,70.33925676472191,primary,primary,unrelated
472,619,83.78730366603638,11.569666965067114,0.0,0.0,6605237341->4594181067#0,6605237342->3725789996#0,1208986526,300173742,95.08596447611625,71.8439994835778,primary,primary,unrelated
475,580,86.22656039563506,0.0,0.0,0.0,9756374292->6604385663#0,293458410->9756374292#0,368729170,368729170,94.29668663291856,78.0539461302574,primary,primary,adjacent
475,592,85.51172564128873,0.0,0.0,0.0,9756374292->6604385663#0,6604385663->3725763961#0,368729170,368729170,94.29668663291856,76.51234521424433,primary,primary,adjacent
476,616,82.67883914946145,0.0,0.0,0.0,8141910054->2277422474#0,7127990460->8141910054#0,1209433720;44949028,1138034029,94.20338760425746,72.24143592255933,primary,primary,adjacent
479,575,9.459391831286789,0.0,0.0,0.0,2841407758->9816859457#0,9816859457->8166899548#0,1069546783,218508846;1069546782,92.55526917903094,78.61152759130555,secondary,secondary,adjacent
480,481,0.0,0.0,92.59436927184753,1.0,3726941215->8145704185#0,3726941215->8145704185#0,875119268,875119268,92.47467045969444,92.47467045969444,secondary,secondary,duplicate
482,483,0.0,0.0,91.99280858081252,1.0,293464723->8166899540#0,293464723->8166899540#0,1069546779,1069546779,92.40728972315024,92.40728972315024,secondary,secondary,duplicate
482,525,89.10279575225336,0.0,0.0,0.0,293464723->8166899540#0,293464723->293464729#0,1069546779,1069546779,92.40728972315024,86.60319361301676,secondary,secondary,adjacent
482,526,89.10279575225336,0.0,0.0,0.0,293464723->8166899540#0,293464723->293464729#0,1069546779,1069546779,92.40728972315024,86.60319361301676,secondary,secondary,adjacent
483,525,89.10279575225336,0.0,0.0,0.0,293464723->8166899540#0,293464723->293464729#0,1069546779,1069546779,92.40728972315024,86.60319361301676,secondary,secondary,adjacent
483,526,89.10279575225336,0.0,0.0,0.0,293464723->8166899540#0,293464723->293464729#0,1069546779,1069546779,92.40728972315024,86.60319361301676,secondary,secondary,adjacent
485,486,0.0,0.0,91.97410585320455,1.0,293463316->293463318#0,293463316->293463318#0,367932805,367932805,91.85512608825712,91.85512608825712,secondary,secondary,duplicate
487,488,0.0,0.0,91.86178893929268,1.0,293461281->11613566804#0,293461281->11613566804#0,876418713,876418713,91.82801255291602,91.82801255291602,secondary,secondary,duplicate
490,491,0.0,0.0,91.85261402090437,1.0,6965369868->8145903101#0,6965369868->8145903101#0,875119268,875119268,91.73461384815508,91.73461384815508,secondary,secondary,duplicate
490,523,89.35219999669653,0.0,0.0,0.0,6965369868->8145903101#0,3184375374->8145903101#0,875119268,875119268,91.73461384815508,86.74023825976083,secondary,secondary,adjacent
490,524,89.35219999669653,0.0,0.0,0.0,6965369868->8145903101#0,3184375374->8145903101#0,875119268,875119268,91.73461384815508,86.74023825976083,secondary,secondary,adjacent
491,523,89.35219999669653,0.0,0.0,0.0,6965369868->8145903101#0,3184375374->8145903101#0,875119268,875119268,91.73461384815508,86.74023825976083,secondary,secondary,adjacent
491,524,89.35219999669653,0.0,0.0,0.0,6965369868->8145903101#0,3184375374->8145903101#0,875119268,875119268,91.73461384815508,86.74023825976083,secondary,secondary,adjacent
495,512,91.36526331437814,11.704045916608443,0.0,0.0,4594181068->6166520809#0,3725790135->3725777494#0,1203852633,300173742,91.15673836295592,88.5814932304645,primary,primary,unrelated
495,693,75.99281234876982,0.0,0.0,0.0,4594181068->6166520809#0,4594181069->4594181068#0,1203852633,1203852633,91.15673836295592,61.51758168229616,primary,primary,adjacent
496,564,70.37099676215624,9.244536522964573,0.0,0.0,7128108987->293462776#0,293458231->2833450839#0,1209072902,466600302,89.84835262206519,80.56153115655368,secondary,primary,unrelated
498,602,57.96862640908325,12.973300040178316,0.0,0.0,4719689711->4719689709#0,3719620306->8151182416#0,478371821,880075594,89.54616692556367,73.45842669377163,primary,primary,unrelated
498,620,80.14235036754202,0.0,0.0,0.0,4719689711->4719689709#0,4719689709->3719620426#0,478371821,478371821,89.54616692556367,71.30308057455646,primary,primary,adjacent
500,508,5.67037463036138,0.0,0.0,0.0,3184375377->8145903096#0,8145903096->8138308753#0,1208491982,1208785497,89.35801788359413,88.74104511803968,primary,primary,adjacent
501,519,9.788710385760245,9.129815734072299,0.0,0.0,293463599->293463328#0,7214193059->4723475967#0,1141889032,1209433713,89.28910762056677,87.16629275657961,primary,primary,unrelated
501,550,85.87066554264281,0.0,0.0,0.0,293463599->293463328#0,293463328->10593858513#0,1141889032,1141889032,89.28910762056677,83.2612557945535,primary,primary,adjacent
501,676,76.44323892295127,0.0,0.0,0.0,293463599->293463328#0,3714707013->293463599#0,1141889032,1209433725;1249542286,89.28910762056677,64.306059850183,primary,primary,adjacent
502,609,80.72526376553323,0.0,0.0,0.0,293464966->293464962#0,293464962->4597354892#0,464650413,464650413,89.12133521240253,72.8080067503424,primary,primary,adjacent
506,507,0.0,0.0,88.49058226392661,1.0,2365788091->2896971932#0,2365788091->2896971932#0,272996689,272996689,88.74533136812691,88.74533136812691,secondary,secondary,duplicate
506,578,83.27015079305963,0.0,0.0,0.0,2365788091->2896971932#0,2365788091->4713176934#0,272996689,1212991822,88.74533136812691,78.24755192657219,secondary,secondary,adjacent
506,579,83.27015079305963,0.0,0.0,0.0,2365788091->2896971932#0,2365788091->4713176934#0,272996689,1212991822,88.74533136812691,78.24755192657219,secondary,secondary,adjacent
507,578,83.27015079305963,0.0,0.0,0.0,2365788091->2896971932#0,2365788091->4713176934#0,272996689,1212991822,88.74533136812691,78.24755192657219,secondary,secondary,adjacent
507,579,83.27015079305963,0.0,0.0,0.0,2365788091->2896971932#0,2365788091->4713176934#0,272996689,1212991822,88.74533136812691,78.24755192657219,secondary,secondary,adjacent
509,538,86.52246526099461,0.0,0.0,0.0,2703793345->3719506243#0,3719506243->8151533567#0,264753949,264753949,88.72099773785389,85.06990995446638,secondary,secondary,adjacent
510,597,81.09646590249905,0.0,0.0,0.0,293464276->8099252001#0,6985772828->293464276#0,90617087,90617087,88.70446519606946,74.54337937283115,secondary,secondary,adjacent
513,691,74.35125001430438,0.0,0.0,0.0,2928864953->2928864946#0,2928864946->2928864944#0,264753949,264753949,87.74535228502363,61.61786616520726,secondary,secondary,adjacent
514,532,86.43055869749998,6.315665973029162,0.0,0.0,10171484519->8166852641#0,293464865->8153698620#0,1069546778,466839445,87.73952398980363,85.66944138487148,secondary,secondary,unrelated
514,535,86.13175779202506,0.0,0.0,0.0,10171484519->8166852641#0,8157424469->10171484519#0,1069546778,1069546778,87.73952398980363,85.36493223265096,secondary,secondary,adjacent
514,621,78.78862270411916,0.0,0.0,0.0,10171484519->8166852641#0,8166852641->8166852655#0,1069546778,1069546778,87.73952398980363,70.70134577826715,secondary,secondary,adjacent
515,652,77.22925463832335,0.0,0.0,0.0,2703784888->4720174504#0,2703776376->2703784888#0,874459840,874459840,87.69410218311297,67.24900013487127,primary,primary,adjacent
516,517,0.0,0.0,87.2948333877865,1.0,293464760->293464758#0,293464760->293464758#0,1069546779,1069546779,87.69122613283182,87.69122613283182,secondary,secondary,duplicate
516,568,83.5535283508589,0.0,0.0,0.0,293464760->293464758#0,293464758->293464753#0,1069546779,1069546779,87.69122613283182,80.24271505310345,secondary,secondary,adjacent
516,569,83.5535283508589,0.0,0.0,0.0,293464760->293464758#0,293464758->293464753#0,1069546779,1069546779,87.69122613283182,80.24271505310344,secondary,secondary,adjacent
517,568,83.5535283508589,0.0,0.0,0.0,293464760->293464758#0,293464758->293464753#0,1069546779,1069546779,87.69122613283182,80.24271505310345,secondary,secondary,adjacent
517,569,83.5535283508589,0.0,0.0,0.0,293464760->293464758#0,293464758->293464753#0,1069546779,1069546779,87.69122613283182,80.24271505310344,secondary,secondary,adjacent
518,694,74.04160384387004,0.0,0.0,0.0,13108436171->13108436169#0,13108436169->3722327661#0,292410140,292410140,87.21236385596588,61.13548247477992,trunk,trunk,adjacent
519,550,85.92034904584192,9.140478862725832,0.0,0.0,7214193059->4723475967#0,293463328->10593858513#0,1209433713,1141889032,87.16629275657961,83.2612557945535,primary,primary,unrelated
519,676,77.75539648537969,9.31136905660203,0.0,0.0,7214193059->4723475967#0,3714707013->293463599#0,1209433713,1209433725;1249542286,87.16629275657961,64.306059850183,primary,primary,unrelated
520,623,78.32002570650224,0.0,0.0,0.0,3724390734->3724390760#0,3724390516->3724390734#0,865024248,865024248,87.03793096793834,70.35092387073752,primary,primary,adjacent
521,561,83.63884320882714,0.0,0.0,0.0,8184439492->2534722967#0,2534722967->2443921877#0,230574632,230574632,86.92544872837664,81.15417079523998,primary,primary,adjacent
523,524,0.0,0.0,86.85178587202283,1.0,3184375374->8145903101#0,3184375374->8145903101#0,875119268,875119268,86.74023825976083,86.74023825976083,secondary,secondary,duplicate
525,526,0.0,0.0,86.21381552527471,1.0,293464723->293464729#0,293464723->293464729#0,1069546779,1069546779,86.60319361301676,86.60319361301676,secondary,secondary,duplicate
525,627,77.95873987274136,0.0,0.0,0.0,293464723->293464729#0,293464736->293464729#0,1069546779,1069546779,86.60319361301676,70.02143194497546,secondary,secondary,adjacent
525,628,77.95873987274136,0.0,0.0,0.0,293464723->293464729#0,293464736->293464729#0,1069546779,1069546779,86.60319361301676,70.02143194497546,secondary,secondary,adjacent
526,627,77.95873987274136,0.0,0.0,0.0,293464723->293464729#0,293464736->293464729#0,1069546779,1069546779,86.60319361301676,70.02143194497546,secondary,secondary,adjacent
526,628,77.95873987274136,0.0,0.0,0.0,293464723->293464729#0,293464736->293464729#0,1069546779,1069546779,86.60319361301676,70.02143194497546,secondary,secondary,adjacent
527,543,65.13955546368938,10.713660553052987,0.0,0.0,12201173657->3714705892#0,7128063636->8127682909#0,219116711,1210211832;762822066;478257595,86.5442964207524,84.23108841846901,primary,primary,unrelated
527,674,14.21413629788873,9.059916225689125,0.0,0.0,12201173657->3714705892#0,4715985581->7128063636#0,219116711,478257595,86.5442964207524,65.02905364273228,primary,primary,unrelated
530,531,0.0,0.0,85.80195127260522,1.0,293463308->10718627259#0,293463308->10718627259#0,367932805,367932805,85.71169926395703,85.71169926395703,secondary,secondary,duplicate
530,603,92.66616436751981,13.073850706475483,0.0,0.0,293463308->10718627259#0,293463307->10718627261#0,367932805,367932805,85.71169926395703,73.42535185842101,secondary,secondary,unrelated
530,604,92.66616436631043,13.073850706475483,0.0,0.0,293463308->10718627259#0,293463307->10718627261#0,367932805,367932805,85.71169926395703,73.425351858421,secondary,secondary,unrelated
531,603,92.66616436751981,13.073850706475483,0.0,0.0,293463308->10718627259#0,293463307->10718627261#0,367932805,367932805,85.71169926395703,73.42535185842101,secondary,secondary,unrelated
531,604,92.66616436631043,13.073850706475483,0.0,0.0,293463308->10718627259#0,293463307->10718627261#0,367932805,367932805,85.71169926395703,73.425351858421,secondary,secondary,unrelated
532,535,6.652417199469392,6.203962623325081,0.0,0.0,293464865->8153698620#0,8157424469->10171484519#0,466839445,1069546778,85.66944138487148,85.36493223265096,secondary,secondary,unrelated
536,537,1.6308535968561075e-09,0.0,84.78049802037891,1.0,293464703->8166852630#0,293464703->8166852630#0,880027168;880027169;1069546779,880027168;880027169;1069546779,85.16343097937141,85.16343097937141,secondary,secondary,duplicate
539,647,75.88825318357469,0.0,0.0,0.0,8145212885->293463370#0,293463358->8145212885#0,1141889036,1141889036,84.94632813683664,67.53572053080278,primary,primary,adjacent
541,549,91.26023374192299,12.024783929930807,0.0,0.0,4721810599->4721810602#0,8145212878->293463346#0,1141889033,1141889032;1141889036,84.43754495767931,83.41449494471067,primary,primary,unrelated
541,562,82.54797822646623,9.011754500671845,0.0,0.0,4721810599->4721810602#0,10593858513->293460223#0,1141889033,1141889032,84.43754495767931,80.9953282551709,primary,primary,unrelated
542,635,20.55154821104892,18.173788685385748,0.0,0.0,4720203899->4720203904#0,7242788582->8151563186#0,466615091,1210210285,84.42868333216086,68.70819694472011,primary,primary,unrelated
543,612,98.00802612290336,20.058052872351887,0.0,0.0,7128063636->8127682909#0,7128063637->7128134805#0,1210211832;762822066;478257595,1210211832,84.23108841846901,72.39355995644307,primary,primary,unrelated
543,674,74.28644784790775,0.0,0.0,0.0,7128063636->8127682909#0,4715985581->7128063636#0,1210211832;762822066;478257595,478257595,84.23108841846901,65.02905364273228,primary,primary,adjacent
544,545,0.0,0.0,84.15690955018228,1.0,3706277440->3706277449#0,3706277440->3706277449#0,776295454,776295454,84.10393386555911,84.10393386555911,secondary,secondary,duplicate
550,562,81.74609923883872,0.0,0.0,0.0,293463328->10593858513#0,10593858513->293460223#0,1141889032,1141889032,83.2612557945535,80.9953282551709,primary,primary,adjacent
552,580,71.96748331588867,15.971202338378907,0.0,0.0,3725763954->3726944828#0,293458410->9756374292#0,1208791971,368729170,82.61690128841516,78.0539461302574,primary,primary,unrelated
552,666,50.246747677733,9.654045827258978,0.0,0.0,3725763954->3726944828#0,11433519729->4594188519#0,1208791971,1208795201,82.61690128841516,65.80279448132725,primary,primary,unrelated
553,629,75.85019597679931,0.0,0.0,0.0,2928864944->2928864940#0,2928864940->2928864938#0,264753949,264753949,82.36634708568087,69.92228678623202,secondary,secondary,adjacent
553,691,71.63408432667859,0.0,0.0,0.0,2928864944->2928864940#0,2928864946->2928864944#0,264753949,264753949,82.36634708568087,61.61786616520726,secondary,secondary,adjacent
554,588,44.304484690019244,10.988646271706278,0.0,0.0,293463350->293463358#0,4723212636->4723476352#0,1141889036,1141889037,82.33743447059629,77.05379378989358,primary,primary,unrelated
554,647,74.58376091059255,0.0,0.0,0.0,293463350->293463358#0,293463358->8145212885#0,1141889036,1141889036,82.33743447059629,67.53572053080278,primary,primary,adjacent
555,653,74.57527734931233,0.0,0.0,0.0,293464902->293464897#0,293464907->293464902#0,279088743,279088743,82.11649597514368,67.13933422814407,primary,primary,adjacent
557,558,0.0,0.0,81.63355594930653,1.0,8099441580->8105648113#0,8099441580->8105648113#0,364407163,364407163,81.85974800762133,81.85974800762133,secondary,secondary,duplicate
559,582,15.75146177849899,12.208928598727038,0.0,0.0,3714913947->293464343#0,10635704868->7242936306#0,478257594,762822065,81.664320714453,77.82599946376246,primary,primary,unrelated
559,606,85.66370901548338,15.215883817334765,0.0,0.0,3714913947->293464343#0,4714962027->10635704868#0,478257594,762822065,81.664320714453,73.22170644508729,primary,primary,unrelated
560,614,82.65490691698034,6.937727046786815,0.0,0.0,8144958892->8144958896#0,2408002052->8145212933#0,875004049,1209433726,81.308304740016,72.32942985256548,secondary,secondary,unrelated
560,615,82.65490691698034,6.937727046786815,0.0,0.0,8144958892->8144958896#0,2408002052->8145212933#0,875004049,1209433726,81.308304740016,72.32942985256548,secondary,secondary,unrelated
560,618,76.42941673486324,0.0,0.0,0.0,8144958892->8144958896#0,8144958896->8144958898#0,875004049,875004049,81.308304740016,71.91277080011815,secondary,secondary,adjacent
561,571,80.11469546414776,0.0,0.0,0.0,2534722967->2443921877#0,2443921877->2390658877#0,230574632,230574632,81.15417079523998,79.79866303298277,primary,primary,adjacent
564,648,88.248366011365,44.12561747702352,0.0,0.0,293458231->2833450839#0,2999157396->1812432271#0,466600302,279088748,80.56153115655368,67.43744301005415,primary,secondary,unrelated
564,658,42.161146303274066,40.462580701411355,0.0,0.0,293458231->2833450839#0,12555910130->1812432286#0,466600302,279088746,80.56153115655368,66.60370752964253,primary,primary,unrelated
565,571,79.76171480665312,0.0,0.0,0.0,2390658877->2443921783#0,2443921877->2390658877#0,230574632,230574632,80.44930316768992,79.79866303298277,primary,primary,adjacent
566,570,80.13577632949372,0.0,0.0,0.0,293464981->293464970#0,293464989->293464981#0,464650413,464650413,80.40772178294765,80.16368716067669,primary,primary,adjacent
568,569,0.0,0.0,79.88306514372768,1.0,293464758->293464753#0,293464758->293464753#0,1069546779,1069546779,80.24271505310345,80.24271505310344,secondary,secondary,duplicate
574,644,18.174312924765186,9.049844755350533,0.0,0.0,8151238512->4715985518#0,4715979376->4715979375#0,1189548648,746487559,79.1434081392674,67.7005083194458,primary,primary,unrelated
576,577,0.0,0.0,78.53653386380681,1.0,8186428309->1051669950#0,8186428309->1051669950#0,26755988,26755988,78.51154029297457,78.51154029297457,secondary,secondary,duplicate
576,657,71.94431800746518,0.0,0.0,0.0,8186428309->1051669950#0,8186428309->8186428311#0,26755988,880075598,78.51154029297457,66.65680051718257,secondary,secondary,adjacent
576,663,72.20570614213372,0.0,0.0,0.0,8186428309->1051669950#0,2703797752->8186428309#0,26755988,880075597,78.51154029297457,66.15076346765119,secondary,secondary,adjacent
577,657,71.94431800746518,0.0,0.0,0.0,8186428309->1051669950#0,8186428309->8186428311#0,26755988,880075598,78.51154029297457,66.65680051718257,secondary,secondary,adjacent
577,663,72.20570614213372,0.0,0.0,0.0,8186428309->1051669950#0,2703797752->8186428309#0,26755988,880075597,78.51154029297457,66.15076346765119,secondary,secondary,adjacent
578,579,0.0,0.0,78.06067484581312,1.0,2365788091->4713176934#0,2365788091->4713176934#0,1212991822,1212991822,78.24755192657219,78.24755192657219,secondary,secondary,duplicate
581,585,7.359698631839437,0.0,0.0,0.0,8156864966->8156864967#0,8156864967->6986305647#0,876418712,26764914,78.04222668158944,77.45751585045306,secondary,secondary,adjacent
582,606,75.17539558491534,0.0,0.0,0.0,10635704868->7242936306#0,4714962027->10635704868#0,762822065,762822065,77.82599946376246,73.22170644508729,primary,primary,adjacent
584,599,75.9279055276307,0.0,0.0,0.0,10115843783->3706277346#0,3706277346->8128279464#0,230574625,230574625,77.66369628471914,74.23970594770655,secondary,secondary,adjacent
588,647,33.639692845691,10.279063822350174,0.0,0.0,4723212636->4723476352#0,293463358->8145212885#0,1141889037,1141889036,77.05379378989358,67.53572053080278,primary,primary,unrelated
590,683,68.4137885179735,0.0,0.0,0.0,6944073200->10991919752#0,293466272->6944073200#0,746487581,746487581,76.81755821444239,62.91702297753602,secondary,secondary,adjacent
593,608,94.34631534416464,20.633252677461858,0.0,0.0,8124328157->3706277560#0,9979039300->2583312049#0,252236396,252236395,76.21696737606669,72.93580588745561,secondary,secondary,unrelated
593,611,94.1130598282597,19.60462251922569,0.0,0.0,8124328157->3706277560#0,2583312041->9979039297#0,252236396,252236396,76.21696737606669,72.69361464489398,secondary,secondary,unrelated
594,629,73.95577902370393,10.251368233949098,0.0,0.0,4531816332->8151182358#0,2928864940->2928864938#0,456959535,264753949,76.0183041434752,69.92228678623202,secondary,secondary,unrelated
594,631,89.09054246002435,24.301618113954248,0.0,0.0,4531816332->8151182358#0,4531816313->1051669638#0,456959535,464097500;456959532,76.0183041434752,69.62521597412191,secondary,secondary,unrelated
594,641,13.078087703492868,10.248084379758568,0.0,0.0,4531816332->8151182358#0,2928864938->1051669370#0,456959535,264753949,76.0183041434752,68.21729022284364,secondary,secondary,unrelated
594,681,93.68674979764305,24.301618113954248,0.0,0.0,4531816332->8151182358#0,4531816328->4531816313#0,456959535,1208986537;1208986538,76.0183041434752,63.40995936736333,secondary,secondary,unrelated
596,682,68.81397074848309,0.0,0.0,0.0,3722327255->4719771206#0,4719771206->4719769348#0,40016878,40016878,74.93335427703464,63.34287450597982,primary,primary,adjacent
598,618,54.10854605969617,7.762270778126673,0.0,0.0,8145297049->3714709080#0,8144958896->8144958898#0,875004054,875004049,74.52705909445537,71.91277080011815,secondary,secondary,unrelated
600,684,36.96292378609555,12.203846753730417,0.0,0.0,4594197582->12535566548#0,3727012352->13022825217#0,1208795201,1208791971,73.91821943479748,62.88910034855539,primary,primary,unrelated
601,625,71.80768196615313,0.0,0.0,0.0,293462766->293462759#0,293462767->293462766#0,1209072902,1209072902,73.7914078302696,70.2197771050809,secondary,secondary,adjacent
603,604,1.4174491704774463e-09,0.0,73.492940625657,1.0,293463307->10718627261#0,293463307->10718627261#0,367932805,367932805,73.42535185842101,73.425351858421,secondary,secondary,duplicate
608,611,6.8380653836093375,6.788945324497317,0.0,0.0,9979039300->2583312049#0,2583312041->9979039297#0,252236395,252236396,72.93580588745561,72.69361464489398,secondary,secondary,unrelated
613,653,69.69117890696454,0.0,0.0,0.0,8153654900->293464907#0,293464907->293464902#0,279088743,279088743,72.34256714637026,67.13933422814407,primary,primary,adjacent
614,615,0.0,0.0,72.42262173796854,1.0,2408002052->8145212933#0,2408002052->8145212933#0,1209433726,1209433726,72.32942985256548,72.32942985256548,secondary,secondary,duplicate
614,645,69.94149560769819,0.0,0.0,0.0,2408002052->8145212933#0,8145212933->10618414232#0,1209433726,1209433726,72.32942985256548,67.6262946331855,secondary,secondary,adjacent
614,646,69.94149560769819,0.0,0.0,0.0,2408002052->8145212933#0,8145212933->10618414232#0,1209433726,1209433726,72.32942985256548,67.6262946331855,secondary,secondary,adjacent
615,645,69.94149560769819,0.0,0.0,0.0,2408002052->8145212933#0,8145212933->10618414232#0,1209433726,1209433726,72.32942985256548,67.6262946331855,secondary,secondary,adjacent
615,646,69.94149560769819,0.0,0.0,0.0,2408002052->8145212933#0,8145212933->10618414232#0,1209433726,1209433726,72.32942985256548,67.6262946331855,secondary,secondary,adjacent
617,649,9.745424979523333,9.1944982305479,0.0,0.0,6604456763->3726939997#0,3725790551->6604456762#0,1208491977,1208785499,72.08758016553178,67.3815774180633,primary,primary,unrelated
622,650,24.384204436926066,14.706293014578915,0.0,0.0,293454248->293455281#0,2833045510->2704039251#0,746487579,1014003072,70.40399314750526,67.28666428664424,secondary,secondary,unrelated
626,659,23.81700053045872,8.283109704393409,0.0,0.0,293460950->9923821126#0,4721825589->4719689700#0,746487559,478372781,70.21446664791772,66.5395391057829,primary,primary,unrelated
627,628,0.0,0.0,69.70835728999225,1.0,293464736->293464729#0,293464736->293464729#0,1069546779,1069546779,70.02143194497546,70.02143194497546,secondary,secondary,duplicate
629,641,68.8055080556537,0.0,0.0,0.0,2928864940->2928864938#0,2928864938->1051669370#0,264753949,264753949,69.92228678623202,68.21729022284364,secondary,secondary,adjacent
631,641,97.5954771787464,36.02560185809228,0.0,0.0,4531816313->1051669638#0,2928864938->1051669370#0,464097500;456959532,264753949,69.62521597412191,68.21729022284364,secondary,secondary,unrelated
631,681,22.854130547966772,0.0,0.0,0.0,4531816313->1051669638#0,4531816328->4531816313#0,464097500;456959532,1208986537;1208986538,69.62521597412191,63.40995936736333,secondary,secondary,adjacent
632,633,6.977272835611651,6.547214277601601,0.0,0.0,8157424473->8157424472#0,293462958->293462956#0,1208988381,876473604,68.92511636801719,68.89941288296072,secondary,secondary,unrelated
632,695,65.45145159108769,6.5696148141403885,0.0,0.0,8157424473->8157424472#0,8151376700->293462958#0,1208988381,876473604,68.92511636801719,61.03508199396885,secondary,secondary,unrelated
633,695,64.65789965989634,0.0,0.0,0.0,293462958->293462956#0,8151376700->293462958#0,876473604,876473604,68.89941288296072,61.03508199396885,secondary,secondary,adjacent
636,637,0.0,0.0,68.63284594435432,1.0,3706277434->8128232265#0,3706277434->8128232265#0,776295454,776295454,68.57922102488006,68.57922102488006,secondary,secondary,duplicate
641,681,99.5999625910596,36.02560185809228,0.0,0.0,2928864938->1051669370#0,4531816328->4531816313#0,264753949,1208986537;1208986538,68.21729022284364,63.40995936736333,secondary,secondary,unrelated
645,646,0.0,0.0,67.70761210717329,1.0,8145212933->10618414232#0,8145212933->10618414232#0,1209433726,1209433726,67.6262946331855,67.6262946331855,secondary,secondary,duplicate
648,658,49.52371867048388,2.6666166472721677,0.0,0.0,2999157396->1812432271#0,12555910130->1812432286#0,279088748,279088746,67.43744301005415,66.60370752964253,secondary,primary,unrelated
656,698,63.3812804438831,0.0,0.0,0.0,4594183933->4594183932#0,10230224085->4594183933#0,1208795197,1208795197,66.70235533323444,60.63372269388464,primary,primary,adjacent
657,663,8.315002990751726,0.0,0.0,0.0,8186428309->8186428311#0,2703797752->8186428309#0,880075598,880075597,66.65680051718257,66.15076346765119,secondary,secondary,adjacent
661,688,64.19288678253152,0.0,0.0,0.0,4714938986->5411536316#0,2283167581->4714938986#0,874644320,874644320,66.29147495325302,62.76526774094566,primary,primary,adjacent
665,693,63.38971199899585,0.0,0.0,0.0,4594181070->4594181069#0,4594181069->4594181068#0,1203852633,1203852633,65.83410261113927,61.51758168229616,primary,primary,adjacent
667,690,63.469669166372796,0.0,0.0,0.0,7242312106->10287373214#0,10287373214->2999157392#0,279088748,279088748,65.59898431394345,61.82178666660269,secondary,secondary,adjacent
669,670,0.0,0.0,65.25351222713982,1.0,8145278210->3725591126#0,8145278210->3725591126#0,368712589,368712589,65.47185317531397,65.47185317531397,secondary,secondary,duplicate
672,680,16.35010830369478,14.798703126890562,0.0,0.0,293462756->4714891319#0,4714891315->4594220613#0,1209072902,1209072881,65.05062878754624,63.42674662549082,secondary,secondary,unrelated
673,686,6.96899266965575,6.146190209957501,0.0,0.0,293465828->8144960927#0,8144958887->8144958890#0,875004053,367555141,65.03740747541934,62.80076167923156,secondary,secondary,unrelated
675,679,17.50905587000692,9.83793299618864,0.0,0.0,3725764130->3725764138#0,4643407223->4643407218#0,368721302,470103540,64.80364187891419,63.57053301373808,primary,primary,unrelated
