segment_id_1,segment_id_2,osm_edge,osm_way_ids_1,osm_way_ids_2,candidate_osm_way_ids,segment_1_lat,segment_1_lon,segment_2_lat,segment_2_lon,segment_1_length_m,segment_2_length_m,osm_edge_length_m,road_type_1,road_type_2,distance_1_to_edge_m,distance_2_to_edge_m,centroid_separation_m,all_metadata_identical,hourly_speed_series_identical,speed_correlation,overlapping_observations,classification
350,351,293452705->293452702,876418713,876418713,876418713,20.275029217290665,85.82718177296726,20.275029217290665,85.82718177296726,129.07399139271223,129.07399139271223,129.07399139271223,secondary,secondary,0.3960818485854941,0.3960818485854941,0.0,True,False,0.9998792504173165,345,B. Same edge but potentially different traffic measurement
49,50,293461281->293452705,876418713,876418713,876418713,20.274000717394767,85.83006166195003,20.27400071739477,85.83006166195003,513.7780151849071,513.778015184907,513.7780151849071,secondary,secondary,0.1801542970013969,0.1801542965669919,4.656612873077393e-10,False,True,1.0,359,C. Mapping ambiguity
487,488,293461281->11613566804,876418713,876418713,876418713,20.2730116,85.83276595,20.2730116,85.83276595,91.82801255291602,91.82801255291602,91.82801255291602,secondary,secondary,6.63304314330284e-05,6.63304314330284e-05,0.0,True,True,0.9999999999999999,345,A. Clearly duplicate physical segment
101,102,293462600->293462632,26755988,26755988,26755988,20.2700948,85.8372134,20.2700948,85.8372134,314.761614948291,314.761614948291,314.761614948291,secondary,secondary,0.0007834457533951,0.0007834457533951,0.0,True,False,0.9998612664426959,359,B. Same edge but potentially different traffic measurement
250,251,293462600->1051669950,26755988,26755988,26755988,20.27099405,85.8351148,20.27099405,85.8351148,166.56924953562327,166.56924953562327,166.56924953562327,secondary,secondary,0.0002186131909456,0.0002186131909456,0.0,True,True,1.0,359,A. Clearly duplicate physical segment
530,531,293463308->10718627259,367932805,367932805,367932805,20.2450252,85.83725069999998,20.2450252,85.83725069999998,85.71169926395703,85.71169926395703,85.71169926395703,secondary,secondary,5.48823701059101e-05,5.48823701059101e-05,0.0,True,False,0.9999264471977062,345,B. Same edge but potentially different traffic measurement
485,486,293463316->293463318,367932805,367932805,367932805,20.244615570235585,85.83964990963426,20.244615570235585,85.83964990963426,91.85512608825712,91.85512608825712,91.85512608825712,secondary,secondary,0.3898676394003364,0.3898676394003364,0.0,True,True,1.0,345,A. Clearly duplicate physical segment
438,439,293463318->293463599,367932805,367932805,367932805,20.2446158,85.84058110000001,20.2446158,85.84058110000001,102.476997651402,102.476997651402,102.47699765140199,secondary,secondary,7.607432958874173e-05,7.607432958874173e-05,0.0,True,False,0.9999264201722532,345,B. Same edge but potentially different traffic measurement
33,34,293464258->8100516249,364407161;1317517332;1318339357,364407161;1317517332;1318339357,1317517332;1318339357;364407161,20.23465276671345,85.81373811726914,20.23465276671345,85.81373811726912,726.186014336685,726.1860143366849,726.1860143366849,secondary,secondary,8.107134261087944,8.1071342599606,1.280568540096283e-09,False,False,0.9990109459233798,359,C. Mapping ambiguity
482,483,293464723->8166899540,1069546779,1069546779,1069546779,20.2932424,85.8337525,20.2932424,85.8337525,92.40728972315024,92.40728972315024,92.40728972315024,secondary,secondary,2.004450423399977e-05,2.004450423399977e-05,0.0,True,False,0.9998754241691414,345,B. Same edge but potentially different traffic measurement
525,526,293464729->293464723,1069546779,1069546779,1069546779,20.2924447,85.83386730000001,20.2924447,85.83386730000001,86.60319361301676,86.60319361301676,86.60319361301676,secondary,secondary,1.689236904235439e-05,1.689236904235439e-05,0.0,True,False,0.9997619146428529,345,B. Same edge but potentially different traffic measurement
627,628,293464736->293464729,1069546779,1069546779,1069546779,20.2917471,85.8339703,20.2917471,85.8339703,70.02143194497546,70.02143194497546,70.02143194497546,secondary,secondary,1.210461311190365e-05,1.210461311190365e-05,0.0,True,False,0.9998775525024443,345,B. Same edge but potentially different traffic measurement
568,569,293464758->293464753,1069546779,1069546779,1069546779,20.29063228242225,85.83411979474296,20.29063228242225,85.83411979474296,80.24271505310345,80.24271505310344,80.24271505310344,secondary,secondary,0.0512026515676248,0.0512026515676248,0.0,False,False,0.9969641574447278,345,C. Mapping ambiguity
516,517,293464760->293464758,1069546779,1069546779,1069546779,20.28988365,85.83422255,20.28988365,85.83422255,87.69122613283182,87.69122613283182,87.69122613283182,secondary,secondary,1.5518095708334984e-05,1.5518095708334984e-05,0.0,True,False,0.9994090902608888,345,B. Same edge but potentially different traffic measurement
5,22,569909804->569909810,742084225;742084226;44947113,742084224;464267621;742084223,464267621;742084223;742084224,20.34775351554416,85.88638721205078,20.3450154375708,85.88491672083636,1588.023179665442,962.4217350910671,962.4217350910671,trunk,trunk,37.78846537038193,5.7273313483903,339.71884912461286,False,False,0.3277077297057533,359,C. Mapping ambiguity
404,405,2365467030->2365769916,1210204475,1210204475,1210204475,20.2719902,85.7838115,20.2719902,85.7838115,113.72484536287398,113.72484536287398,113.72484536287398,primary,primary,4.052485225271945e-05,4.052485225271945e-05,0.0,True,False,0.9989214229630989,345,B. Same edge but potentially different traffic measurement
578,579,2365788091->4713176934,1212991822,1212991822,1212991822,20.26122661588895,85.7862727922035,20.26122661588895,85.7862727922035,78.24755192657219,78.24755192657219,78.24755192657219,secondary,secondary,0.5207636704092082,0.5207636704092082,0.0,True,False,0.9990115979141978,345,B. Same edge but potentially different traffic measurement
402,565,2390658877->2443921783,464845715,230574632,230574632,20.26847827177125,85.78439456849787,20.26829305,85.78434014999999,114.404867295694,80.44930316768992,80.44930316768992,primary,primary,7.918940425266726,1.2809023346828404e-05,21.274677122666038,False,False,0.7886287063833279,345,C. Mapping ambiguity
47,48,2393561249->293464921,174417954;230927119;230927120;746487580;746487549,174417954;230927119;230927120;746487580;746487549,174417954;230927119;230927120;746487549;746487580,20.253774067752467,85.83393630559193,20.253774067752463,85.83393630559193,535.5556741544974,535.5556741544973,535.5556741544973,secondary,secondary,5.6140678466012695,5.6140678466012695,0.0,False,True,1.0,359,C. Mapping ambiguity
0,1,2845389637->8182316403,1209033472;280421140;1317533102,44948707;1317533101;1317533103,1317533101;1317533103;44948707,20.283950272583752,85.80626747532335,20.283755357256275,85.80617312564718,3016.9979383186064,2971.283590979436,2971.283590979436,trunk,trunk,0.6039595714905976,13.510543098806073,23.71786811528378,False,False,0.26194052027865883,359,C. Mapping ambiguity
506,507,2896971932->2365788091,272996689,272996689,272996689,20.2618477089777,85.78582293488603,20.2618477089777,85.78582293488603,88.74533136812691,88.74533136812691,88.74533136812691,secondary,secondary,0.1493386243985805,0.1493386243985805,0.0,True,True,1.0,345,A. Clearly duplicate physical segment
523,524,3184375374->8145903101,875119268,875119268,875119268,20.3539579,85.81518805,20.3539579,85.81518805,86.74023825976083,86.74023825976083,86.74023825976083,secondary,secondary,5.5178000286479214e-05,5.5178000286479214e-05,0.0,True,False,0.9979132545472044,345,B. Same edge but potentially different traffic measurement
25,30,3320289784->2277623681,44948784;1317535728;1317535732;218526252,26755523;1317535731;218526247;1209033471,1317535728;1317535732;218526252;44948784,20.295211940880904,85.82499542067414,20.29552895375968,85.8253085873208,852.5643479559544,771.7655177847529,852.5643479559544,trunk,trunk,12.290642977556477,0.0204795496953808,47.965671782208375,False,False,0.23623486072989022,359,C. Mapping ambiguity
636,637,3706277434->8128232265,776295454,776295454,776295454,20.25689625,85.79624125000001,20.25689625,85.79624125000001,68.57922102488006,68.57922102488006,68.57922102488006,secondary,secondary,3.6026695600548404e-05,3.6026695600548404e-05,0.0,True,False,0.9990784607200199,345,B. Same edge but potentially different traffic measurement
544,545,3706277440->3706277449,776295454,776295454,776295454,20.2572465,85.7951834,20.2572465,85.7951834,84.10393386555911,84.10393386555911,84.10393386555911,secondary,secondary,5.47806497294097e-05,5.47806497294097e-05,0.0,True,True,1.0,345,A. Clearly duplicate physical segment
369,370,3714709074->4723475967,1209433726,1209433726,1209433726,20.244695891354525,85.84175116158268,20.244695891354525,85.84175116158268,124.03144057332644,124.03144057332644,124.03144057332644,secondary,secondary,0.0066479655251679,0.0066479655251679,0.0,True,True,1.0,345,A. Clearly duplicate physical segment
446,447,3716311230->13127794959,875004051;869974598;1427941135,875004051;869974598;1427941135,1427941135;869974598;875004051,20.24236065563078,85.8573503183681,20.24236065563078,85.8573503183681,100.47138019138104,100.47138019138102,100.47138019138102,secondary,secondary,2.768579485151455,2.768579485151455,0.0,False,True,1.0,345,C. Mapping ambiguity
36,41,3718134030->3718134117,1238285688;90617087,741818619,1238285688;90617087,20.251062509266568,85.80868556647704,20.24876842025203,85.81003170150667,687.0880641753015,590.4830137421894,687.0880641753015,secondary,secondary,58.5597761615488,0.7526383017657309,290.2551697462076,False,False,0.996976000108606,359,C. Mapping ambiguity
357,358,3719483256->6965143039,869089258,869089258,869089258,20.232161356761303,85.81524557145464,20.232161356761303,85.81524557145462,127.55952666008145,127.55952666008145,127.55952666008145,secondary,secondary,0.651630780085634,0.6516307812020173,1.280568540096283e-09,False,True,0.9999999999999998,345,C. Mapping ambiguity
669,670,3725591126->8145278210,368712589,368712589,368712589,20.31303638517433,85.88114298200288,20.31303638517433,85.88114298200288,65.47185317531397,65.47185317531397,65.47185317531397,secondary,secondary,0.1088955113117198,0.1088955113117198,0.0,True,True,1.0,345,A. Clearly duplicate physical segment
480,481,3726941215->8145704185,875119268,875119268,875119268,20.353522734036336,85.82301159921319,20.353522734036336,85.82301159921319,92.47467045969444,92.47467045969444,92.47467045969445,secondary,secondary,0.0005891197155372,0.0005891197155372,0.0,True,False,0.99956604588271,345,B. Same edge but potentially different traffic measurement
139,140,3726941220->3726941218,875119268,875119268,875119268,20.353644376443768,85.82057859831785,20.353644376443768,85.82057859831785,264.8487140598092,264.84871405980914,264.84871405980914,secondary,secondary,0.1578716738254917,0.1578716738254917,0.0,False,False,0.9995658716135724,359,C. Mapping ambiguity
416,417,4713176922->4713176938,1212991822,1212991822,1212991822,20.26035660301587,85.78736482492242,20.26035660301587,85.78736482492242,107.80087282454969,107.80087282454969,107.80087282454967,secondary,secondary,0.0557658675935034,0.0557658675935034,0.0,True,False,0.9978584584841558,345,B. Same edge but potentially different traffic measurement
327,328,6965369868->8145903096,875119268,875119268,875119268,20.354082797770086,85.81323688925912,20.354082797770086,85.81323688925912,137.56901352817457,137.56901352817457,137.56901352817457,secondary,secondary,0.0415272115411571,0.0415272115411571,0.0,True,True,1.0,359,A. Clearly duplicate physical segment
490,491,6965369868->8145903101,875119268,875119268,875119268,20.3540124,85.81433405,20.3540124,85.81433405,91.73461384815508,91.73461384815508,91.73461384815508,secondary,secondary,6.171449540502364e-05,6.171449540502364e-05,0.0,True,False,0.9979967296996848,345,B. Same edge but potentially different traffic measurement
557,558,8099441580->8105648113,364407163,364407163,364407163,20.225279914772816,85.81291200234527,20.225279914772816,85.81291200234527,81.85974800762133,81.85974800762133,81.85974800762133,secondary,secondary,0.6804817706000611,0.6804817706000611,0.0,True,False,0.9989209213200648,345,B. Same edge but potentially different traffic measurement
8,16,8105566319->10603648617,873398460,478811049,478811049,20.250454150626567,85.86202456938696,20.251262326394176,85.86231022316852,1452.9773308428084,1080.1658401252282,1080.1658401252282,trunk,trunk,49.68717466452144,42.420941876155815,94.29632419621069,False,False,0.9993285307253656,359,C. Mapping ambiguity
98,99,8105649851->9620455916,364407163,364407163,364407163,20.22755576105896,85.81421104859038,20.22755576105896,85.81421104859037,328.123102425736,328.123102425736,328.12310242573596,secondary,secondary,0.1271388333067976,0.1271388322083151,1.280568540096283e-09,False,True,1.0,359,C. Mapping ambiguity
421,422,8105649904->3719483230,364407163,364407163,364407163,20.2304255033672,85.81528016343255,20.2304255033672,85.81528016343255,106.3049213202081,106.3049213202081,106.3049213202081,secondary,secondary,0.6811132891221042,0.6811132891221042,0.0,True,False,0.998997553969203,345,B. Same edge but potentially different traffic measurement
276,277,8128232265->3706277194,776295454,776295454,776295454,20.25658195950557,85.79727074936211,20.25658195950557,85.79727074936211,157.41623411523904,157.41623411523904,157.41623411523904,secondary,secondary,0.9755420061068004,0.9755420061068004,0.0,True,True,1.0,359,A. Clearly duplicate physical segment
149,150,8144921986->3725591172,368712589,368712589,368712589,20.31492799092469,85.88012166713553,20.3149279909247,85.88012166713554,256.3774713304631,256.37747133046304,256.37747133046304,secondary,secondary,3.0421933949716897,3.0421933937750394,1.4174491704774463e-09,False,True,0.9999999999999999,359,C. Mapping ambiguity
614,615,8145212933->2408002052,1209433726,1209433726,1209433726,20.2448511054324,85.84335363152812,20.2448511054324,85.84335363152812,72.32942985256548,72.32942985256548,72.32942985256548,secondary,secondary,0.0626784116755123,0.0626784116755123,0.0,True,False,0.993187698869114,345,B. Same edge but potentially different traffic measurement
396,397,8145707262->3726941209,875119268,875119268,875119268,20.35341558370952,85.82493679146371,20.35341558370952,85.82493679146371,115.63235117941038,115.63235117941036,115.63235117941036,secondary,secondary,0.3452400361169896,0.3452400361169896,0.0,False,True,0.9999999999999998,345,C. Mapping ambiguity
168,493,8151182351->8151182352,478254522,478254522,478254522,20.278438370663256,85.83914017933539,20.2782608,85.84066625,229.40354685525816,91.38021245024686,320.78471062926695,secondary,secondary,0.1244206843215062,0.1833770172461722,160.58866596243183,False,False,0.9809768679768828,345,C. Mapping ambiguity
428,429,8166899537->293464690,880027169,880027169,880027169,20.2953281,85.83345829999999,20.2953281,85.83345829999999,104.39855419484648,104.39855419484648,104.39855419484648,secondary,secondary,2.4395265023455143e-05,2.4395265023455143e-05,0.0,True,False,0.9997617548630493,345,B. Same edge but potentially different traffic measurement
35,59,8182317117->2390658944,1194663768,1194663760,1194663768,20.265456457111377,85.78799599193567,20.265819375302044,85.7868149673111,704.2067158098589,436.3794490946383,704.2067158098589,primary,primary,34.52553314696501,2.3754195246150767,129.73285882962145,False,False,0.6482055047448766,359,C. Mapping ambiguity
71,308,8182365087->8182316367,1209009344;218505932;218505933,218505930;218505931;1210086508,1209009344;218505932;218505933,20.295473571717828,85.85078291649354,20.29564921313161,85.85221885990902,394.9459138664409,146.76475240876113,394.9459138664409,trunk,trunk,0.0853627266434627,31.400348050033124,151.20644603696104,False,False,0.18923500600373638,359,C. Mapping ambiguity
576,577,8186428309->1051669950,26755988,26755988,26755988,20.27144253761616,85.8340416947914,20.27144253761616,85.8340416947914,78.51154029297457,78.51154029297457,78.51154029297457,secondary,secondary,0.0005307778528171,0.0005307778528171,0.0,True,False,0.9995176122865648,345,B. Same edge but potentially different traffic measurement
427,696,9923995138->293463471,1141889036,1141889036,1141889036,20.255393690997284,85.8403850366,20.25609867314088,85.84014714090301,104.57783306837564,61.034692436091326,165.612525504467,primary,primary,1.0191206920358291,0.8080935928181623,81.89092407986121,False,False,0.9385487819929831,345,D. Probably legitimate separate observations
214,215,10132690705->3184375374,875119268,875119268,875119268,20.35386774300183,85.81651924117972,20.35386774300183,85.81651924117972,191.5903217247036,191.5903217247036,191.59032172470353,secondary,secondary,0.8145604809430432,0.8145604809430432,0.0,True,False,0.9862972096425024,359,B. Same edge but potentially different traffic measurement
206,207,10132690705->3726941220,875119268,875119268,875119268,20.353754603605573,85.81837277899186,20.353754603605577,85.81837277899187,195.7621185690046,195.7621185690046,195.7621185690046,secondary,secondary,0.12256566721091,0.1225656682400529,1.6308535968561075e-09,False,True,1.0,359,C. Mapping ambiguity
645,646,10618414232->8145212933,1209433726,1209433726,1209433726,20.24480095,85.8426862,20.24480095,85.8426862,67.6262946331855,67.6262946331855,67.6262946331855,secondary,secondary,3.3198746287173175e-05,3.3198746287173175e-05,0.0,True,True,1.0,345,A. Clearly duplicate physical segment
4,14,11936495261->8106127986,873398460,478811049,873398460,20.262789181520738,85.86831658151024,20.26454458295202,85.86907984584279,1656.7999817793127,1277.1611518246043,1656.7999817793127,trunk,trunk,34.54546337864608,0.3277603188308971,210.01169305241785,False,False,0.3960610836102911,359,C. Mapping ambiguity
39,46,12901379743->12901379734,1213505657;196857002;44947105;742084228,464264129;1210250340;1393752818;762847156;1393752821,1210250340;1393752818;1393752821;464264129;762847156,20.31794148665308,85.87990634894803,20.317000635405165,85.87951330018832,593.829930247831,560.469059085779,560.469059085779,trunk,trunk,8.519981707628904,11.036888807828214,111.93071781926902,False,True,1.0,359,C. Mapping ambiguity
11,13,13519081481->8140380974,879568355;879568356;325359753;26755786;1209009371,879568354;879568357;573401034;325359754;874464058,1209009371;1210086508;218505930;218505931;26755786;279958945;325359753;879568355;879568356,20.2970014077427,85.85867493233974,20.29659438726293,85.85827140894284,1384.3006303268353,1308.4312809218004,1567.6704669611318,trunk,trunk,76.53052254558584,76.07150549556647,61.686093238823034,False,False,0.45309867588315944,359,C. Mapping ambiguity
