segment_id,osmid_count,osmid_list,ids_found,all_ids_found,individual_way_details_json,traffic_length_m,combined_geometry_length_m,combined_over_traffic_length_ratio,combined_unique_geometry_components,point_to_combined_geometry_m,subgraph_directed_edges,subgraph_nodes,subgraph_weak_components,subgraph_largest_component_nodes,unique_physical_ways,relationship_assessment
0,3,1209033472;280421140;1317533102,3,True,"[{""osmid"": ""1209033472"", ""present"": true, ""directed_edges"": 1, ""unique_physical_pieces"": 1, ""geometry_length_m"": 3014.648868257163, ""highways"": [""trunk""]}, {""osmid"": ""280421140"", ""present"": true, ""directed_edges"": 1, ""unique_physical_pieces"": 1, ""geometry_length_m"": 3014.648868257163, ""highways"": [""trunk""]}, {""osmid"": ""1317533102"", ""present"": true, ""directed_edges"": 1, ""unique_physical_pieces"": 1, ""geometry_length_m"": 3014.648868257163, ""highways"": [""trunk""]}]",3016.9979383186064,3014.648868257163,0.9992213882443842,32,11.35828814528417,1,2,1,2,3,topologically connected but geometry has multiple parts
1,3,44948707;1317533101;1317533103,3,True,"[{""osmid"": ""44948707"", ""present"": true, ""directed_edges"": 1, ""unique_physical_pieces"": 1, ""geometry_length_m"": 2968.969573126181, ""highways"": [""trunk""]}, {""osmid"": ""1317533101"", ""present"": true, ""directed_edges"": 1, ""unique_physical_pieces"": 1, ""geometry_length_m"": 2968.969573126181, ""highways"": [""trunk""]}, {""osmid"": ""1317533103"", ""present"": true, ""directed_edges"": 1, ""unique_physical_pieces"": 1, ""geometry_length_m"": 2968.969573126181, ""highways"": [""trunk""]}]",2971.283590979436,2968.969573126181,0.9992212059931672,34,13.510543098806073,1,2,1,2,3,topologically connected but geometry has multiple parts
2,3,279958946;1317535730;1209009343,3,True,"[{""osmid"": ""279958946"", ""present"": true, ""directed_edges"": 1, ""unique_physical_pieces"": 1, ""geometry_length_m"": 2003.558764631382, ""highways"": [""trunk""]}, {""osmid"": ""1317535730"", ""present"": true, ""directed_edges"": 1, ""unique_physical_pieces"": 1, ""geometry_length_m"": 2003.558764631382, ""highways"": [""trunk""]}, {""osmid"": ""1209009343"", ""present"": true, ""directed_edges"": 1, ""unique_physical_pieces"": 1, ""geometry_length_m"": 2003.558764631382, ""highways"": [""trunk""]}]",2001.0510399446507,2003.558764631382,1.0012532037597606,35,1.7422560118889292,1,2,1,2,3,topologically connected but geometry has multiple parts
3,4,26755549;1317535729;1209009372;218526245,4,True,"[{""osmid"": ""26755549"", ""present"": true, ""directed_edges"": 1, ""unique_physical_pieces"": 1, ""geometry_length_m"": 1992.0665549788926, ""highways"": [""trunk""]}, {""osmid"": ""1317535729"", ""present"": true, ""directed_edges"": 1, ""unique_physical_pieces"": 1, ""geometry_length_m"": 1992.0665549788926, ""highways"": [""trunk""]}, {""osmid"": ""1209009372"", ""present"": true, ""directed_edges"": 1, ""unique_physical_pieces"": 1, ""geometry_length_m"": 1992.0665549788926, ""highways"": [""trunk""]}, {""osmid"": ""218526245"", ""present"": true, ""directed_edges"": 1, ""unique_physical_pieces"": 1, ""geometry_length_m"": 1992.0665549788926, ""highways"": [""trunk""]}]",1989.572233152408,1992.0665549788926,1.0012536975460964,26,2.0712795946359006,1,2,1,2,4,topologically connected but geometry has multiple parts
5,3,742084225;742084226;44947113,3,True,"[{""osmid"": ""742084225"", ""present"": true, ""directed_edges"": 1, ""unique_physical_pieces"": 1, ""geometry_length_m"": 1582.6386955717521, ""highways"": [""trunk""]}, {""osmid"": ""742084226"", ""present"": true, ""directed_edges"": 2, ""unique_physical_pieces"": 2, ""geometry_length_m"": 2324.2502711648367, ""highways"": [""trunk""]}, {""osmid"": ""44947113"", ""present"": true, ""directed_edges"": 3, ""unique_physical_pieces"": 3, ""geometry_length_m"": 2035.7187616822193, ""highways"": [""trunk""]}]",1588.023179665442,2777.330337275304,1.7489230464887924,37,55.30926484758361,4,5,1,5,3,topologically connected but geometry has multiple parts
6,5,44948644;1203900681;1194664843;1194664844;1317520819,5,True,"[{""osmid"": ""44948644"", ""present"": true, ""directed_edges"": 1, ""unique_physical_pieces"": 1, ""geometry_length_m"": 1500.744324893178, ""highways"": [""trunk""]}, {""osmid"": ""1203900681"", ""present"": true, ""directed_edges"": 2, ""unique_physical_pieces"": 2, ""geometry_length_m"": 2887.3174936178143, ""highways"": [""trunk""]}, {""osmid"": ""1194664843"", ""present"": true, ""directed_edges"": 1, ""unique_physical_pieces"": 1, ""geometry_length_m"": 1500.744324893178, ""highways"": [""trunk""]}, {""osmid"": ""1194664844"", ""present"": true, ""directed_edges"": 1, ""unique_physical_pieces"": 1, ""geometry_length_m"": 1500.744324893178, ""highways"": [""trunk""]}, {""osmid"": ""1317520819"", ""present"": true, ""directed_edges"": 1, ""unique_physical_pieces"": 1, ""geometry_length_m"": 1500.744324893178, ""highways"": [""trunk""]}]",1505.9062740619322,2887.3174936178143,1.917328816108691,18,0.7353513306414209,2,3,1,3,5,topologically connected but geometry has multiple parts
7,3,1203900682;1209038916;1194663758,3,True,"[{""osmid"": ""1203900682"", ""present"": true, ""directed_edges"": 2, ""unique_physical_pieces"": 2, ""geometry_length_m"": 1645.3088144295225, ""highways"": [""trunk""]}, {""osmid"": ""1209038916"", ""present"": true, ""directed_edges"": 1, ""unique_physical_pieces"": 1, ""geometry_length_m"": 1478.5511688507565, ""highways"": [""trunk""]}, {""osmid"": ""1194663758"", ""present"": true, ""directed_edges"": 1, ""unique_physical_pieces"": 1, ""geometry_length_m"": 1478.5511688507565, ""highways"": [""trunk""]}]",1483.6343357813123,1645.3088144295225,1.1089719176410602,27,1.9531115724710424,2,3,1,3,3,topologically connected but geometry has multiple parts
10,4,1203900681;218526250;218526251;280421141,4,True,"[{""osmid"": ""1203900681"", ""present"": true, ""directed_edges"": 2, ""unique_physical_pieces"": 2, ""geometry_length_m"": 2887.3174936178143, ""highways"": [""trunk""]}, {""osmid"": ""218526250"", ""present"": true, ""directed_edges"": 1, ""unique_physical_pieces"": 1, ""geometry_length_m"": 1386.5731687246364, ""highways"": [""trunk""]}, {""osmid"": ""218526251"", ""present"": true, ""directed_edges"": 1, ""unique_physical_pieces"": 1, ""geometry_length_m"": 1386.5731687246364, ""highways"": [""trunk""]}, {""osmid"": ""280421141"", ""present"": true, ""directed_edges"": 2, ""unique_physical_pieces"": 2, ""geometry_length_m"": 1465.9032218831344, ""highways"": [""trunk""]}]",1392.132772228004,2966.647546776312,2.131009057439554,15,1.1155964970608792,3,4,1,4,4,topologically connected but geometry has multiple parts
11,5,879568355;879568356;325359753;26755786;1209009371,5,True,"[{""osmid"": ""879568355"", ""present"": true, ""directed_edges"": 1, ""unique_physical_pieces"": 1, ""geometry_length_m"": 1567.0506046218045, ""highways"": [""trunk""]}, {""osmid"": ""879568356"", ""present"": true, ""directed_edges"": 1, ""unique_physical_pieces"": 1, ""geometry_length_m"": 1567.0506046218045, ""highways"": [""trunk""]}, {""osmid"": ""325359753"", ""present"": true, ""directed_edges"": 1, ""unique_physical_pieces"": 1, ""geometry_length_m"": 1567.0506046218045, ""highways"": [""trunk""]}, {""osmid"": ""26755786"", ""present"": true, ""directed_edges"": 1, ""unique_physical_pieces"": 1, ""geometry_length_m"": 1567.0506046218045, ""highways"": [""trunk""]}, {""osmid"": ""1209009371"", ""present"": true, ""directed_edges"": 1, ""unique_physical_pieces"": 1, ""geometry_length_m"": 1567.0506046218045, ""highways"": [""trunk""]}]",1384.3006303268353,1567.0506046218045,1.1320161027824005,25,76.53052254558584,1,2,1,2,5,topologically connected but geometry has multiple parts
13,5,879568354;879568357;573401034;325359754;874464058,5,True,"[{""osmid"": ""879568354"", ""present"": true, ""directed_edges"": 1, ""unique_physical_pieces"": 1, ""geometry_length_m"": 1307.8149355491046, ""highways"": [""trunk""]}, {""osmid"": ""879568357"", ""present"": true, ""directed_edges"": 1, ""unique_physical_pieces"": 1, ""geometry_length_m"": 1307.8149355491046, ""highways"": [""trunk""]}, {""osmid"": ""573401034"", ""present"": true, ""directed_edges"": 1, ""unique_physical_pieces"": 1, ""geometry_length_m"": 1307.8149355491046, ""highways"": [""trunk""]}, {""osmid"": ""325359754"", ""present"": true, ""directed_edges"": 1, ""unique_physical_pieces"": 1, ""geometry_length_m"": 1307.8149355491046, ""highways"": [""trunk""]}, {""osmid"": ""874464058"", ""present"": true, ""directed_edges"": 1, ""unique_physical_pieces"": 1, ""geometry_length_m"": 1307.8149355491046, ""highways"": [""trunk""]}]",1308.4312809218004,1307.8149355491046,0.9995289432607714,23,87.49049939435368,1,2,1,2,5,topologically connected but geometry has multiple parts
15,3,218526248;26755741;218526246,3,True,"[{""osmid"": ""218526248"", ""present"": true, ""directed_edges"": 1, ""unique_physical_pieces"": 1, ""geometry_length_m"": 1217.305702173846, ""highways"": [""trunk""]}, {""osmid"": ""26755741"", ""present"": true, ""directed_edges"": 3, ""unique_physical_pieces"": 3, ""geometry_length_m"": 1313.7312787999997, ""highways"": [""trunk""]}, {""osmid"": ""218526246"", ""present"": true, ""directed_edges"": 1, ""unique_physical_pieces"": 1, ""geometry_length_m"": 1217.305702173846, ""highways"": [""trunk""]}]",1222.1475264366486,1313.7312787999997,1.0749367407635124,17,1.8827613122929603,3,4,1,4,3,topologically connected but geometry has multiple parts
21,3,742084229;742084230;742084223,3,True,"[{""osmid"": ""742084229"", ""present"": true, ""directed_edges"": 5, ""unique_physical_pieces"": 5, ""geometry_length_m"": 2492.358467920677, ""highways"": [""trunk""]}, {""osmid"": ""742084230"", ""present"": true, ""directed_edges"": 1, ""unique_physical_pieces"": 1, ""geometry_length_m"": 963.4630558257937, ""highways"": [""trunk""]}, {""osmid"": ""742084223"", ""present"": true, ""directed_edges"": 2, ""unique_physical_pieces"": 2, ""geometry_length_m"": 1922.2742079453283, ""highways"": [""trunk""]}]",967.8664462943204,3451.1696200402116,3.565749833826493,18,8.035164748502881,6,7,1,7,3,topologically connected but geometry has multiple parts
22,3,742084224;464267621;742084223,3,True,"[{""osmid"": ""742084224"", ""present"": true, ""directed_edges"": 1, ""unique_physical_pieces"": 1, ""geometry_length_m"": 958.8111521195347, ""highways"": [""trunk""]}, {""osmid"": ""464267621"", ""present"": true, ""directed_edges"": 4, ""unique_physical_pieces"": 4, ""geometry_length_m"": 2140.9691354965375, ""highways"": [""trunk""]}, {""osmid"": ""742084223"", ""present"": true, ""directed_edges"": 2, ""unique_physical_pieces"": 2, ""geometry_length_m"": 1922.2742079453283, ""highways"": [""trunk""]}]",962.4217350910671,3104.4321913223316,3.2256463857069697,21,5.7273313483903,5,6,1,6,3,topologically connected but geometry has multiple parts
23,3,874464056;877825096;292410142,3,True,"[{""osmid"": ""874464056"", ""present"": true, ""directed_edges"": 3, ""unique_physical_pieces"": 3, ""geometry_length_m"": 959.6903364930472, ""highways"": [""trunk""]}, {""osmid"": ""877825096"", ""present"": true, ""directed_edges"": 3, ""unique_physical_pieces"": 3, ""geometry_length_m"": 947.1547899493418, ""highways"": [""trunk""]}, {""osmid"": ""292410142"", ""present"": true, ""directed_edges"": 1, ""unique_physical_pieces"": 1, ""geometry_length_m"": 741.3317827701684, ""highways"": [""trunk""]}]",919.938817989941,1165.5133436722208,1.2669465847944739,11,0.3608488821376146,5,6,1,6,3,topologically connected but geometry has multiple parts
24,2,414500083;875146659,2,True,"[{""osmid"": ""414500083"", ""present"": true, ""directed_edges"": 2, ""unique_physical_pieces"": 2, ""geometry_length_m"": 1269.9015285868188, ""highways"": [""primary""]}, {""osmid"": ""875146659"", ""present"": true, ""directed_edges"": 2, ""unique_physical_pieces"": 2, ""geometry_length_m"": 982.7016931378336, ""highways"": [""primary""]}]",869.4487815342277,1387.1228472058126,1.5954049009742681,26,0.41487932622153084,3,4,1,4,2,topologically connected but geometry has multiple parts
25,4,44948784;1317535728;1317535732;218526252,4,True,"[{""osmid"": ""44948784"", ""present"": true, ""directed_edges"": 1, ""unique_physical_pieces"": 1, ""geometry_length_m"": 852.4792107341588, ""highways"": [""trunk""]}, {""osmid"": ""1317535728"", ""present"": true, ""directed_edges"": 1, ""unique_physical_pieces"": 1, ""geometry_length_m"": 852.4792107341588, ""highways"": [""trunk""]}, {""osmid"": ""1317535732"", ""present"": true, ""directed_edges"": 1, ""unique_physical_pieces"": 1, ""geometry_length_m"": 852.4792107341588, ""highways"": [""trunk""]}, {""osmid"": ""218526252"", ""present"": true, ""directed_edges"": 1, ""unique_physical_pieces"": 1, ""geometry_length_m"": 852.4792107341588, ""highways"": [""trunk""]}]",852.5643479559544,852.4792107341588,0.9999001398287416,14,12.290642977556477,1,2,1,2,4,topologically connected but geometry has multiple parts
29,3,877786608;292410140;292410141,3,True,"[{""osmid"": ""877786608"", ""present"": true, ""directed_edges"": 2, ""unique_physical_pieces"": 2, ""geometry_length_m"": 817.8181401900463, ""highways"": [""trunk""]}, {""osmid"": ""292410140"", ""present"": true, ""directed_edges"": 4, ""unique_physical_pieces"": 4, ""geometry_length_m"": 976.0462090294071, ""highways"": [""trunk""]}, {""osmid"": ""292410141"", ""present"": true, ""directed_edges"": 1, ""unique_physical_pieces"": 1, ""geometry_length_m"": 785.2583866572334, ""highways"": [""trunk""]}]",786.6128867962552,1008.60596256222,1.282213881176173,12,2.7410712095725227,5,6,1,6,3,topologically connected but geometry has multiple parts
30,4,26755523;1317535731;218526247;1209033471,4,True,"[{""osmid"": ""26755523"", ""present"": true, ""directed_edges"": 1, ""unique_physical_pieces"": 1, ""geometry_length_m"": 771.7332132666822, ""highways"": [""trunk""]}, {""osmid"": ""1317535731"", ""present"": true, ""directed_edges"": 1, ""unique_physical_pieces"": 1, ""geometry_length_m"": 771.7332132666822, ""highways"": [""trunk""]}, {""osmid"": ""218526247"", ""present"": true, ""directed_edges"": 1, ""unique_physical_pieces"": 1, ""geometry_length_m"": 771.7332132666822, ""highways"": [""trunk""]}, {""osmid"": ""1209033471"", ""present"": true, ""directed_edges"": 2, ""unique_physical_pieces"": 2, ""geometry_length_m"": 1117.5586563921288, ""highways"": [""trunk""]}]",771.7655177847529,1117.5586563921288,1.4480546625093171,14,13.47510144824603,2,3,1,3,4,topologically connected but geometry has multiple parts
31,3,842470001;196857001;1286989884,3,True,"[{""osmid"": ""842470001"", ""present"": true, ""directed_edges"": 3, ""unique_physical_pieces"": 3, ""geometry_length_m"": 926.304548659825, ""highways"": [""trunk""]}, {""osmid"": ""196857001"", ""present"": true, ""directed_edges"": 1, ""unique_physical_pieces"": 1, ""geometry_length_m"": 761.2978280729528, ""highways"": [""trunk""]}, {""osmid"": ""1286989884"", ""present"": true, ""directed_edges"": 1, ""unique_physical_pieces"": 1, ""geometry_length_m"": 761.2978280729528, ""highways"": [""trunk""]}]",762.8027211582153,926.3045486598248,1.214343529416562,11,0.8777817731191884,3,4,1,4,3,topologically connected but geometry has multiple parts
32,3,742084226;742084227;742084228,3,True,"[{""osmid"": ""742084226"", ""present"": true, ""directed_edges"": 2, ""unique_physical_pieces"": 2, ""geometry_length_m"": 2324.2502711648367, ""highways"": [""trunk""]}, {""osmid"": ""742084227"", ""present"": true, ""directed_edges"": 1, ""unique_physical_pieces"": 1, ""geometry_length_m"": 741.6115755930846, ""highways"": [""trunk""]}, {""osmid"": ""742084228"", ""present"": true, ""directed_edges"": 5, ""unique_physical_pieces"": 5, ""geometry_length_m"": 2993.152207872555, ""highways"": [""trunk""]}]",745.0016873605796,4575.790903444307,6.141987301606784,22,8.657469427660102,6,7,1,7,3,topologically connected but geometry has multiple parts
33,3,364407161;1317517332;1318339357,3,True,"[{""osmid"": ""364407161"", ""present"": true, ""directed_edges"": 2, ""unique_physical_pieces"": 1, ""geometry_length_m"": 724.989421389178, ""highways"": [""secondary""]}, {""osmid"": ""1317517332"", ""present"": true, ""directed_edges"": 2, ""unique_physical_pieces"": 1, ""geometry_length_m"": 724.989421389178, ""highways"": [""secondary""]}, {""osmid"": ""1318339357"", ""present"": true, ""directed_edges"": 2, ""unique_physical_pieces"": 1, ""geometry_length_m"": 724.989421389178, ""highways"": [""secondary""]}]",726.186014336685,724.989421389178,0.998352222538188,15,8.107134261087944,2,2,1,2,3,topologically connected but geometry has multiple parts
34,3,364407161;1317517332;1318339357,3,True,"[{""osmid"": ""364407161"", ""present"": true, ""directed_edges"": 2, ""unique_physical_pieces"": 1, ""geometry_length_m"": 724.989421389178, ""highways"": [""secondary""]}, {""osmid"": ""1317517332"", ""present"": true, ""directed_edges"": 2, ""unique_physical_pieces"": 1, ""geometry_length_m"": 724.989421389178, ""highways"": [""secondary""]}, {""osmid"": ""1318339357"", ""present"": true, ""directed_edges"": 2, ""unique_physical_pieces"": 1, ""geometry_length_m"": 724.989421389178, ""highways"": [""secondary""]}]",726.1860143366849,724.989421389178,0.9983522225381882,15,8.1071342599606,2,2,1,2,3,topologically connected but geometry has multiple parts
36,2,1238285688;90617087,2,True,"[{""osmid"": ""1238285688"", ""present"": true, ""directed_edges"": 5, ""unique_physical_pieces"": 5, ""geometry_length_m"": 958.1419680559477, ""highways"": [""secondary""]}, {""osmid"": ""90617087"", ""present"": true, ""directed_edges"": 11, ""unique_physical_pieces"": 11, ""geometry_length_m"": 1962.4852799948158, ""highways"": [""secondary""]}]",687.0880641753015,2234.9956292237284,3.252851775130675,30,58.559776161548804,15,16,1,16,2,topologically connected but geometry has multiple parts
38,4,464264628;1209009347;1209009348;196856999,4,True,"[{""osmid"": ""464264628"", ""present"": true, ""directed_edges"": 1, ""unique_physical_pieces"": 1, ""geometry_length_m"": 594.1671701363757, ""highways"": [""trunk""]}, {""osmid"": ""1209009347"", ""present"": true, ""directed_edges"": 1, ""unique_physical_pieces"": 1, ""geometry_length_m"": 594.1671701363757, ""highways"": [""trunk""]}, {""osmid"": ""1209009348"", ""present"": true, ""directed_edges"": 1, ""unique_physical_pieces"": 1, ""geometry_length_m"": 594.1671701363757, ""highways"": [""trunk""]}, {""osmid"": ""196856999"", ""present"": true, ""directed_edges"": 1, ""unique_physical_pieces"": 1, ""geometry_length_m"": 594.1671701363757, ""highways"": [""trunk""]}]",594.9813733926426,594.1671701363757,0.998631548326254,14,3.3305417313595256,1,2,1,2,4,topologically connected but geometry has multiple parts
39,4,1213505657;196857002;44947105;742084228,4,True,"[{""osmid"": ""1213505657"", ""present"": true, ""directed_edges"": 1, ""unique_physical_pieces"": 1, ""geometry_length_m"": 592.0952395503886, ""highways"": [""trunk""]}, {""osmid"": ""196857002"", ""present"": true, ""directed_edges"": 2, ""unique_physical_pieces"": 2, ""geometry_length_m"": 676.0280690530503, ""highways"": [""trunk""]}, {""osmid"": ""44947105"", ""present"": true, ""directed_edges"": 1, ""unique_physical_pieces"": 1, ""geometry_length_m"": 592.0952395503886, ""highways"": [""trunk""]}, {""osmid"": ""742084228"", ""present"": true, ""directed_edges"": 5, ""unique_physical_pieces"": 5, ""geometry_length_m"": 2993.152207872555, ""highways"": [""trunk""]}]",593.829930247831,3077.085037375217,5.181761444882065,20,25.041947228163412,6,7,1,7,4,topologically connected but geometry has multiple parts
42,3,877786609;1393752818;464264627,3,True,"[{""osmid"": ""877786609"", ""present"": true, ""directed_edges"": 1, ""unique_physical_pieces"": 1, ""geometry_length_m"": 588.8874482119232, ""highways"": [""trunk""]}, {""osmid"": ""1393752818"", ""present"": true, ""directed_edges"": 2, ""unique_physical_pieces"": 2, ""geometry_length_m"": 1147.5859244235712, ""highways"": [""trunk""]}, {""osmid"": ""464264627"", ""present"": true, ""directed_edges"": 1, ""unique_physical_pieces"": 1, ""geometry_length_m"": 588.8874482119232, ""highways"": [""trunk""]}]",590.0031819087746,1147.5859244235712,1.94505039906888,6,1.028397684621914,2,3,1,3,3,topologically connected but geometry has multiple parts
44,3,877821610;870242500;870242503,3,True,"[{""osmid"": ""877821610"", ""present"": true, ""directed_edges"": 2, ""unique_physical_pieces"": 2, ""geometry_length_m"": 853.871852454507, ""highways"": [""trunk""]}, {""osmid"": ""870242500"", ""present"": true, ""directed_edges"": 1, ""unique_physical_pieces"": 1, ""geometry_length_m"": 564.7950284291412, ""highways"": [""trunk""]}, {""osmid"": ""870242503"", ""present"": true, ""directed_edges"": 7, ""unique_physical_pieces"": 7, ""geometry_length_m"": 1509.2102409497347, ""highways"": [""trunk""]}]",567.271621111069,1798.2870649751005,3.170063507589083,16,0.0996108716768942,8,9,1,9,3,topologically connected but geometry has multiple parts
46,5,464264129;1210250340;1393752818;762847156;1393752821,5,True,"[{""osmid"": ""464264129"", ""present"": true, ""directed_edges"": 1, ""unique_physical_pieces"": 1, ""geometry_length_m"": 558.6984762116481, ""highways"": [""trunk""]}, {""osmid"": ""1210250340"", ""present"": true, ""directed_edges"": 1, ""unique_physical_pieces"": 1, ""geometry_length_m"": 558.6984762116481, ""highways"": [""trunk""]}, {""osmid"": ""1393752818"", ""present"": true, ""directed_edges"": 2, ""unique_physical_pieces"": 2, ""geometry_length_m"": 1147.5859244235712, ""highways"": [""trunk""]}, {""osmid"": ""762847156"", ""present"": true, ""directed_edges"": 1, ""unique_physical_pieces"": 1, ""geometry_length_m"": 558.6984762116481, ""highways"": [""trunk""]}, {""osmid"": ""1393752821"", ""present"": true, ""directed_edges"": 2, ""unique_physical_pieces"": 2, ""geometry_length_m"": 723.6726244052641, ""highways"": [""trunk""]}]",560.469059085779,1312.5600726171872,2.341895687797998,21,11.036888807828214,3,4,1,4,5,topologically connected but geometry has multiple parts
47,5,174417954;230927119;230927120;746487580;746487549,5,True,"[{""osmid"": ""174417954"", ""present"": true, ""directed_edges"": 6, ""unique_physical_pieces"": 3, ""geometry_length_m"": 549.0745765259061, ""highways"": [""secondary""]}, {""osmid"": ""230927119"", ""present"": true, ""directed_edges"": 2, ""unique_physical_pieces"": 1, ""geometry_length_m"": 535.3698006181368, ""highways"": [""secondary""]}, {""osmid"": ""230927120"", ""present"": true, ""directed_edges"": 2, ""unique_physical_pieces"": 1, ""geometry_length_m"": 535.3698006181368, ""highways"": [""secondary""]}, {""osmid"": ""746487580"", ""present"": true, ""directed_edges"": 2, ""unique_physical_pieces"": 1, ""geometry_length_m"": 535.3698006181368, ""highways"": [""secondary""]}, {""osmid"": ""746487549"", ""present"": true, ""directed_edges"": 2, ""unique_physical_pieces"": 1, ""geometry_length_m"": 535.3698006181368, ""highways"": [""secondary""]}]",535.5556741544974,549.0745765259062,1.0252427581740247,15,5.614067846601275,6,4,1,4,5,topologically connected but geometry has multiple parts
48,5,174417954;230927119;230927120;746487580;746487549,5,True,"[{""osmid"": ""174417954"", ""present"": true, ""directed_edges"": 6, ""unique_physical_pieces"": 3, ""geometry_length_m"": 549.0745765259061, ""highways"": [""secondary""]}, {""osmid"": ""230927119"", ""present"": true, ""directed_edges"": 2, ""unique_physical_pieces"": 1, ""geometry_length_m"": 535.3698006181368, ""highways"": [""secondary""]}, {""osmid"": ""230927120"", ""present"": true, ""directed_edges"": 2, ""unique_physical_pieces"": 1, ""geometry_length_m"": 535.3698006181368, ""highways"": [""secondary""]}, {""osmid"": ""746487580"", ""present"": true, ""directed_edges"": 2, ""unique_physical_pieces"": 1, ""geometry_length_m"": 535.3698006181368, ""highways"": [""secondary""]}, {""osmid"": ""746487549"", ""present"": true, ""directed_edges"": 2, ""unique_physical_pieces"": 1, ""geometry_length_m"": 535.3698006181368, ""highways"": [""secondary""]}]",535.5556741544973,549.0745765259062,1.0252427581740249,15,5.614067846601275,6,4,1,4,5,topologically connected but geometry has multiple parts
51,5,279088741;746487561;746487564;1317517914;1317517916,5,True,"[{""osmid"": ""279088741"", ""present"": true, ""directed_edges"": 1, ""unique_physical_pieces"": 1, ""geometry_length_m"": 492.4004755591848, ""highways"": [""primary""]}, {""osmid"": ""746487561"", ""present"": true, ""directed_edges"": 1, ""unique_physical_pieces"": 1, ""geometry_length_m"": 492.4004755591848, ""highways"": [""primary""]}, {""osmid"": ""746487564"", ""present"": true, ""directed_edges"": 1, ""unique_physical_pieces"": 1, ""geometry_length_m"": 492.4004755591848, ""highways"": [""primary""]}, {""osmid"": ""1317517914"", ""present"": true, ""directed_edges"": 1, ""unique_physical_pieces"": 1, ""geometry_length_m"": 492.4004755591848, ""highways"": [""primary""]}, {""osmid"": ""1317517916"", ""present"": true, ""directed_edges"": 1, ""unique_physical_pieces"": 1, ""geometry_length_m"": 492.4004755591848, ""highways"": [""primary""]}]",492.841002847525,492.4004755591848,0.9991061472446593,6,0.6048854618837121,1,2,1,2,5,topologically connected but geometry has multiple parts
52,5,279088738;746487562;746487563;1317517913;1317517915,5,True,"[{""osmid"": ""279088738"", ""present"": true, ""directed_edges"": 1, ""unique_physical_pieces"": 1, ""geometry_length_m"": 488.30047520685605, ""highways"": [""primary""]}, {""osmid"": ""746487562"", ""present"": true, ""directed_edges"": 1, ""unique_physical_pieces"": 1, ""geometry_length_m"": 488.30047520685605, ""highways"": [""primary""]}, {""osmid"": ""746487563"", ""present"": true, ""directed_edges"": 1, ""unique_physical_pieces"": 1, ""geometry_length_m"": 488.30047520685605, ""highways"": [""primary""]}, {""osmid"": ""1317517913"", ""present"": true, ""directed_edges"": 1, ""unique_physical_pieces"": 1, ""geometry_length_m"": 488.30047520685605, ""highways"": [""primary""]}, {""osmid"": ""1317517915"", ""present"": true, ""directed_edges"": 1, ""unique_physical_pieces"": 1, ""geometry_length_m"": 488.30047520685605, ""highways"": [""primary""]}]",488.74421379732553,488.30047520685605,0.9990920842069478,6,0.06522794938668036,1,2,1,2,5,topologically connected but geometry has multiple parts
54,3,870242497;877821612;870242502,3,True,"[{""osmid"": ""870242497"", ""present"": true, ""directed_edges"": 1, ""unique_physical_pieces"": 1, ""geometry_length_m"": 475.74508676427035, ""highways"": [""trunk""]}, {""osmid"": ""877821612"", ""present"": true, ""directed_edges"": 3, ""unique_physical_pieces"": 3, ""geometry_length_m"": 743.3704460028529, ""highways"": [""trunk""]}, {""osmid"": ""870242502"", ""present"": true, ""directed_edges"": 5, ""unique_physical_pieces"": 5, ""geometry_length_m"": 1356.1790533848468, ""highways"": [""trunk""]}]",477.834937011317,1623.8044126234292,3.398253846359023,15,0.38721744381056017,7,8,1,8,3,topologically connected but geometry has multiple parts
71,3,1209009344;218505932;218505933,3,True,"[{""osmid"": ""1209009344"", ""present"": true, ""directed_edges"": 1, ""unique_physical_pieces"": 1, ""geometry_length_m"": 395.4439201266439, ""highways"": [""trunk""]}, {""osmid"": ""218505932"", ""present"": true, ""directed_edges"": 1, ""unique_physical_pieces"": 1, ""geometry_length_m"": 395.4439201266439, ""highways"": [""trunk""]}, {""osmid"": ""218505933"", ""present"": true, ""directed_edges"": 2, ""unique_physical_pieces"": 2, ""geometry_length_m"": 514.8013010359493, ""highways"": [""trunk""]}]",394.9459138664409,514.8013010359493,1.3034729135342822,6,0.08536272664346278,2,3,1,3,3,topologically connected but geometry has multiple parts
73,3,272996689;286061181;286061182,3,True,"[{""osmid"": ""272996689"", ""present"": true, ""directed_edges"": 4, ""unique_physical_pieces"": 2, ""geometry_length_m"": 434.0788445460845, ""highways"": [""secondary""]}, {""osmid"": ""286061181"", ""present"": true, ""directed_edges"": 2, ""unique_physical_pieces"": 1, ""geometry_length_m"": 345.58826228215787, ""highways"": [""secondary""]}, {""osmid"": ""286061182"", ""present"": true, ""directed_edges"": 2, ""unique_physical_pieces"": 1, ""geometry_length_m"": 32.616504037500505, ""highways"": [""secondary""]}]",387.2334663165051,466.695348583585,1.2052040672593411,11,9.630570864519534,6,5,2,3,3,disconnected IDs or mapping ambiguity
74,3,272996689;286061181;286061182,3,True,"[{""osmid"": ""272996689"", ""present"": true, ""directed_edges"": 4, ""unique_physical_pieces"": 2, ""geometry_length_m"": 434.0788445460845, ""highways"": [""secondary""]}, {""osmid"": ""286061181"", ""present"": true, ""directed_edges"": 2, ""unique_physical_pieces"": 1, ""geometry_length_m"": 345.58826228215787, ""highways"": [""secondary""]}, {""osmid"": ""286061182"", ""present"": true, ""directed_edges"": 2, ""unique_physical_pieces"": 1, ""geometry_length_m"": 32.616504037500505, ""highways"": [""secondary""]}]",387.2334663165051,466.695348583585,1.2052040672593411,11,9.630570861825463,6,5,2,3,3,disconnected IDs or mapping ambiguity
81,2,478811049;1210277732,2,True,"[{""osmid"": ""478811049"", ""present"": true, ""directed_edges"": 8, ""unique_physical_pieces"": 8, ""geometry_length_m"": 3647.786873447907, ""highways"": [""trunk""]}, {""osmid"": ""1210277732"", ""present"": true, ""directed_edges"": 1, ""unique_physical_pieces"": 1, ""geometry_length_m"": 367.9235094853796, ""highways"": [""trunk""]}]",369.4585090077485,3647.786873447907,9.873332957589032,11,0.013602656922995034,8,9,1,9,2,topologically connected but geometry has multiple parts
86,3,762822065;478254538;478254539,3,True,"[{""osmid"": ""762822065"", ""present"": true, ""directed_edges"": 11, ""unique_physical_pieces"": 11, ""geometry_length_m"": 1413.8082295902807, ""highways"": [""primary""]}, {""osmid"": ""478254538"", ""present"": true, ""directed_edges"": 1, ""unique_physical_pieces"": 1, ""geometry_length_m"": 358.3824285602907, ""highways"": [""primary""]}, {""osmid"": ""478254539"", ""present"": true, ""directed_edges"": 10, ""unique_physical_pieces"": 10, ""geometry_length_m"": 1659.2079422068919, ""highways"": [""primary""]}]",359.10287530431435,2714.633743236882,7.559487628542159,30,1.6966750294541857,20,21,1,21,3,topologically connected but geometry has multiple parts
87,2,865024248;869997541,2,True,"[{""osmid"": ""865024248"", ""present"": true, ""directed_edges"": 29, ""unique_physical_pieces"": 29, ""geometry_length_m"": 3727.7442722503997, ""highways"": [""primary""]}, {""osmid"": ""869997541"", ""present"": true, ""directed_edges"": 5, ""unique_physical_pieces"": 5, ""geometry_length_m"": 999.5214033771465, ""highways"": [""primary""]}]",356.9228028032657,4371.947561246733,12.24900041944513,38,1.560929121521543,33,34,1,34,2,topologically connected but geometry has multiple parts
100,3,874594465;874594466;459228551,3,True,"[{""osmid"": ""874594465"", ""present"": true, ""directed_edges"": 2, ""unique_physical_pieces"": 2, ""geometry_length_m"": 383.08767067498036, ""highways"": [""trunk""]}, {""osmid"": ""874594466"", ""present"": true, ""directed_edges"": 1, ""unique_physical_pieces"": 1, ""geometry_length_m"": 315.4367163238585, ""highways"": [""trunk""]}, {""osmid"": ""459228551"", ""present"": true, ""directed_edges"": 1, ""unique_physical_pieces"": 1, ""geometry_length_m"": 315.4367163238585, ""highways"": [""trunk""]}]",316.55579626022336,383.08767067498036,1.2101742416368986,5,0.22753167179930187,2,3,1,3,3,topologically connected but geometry has multiple parts
107,3,1203852633;876451412;1208795197,3,True,"[{""osmid"": ""1203852633"", ""present"": true, ""directed_edges"": 5, ""unique_physical_pieces"": 5, ""geometry_length_m"": 619.2207575767993, ""highways"": [""primary""]}, {""osmid"": ""876451412"", ""present"": true, ""directed_edges"": 1, ""unique_physical_pieces"": 1, ""geometry_length_m"": 304.65841877119186, ""highways"": [""primary""]}, {""osmid"": ""1208795197"", ""present"": true, ""directed_edges"": 8, ""unique_physical_pieces"": 8, ""geometry_length_m"": 803.7239090702778, ""highways"": [""primary""]}]",306.03649684091926,1118.2862478758852,3.6540943953399823,16,0.009889978848697006,12,13,1,13,3,topologically connected but geometry has multiple parts
111,2,466600299;466600300,2,True,"[{""osmid"": ""466600299"", ""present"": true, ""directed_edges"": 1, ""unique_physical_pieces"": 1, ""geometry_length_m"": 298.1359886630204, ""highways"": [""primary""]}, {""osmid"": ""466600300"", ""present"": true, ""directed_edges"": 2, ""unique_physical_pieces"": 2, ""geometry_length_m"": 318.3899548663803, ""highways"": [""primary""]}]",298.3569192516161,318.3899548663803,1.067144531673722,3,0.15616941320908745,2,3,1,3,2,topologically connected but geometry has multiple parts
115,3,877821609;877821610;870242499,3,True,"[{""osmid"": ""877821609"", ""present"": true, ""directed_edges"": 1, ""unique_physical_pieces"": 1, ""geometry_length_m"": 289.07682402536585, ""highways"": [""trunk""]}, {""osmid"": ""877821610"", ""present"": true, ""directed_edges"": 2, ""unique_physical_pieces"": 2, ""geometry_length_m"": 853.871852454507, ""highways"": [""trunk""]}, {""osmid"": ""870242499"", ""present"": true, ""directed_edges"": 2, ""unique_physical_pieces"": 2, ""geometry_length_m"": 327.7787883201335, ""highways"": [""trunk""]}]",290.3974828028281,892.5738167492747,3.073627939658512,11,2.012221017483683,3,4,1,4,3,topologically connected but geometry has multiple parts
116,2,1337725748;1209433725,2,True,"[{""osmid"": ""1337725748"", ""present"": true, ""directed_edges"": 2, ""unique_physical_pieces"": 2, ""geometry_length_m"": 570.3233276433896, ""highways"": [""primary""]}, {""osmid"": ""1209433725"", ""present"": true, ""directed_edges"": 2, ""unique_physical_pieces"": 2, ""geometry_length_m"": 352.93288512866263, ""highways"": [""primary""]}]",290.2566451529857,634.3347800368781,2.1854272438880393,6,0.8002416177703972,3,4,1,4,2,topologically connected but geometry has multiple parts
118,3,478254539;874644318;874644319,3,True,"[{""osmid"": ""478254539"", ""present"": true, ""directed_edges"": 10, ""unique_physical_pieces"": 10, ""geometry_length_m"": 1659.2079422068919, ""highways"": [""primary""]}, {""osmid"": ""874644318"", ""present"": true, ""directed_edges"": 1, ""unique_physical_pieces"": 1, ""geometry_length_m"": 289.0788904167495, ""highways"": [""primary""]}, {""osmid"": ""874644319"", ""present"": true, ""directed_edges"": 2, ""unique_physical_pieces"": 2, ""geometry_length_m"": 591.9279865851365, ""highways"": [""primary""]}]",289.4278532105612,1962.0570383752788,6.779088524516906,16,0.7524931851595423,11,12,1,12,3,topologically connected but geometry has multiple parts
119,5,1105211172;1337725743;1337725745;1337725746;1337725749,5,True,"[{""osmid"": ""1105211172"", ""present"": true, ""directed_edges"": 3, ""unique_physical_pieces"": 3, ""geometry_length_m"": 472.50173677825876, ""highways"": [""primary""]}, {""osmid"": ""1337725743"", ""present"": true, ""directed_edges"": 1, ""unique_physical_pieces"": 1, ""geometry_length_m"": 287.5122765180908, ""highways"": [""primary""]}, {""osmid"": ""1337725745"", ""present"": true, ""directed_edges"": 1, ""unique_physical_pieces"": 1, ""geometry_length_m"": 287.5122765180908, ""highways"": [""primary""]}, {""osmid"": ""1337725746"", ""present"": true, ""directed_edges"": 1, ""unique_physical_pieces"": 1, ""geometry_length_m"": 287.5122765180908, ""highways"": [""primary""]}, {""osmid"": ""1337725749"", ""present"": true, ""directed_edges"": 1, ""unique_physical_pieces"": 1, ""geometry_length_m"": 287.5122765180908, ""highways"": [""primary""]}]",288.84058233287084,472.50173677825876,1.6358564747447082,13,0.39649442684534275,3,4,1,4,5,topologically connected but geometry has multiple parts
123,5,1337725742;1337725744;1337725747;1337725748;1141888414,5,True,"[{""osmid"": ""1337725742"", ""present"": true, ""directed_edges"": 1, ""unique_physical_pieces"": 1, ""geometry_length_m"": 281.40189490821547, ""highways"": [""primary""]}, {""osmid"": ""1337725744"", ""present"": true, ""directed_edges"": 1, ""unique_physical_pieces"": 1, ""geometry_length_m"": 281.40189490821547, ""highways"": [""primary""]}, {""osmid"": ""1337725747"", ""present"": true, ""directed_edges"": 1, ""unique_physical_pieces"": 1, ""geometry_length_m"": 281.40189490821547, ""highways"": [""primary""]}, {""osmid"": ""1337725748"", ""present"": true, ""directed_edges"": 2, ""unique_physical_pieces"": 2, ""geometry_length_m"": 570.3233276433896, ""highways"": [""primary""]}, {""osmid"": ""1141888414"", ""present"": true, ""directed_edges"": 1, ""unique_physical_pieces"": 1, ""geometry_length_m"": 281.40189490821547, ""highways"": [""primary""]}]",282.7018044874525,570.3233276433896,2.017402501824862,10,0.14590880629874814,2,3,1,3,5,topologically connected but geometry has multiple parts
144,3,1208791977;876451410;1208986532,3,True,"[{""osmid"": ""1208791977"", ""present"": true, ""directed_edges"": 5, ""unique_physical_pieces"": 5, ""geometry_length_m"": 809.528471065368, ""highways"": [""primary""]}, {""osmid"": ""876451410"", ""present"": true, ""directed_edges"": 1, ""unique_physical_pieces"": 1, ""geometry_length_m"": 259.9457754109768, ""highways"": [""primary""]}, {""osmid"": ""1208986532"", ""present"": true, ""directed_edges"": 3, ""unique_physical_pieces"": 3, ""geometry_length_m"": 554.6392697767556, ""highways"": [""primary""]}]",261.1217520553267,1104.2219654311468,4.228762853878154,11,0.16210222950610334,7,8,1,8,3,topologically connected but geometry has multiple parts
152,3,874644320;874644321;219116706,3,True,"[{""osmid"": ""874644320"", ""present"": true, ""directed_edges"": 15, ""unique_physical_pieces"": 15, ""geometry_length_m"": 1517.5518854343366, ""highways"": [""primary""]}, {""osmid"": ""874644321"", ""present"": true, ""directed_edges"": 1, ""unique_physical_pieces"": 1, ""geometry_length_m"": 251.40680025490752, ""highways"": [""primary""]}, {""osmid"": ""219116706"", ""present"": true, ""directed_edges"": 4, ""unique_physical_pieces"": 4, ""geometry_length_m"": 570.6262725591678, ""highways"": [""primary""]}]",251.7025669308751,1836.7713577385966,7.297388263199667,25,0.2927682568775498,18,19,1,19,3,topologically connected but geometry has multiple parts
153,2,44949024;874594467,2,True,"[{""osmid"": ""44949024"", ""present"": true, ""directed_edges"": 3, ""unique_physical_pieces"": 3, ""geometry_length_m"": 294.8003637090319, ""highways"": [""trunk""]}, {""osmid"": ""874594467"", ""present"": true, ""directed_edges"": 2, ""unique_physical_pieces"": 2, ""geometry_length_m"": 388.9160349654985, ""highways"": [""trunk""]}]",251.21206102536337,433.39275815897963,1.7252068089008774,6,0.11182823257081712,4,5,1,5,2,topologically connected but geometry has multiple parts
154,2,230574618;464845715,2,True,"[{""osmid"": ""230574618"", ""present"": true, ""directed_edges"": 1, ""unique_physical_pieces"": 1, ""geometry_length_m"": 363.34939608073364, ""highways"": [""primary""]}, {""osmid"": ""464845715"", ""present"": true, ""directed_edges"": 3, ""unique_physical_pieces"": 3, ""geometry_length_m"": 643.9148295943573, ""highways"": [""primary""]}]",250.58832229383628,643.9148295943573,2.569612277619673,8,0.11198589365992073,3,4,1,4,2,topologically connected but geometry has multiple parts
163,2,1352928435;368852567,2,True,"[{""osmid"": ""1352928435"", ""present"": true, ""directed_edges"": 2, ""unique_physical_pieces"": 2, ""geometry_length_m"": 340.0322855200716, ""highways"": [""primary""]}, {""osmid"": ""368852567"", ""present"": true, ""directed_edges"": 5, ""unique_physical_pieces"": 5, ""geometry_length_m"": 1267.383212126753, ""highways"": [""primary""]}]",234.8422416669632,1373.6384883174383,5.849196799379202,12,0.5288946530179064,6,7,1,7,2,topologically connected but geometry has multiple parts
197,2,1208785491;1208986526,2,True,"[{""osmid"": ""1208785491"", ""present"": true, ""directed_edges"": 3, ""unique_physical_pieces"": 3, ""geometry_length_m"": 582.1310024608656, ""highways"": [""primary""]}, {""osmid"": ""1208986526"", ""present"": true, ""directed_edges"": 3, ""unique_physical_pieces"": 3, ""geometry_length_m"": 506.7636004075855, ""highways"": [""primary""]}]",206.93196124001668,882.894225211244,4.26659187841549,7,0.004820918596348555,5,6,1,6,2,topologically connected but geometry has multiple parts
198,3,605579942;870242501;870242502,3,True,"[{""osmid"": ""605579942"", ""present"": true, ""directed_edges"": 8, ""unique_physical_pieces"": 8, ""geometry_length_m"": 961.3337844525464, ""highways"": [""trunk""]}, {""osmid"": ""870242501"", ""present"": true, ""directed_edges"": 1, ""unique_physical_pieces"": 1, ""geometry_length_m"": 202.88256137916912, ""highways"": [""trunk""]}, {""osmid"": ""870242502"", ""present"": true, ""directed_edges"": 5, ""unique_physical_pieces"": 5, ""geometry_length_m"": 1356.1790533848468, ""highways"": [""trunk""]}]",203.7659908303777,2114.630276458224,10.37773903211611,15,0.3080491514545025,12,13,1,13,3,topologically connected but geometry has multiple parts
220,3,874644320;872816373;478254536,3,True,"[{""osmid"": ""874644320"", ""present"": true, ""directed_edges"": 15, ""unique_physical_pieces"": 15, ""geometry_length_m"": 1517.5518854343366, ""highways"": [""primary""]}, {""osmid"": ""872816373"", ""present"": true, ""directed_edges"": 1, ""unique_physical_pieces"": 1, ""geometry_length_m"": 187.60461448152387, ""highways"": [""primary""]}, {""osmid"": ""478254536"", ""present"": true, ""directed_edges"": 2, ""unique_physical_pieces"": 2, ""geometry_length_m"": 273.54126219873865, ""highways"": [""primary""]}]",187.94159050330447,1603.4885331515513,8.53184507408624,18,0.0011277288982636375,16,17,1,17,3,topologically connected but geometry has multiple parts
232,2,746487560;658700019,2,True,"[{""osmid"": ""746487560"", ""present"": true, ""directed_edges"": 2, ""unique_physical_pieces"": 2, ""geometry_length_m"": 241.9280235156244, ""highways"": [""primary""]}, {""osmid"": ""658700019"", ""present"": true, ""directed_edges"": 3, ""unique_physical_pieces"": 3, ""geometry_length_m"": 664.5618482285919, ""highways"": [""primary""]}]",179.81871632556832,727.2379214014876,4.044283800162364,11,0.9403344797836896,4,5,1,5,2,topologically connected but geometry has multiple parts
255,3,1393752821;742084229;44947109,3,True,"[{""osmid"": ""1393752821"", ""present"": true, ""directed_edges"": 2, ""unique_physical_pieces"": 2, ""geometry_length_m"": 723.6726244052641, ""highways"": [""trunk""]}, {""osmid"": ""742084229"", ""present"": true, ""directed_edges"": 5, ""unique_physical_pieces"": 5, ""geometry_length_m"": 2492.358467920677, ""highways"": [""trunk""]}, {""osmid"": ""44947109"", ""present"": true, ""directed_edges"": 1, ""unique_physical_pieces"": 1, ""geometry_length_m"": 164.974148193616, ""highways"": [""trunk""]}]",165.30941993060364,3051.056944132325,18.456642975416337,9,0.6563780106834032,6,7,1,7,3,topologically connected but geometry has multiple parts
259,2,1141888415;1392897335,2,True,"[{""osmid"": ""1141888415"", ""present"": true, ""directed_edges"": 1, ""unique_physical_pieces"": 1, ""geometry_length_m"": 163.68089991390445, ""highways"": [""primary""]}, {""osmid"": ""1392897335"", ""present"": true, ""directed_edges"": 1, ""unique_physical_pieces"": 1, ""geometry_length_m"": 163.68089991390445, ""highways"": [""primary""]}]",164.43550182597903,163.68089991390445,0.9954109550328544,4,0.1868449212181451,1,2,1,2,2,topologically connected but geometry has multiple parts
265,3,874459841;874459842;466615091,3,True,"[{""osmid"": ""874459841"", ""present"": true, ""directed_edges"": 1, ""unique_physical_pieces"": 1, ""geometry_length_m"": 160.16850587377658, ""highways"": [""primary""]}, {""osmid"": ""874459842"", ""present"": true, ""directed_edges"": 7, ""unique_physical_pieces"": 7, ""geometry_length_m"": 1019.722651556636, ""highways"": [""primary""]}, {""osmid"": ""466615091"", ""present"": true, ""directed_edges"": 10, ""unique_physical_pieces"": 10, ""geometry_length_m"": 1252.4763532371464, ""highways"": [""primary""]}]",160.7785741574832,2112.030498920006,13.136268373989088,19,0.8146613827216161,16,17,1,17,3,topologically connected but geometry has multiple parts
278,3,219116704;762822062;219116711,3,True,"[{""osmid"": ""219116704"", ""present"": true, ""directed_edges"": 1, ""unique_physical_pieces"": 1, ""geometry_length_m"": 155.54239487609743, ""highways"": [""primary""]}, {""osmid"": ""762822062"", ""present"": true, ""directed_edges"": 1, ""unique_physical_pieces"": 1, ""geometry_length_m"": 155.54239487609743, ""highways"": [""primary""]}, {""osmid"": ""219116711"", ""present"": true, ""directed_edges"": 2, ""unique_physical_pieces"": 2, ""geometry_length_m"": 241.6881809633085, ""highways"": [""primary""]}]",156.26172229881945,241.6881809633085,1.5466883214119957,4,0.22520019923694118,2,3,1,3,3,topologically connected but geometry has multiple parts
279,2,478254522;1013619973,2,True,"[{""osmid"": ""478254522"", ""present"": true, ""directed_edges"": 5, ""unique_physical_pieces"": 5, ""geometry_length_m"": 787.6883688992932, ""highways"": [""secondary""]}, {""osmid"": ""1013619973"", ""present"": true, ""directed_edges"": 1, ""unique_physical_pieces"": 1, ""geometry_length_m"": 156.2880353520153, ""highways"": [""secondary""]}]",156.09773242417683,787.6883688992932,5.04612307089026,6,0.058521778365561154,5,6,1,6,2,topologically connected but geometry has multiple parts
288,3,874459840;40016878;874459839,3,True,"[{""osmid"": ""874459840"", ""present"": true, ""directed_edges"": 13, ""unique_physical_pieces"": 13, ""geometry_length_m"": 1031.6171596803688, ""highways"": [""primary""]}, {""osmid"": ""40016878"", ""present"": true, ""directed_edges"": 11, ""unique_physical_pieces"": 11, ""geometry_length_m"": 1362.436793060552, ""highways"": [""primary""]}, {""osmid"": ""874459839"", ""present"": true, ""directed_edges"": 1, ""unique_physical_pieces"": 1, ""geometry_length_m"": 152.75385340342538, ""highways"": [""primary""]}]",153.32855012754362,2241.3000993374953,14.617630555256081,26,0.13688000875842785,23,24,1,24,3,topologically connected but geometry has multiple parts
297,3,746487576;746487577;879562787,3,True,"[{""osmid"": ""746487576"", ""present"": true, ""directed_edges"": 1, ""unique_physical_pieces"": 1, ""geometry_length_m"": 148.20263620701337, ""highways"": [""secondary""]}, {""osmid"": ""746487577"", ""present"": true, ""directed_edges"": 8, ""unique_physical_pieces"": 8, ""geometry_length_m"": 993.1015644652255, ""highways"": [""secondary""]}, {""osmid"": ""879562787"", ""present"": true, ""directed_edges"": 8, ""unique_physical_pieces"": 8, ""geometry_length_m"": 834.7453514916448, ""highways"": [""secondary""]}]",148.87162109870007,1679.6442797498569,11.282501442207533,18,0.19341928028145736,15,16,1,16,3,topologically connected but geometry has multiple parts
308,3,218505930;218505931;1210086508,3,True,"[{""osmid"": ""218505930"", ""present"": true, ""directed_edges"": 1, ""unique_physical_pieces"": 1, ""geometry_length_m"": 1567.0506046218045, ""highways"": [""trunk""]}, {""osmid"": ""218505931"", ""present"": true, ""directed_edges"": 1, ""unique_physical_pieces"": 1, ""geometry_length_m"": 1567.0506046218045, ""highways"": [""trunk""]}, {""osmid"": ""1210086508"", ""present"": true, ""directed_edges"": 1, ""unique_physical_pieces"": 1, ""geometry_length_m"": 1567.0506046218045, ""highways"": [""trunk""]}]",146.76475240876113,1567.0506046218045,10.677295323998104,25,15.408749747447935,1,2,1,2,3,topologically connected but geometry has multiple parts
311,3,746487578;746487579;879562788,3,True,"[{""osmid"": ""746487578"", ""present"": true, ""directed_edges"": 1, ""unique_physical_pieces"": 1, ""geometry_length_m"": 143.75630099285797, ""highways"": [""secondary""]}, {""osmid"": ""746487579"", ""present"": true, ""directed_edges"": 9, ""unique_physical_pieces"": 9, ""geometry_length_m"": 1296.169606714344, ""highways"": [""secondary""]}, {""osmid"": ""879562788"", ""present"": true, ""directed_edges"": 7, ""unique_physical_pieces"": 7, ""geometry_length_m"": 831.7165889749187, ""highways"": [""secondary""]}]",144.40599390338113,1984.129894696405,13.739941404537145,18,0.05334564261034204,15,16,1,16,3,topologically connected but geometry has multiple parts
323,4,568707032;874594467;1210221828;374402719,4,True,"[{""osmid"": ""568707032"", ""present"": true, ""directed_edges"": 1, ""unique_physical_pieces"": 1, ""geometry_length_m"": 138.59239444994776, ""highways"": [""trunk""]}, {""osmid"": ""874594467"", ""present"": true, ""directed_edges"": 2, ""unique_physical_pieces"": 2, ""geometry_length_m"": 388.9160349654985, ""highways"": [""trunk""]}, {""osmid"": ""1210221828"", ""present"": true, ""directed_edges"": 2, ""unique_physical_pieces"": 2, ""geometry_length_m"": 148.58438125440054, ""highways"": [""trunk""]}, {""osmid"": ""374402719"", ""present"": true, ""directed_edges"": 1, ""unique_physical_pieces"": 1, ""geometry_length_m"": 138.59239444994776, ""highways"": [""trunk""]}]",139.0851430088607,398.9080217699513,2.8680850674650276,6,0.8369369430988017,3,4,1,4,4,topologically connected but geometry has multiple parts
341,2,26754491;876134933,2,True,"[{""osmid"": ""26754491"", ""present"": true, ""directed_edges"": 7, ""unique_physical_pieces"": 7, ""geometry_length_m"": 2203.380084120088, ""highways"": [""secondary""]}, {""osmid"": ""876134933"", ""present"": true, ""directed_edges"": 8, ""unique_physical_pieces"": 8, ""geometry_length_m"": 744.9722300237528, ""highways"": [""secondary""]}]",131.27828741015398,2817.054529403546,21.458647770154073,15,0.06490471013629262,14,15,1,15,2,topologically connected but geometry has multiple parts
366,2,464097499;456959534,2,True,"[{""osmid"": ""464097499"", ""present"": true, ""directed_edges"": 1, ""unique_physical_pieces"": 1, ""geometry_length_m"": 125.02622597471824, ""highways"": [""secondary""]}, {""osmid"": ""456959534"", ""present"": true, ""directed_edges"": 3, ""unique_physical_pieces"": 3, ""geometry_length_m"": 261.2252562282979, ""highways"": [""secondary""]}]",124.96936131413244,261.2252562282979,2.090314405717913,5,0.41392375171780565,3,4,1,4,2,topologically connected but geometry has multiple parts
393,2,875146659;1352928436,2,True,"[{""osmid"": ""875146659"", ""present"": true, ""directed_edges"": 2, ""unique_physical_pieces"": 2, ""geometry_length_m"": 982.7016931378336, ""highways"": [""primary""]}, {""osmid"": ""1352928436"", ""present"": true, ""directed_edges"": 1, ""unique_physical_pieces"": 1, ""geometry_length_m"": 117.22131861899393, ""highways"": [""primary""]}]",117.0835209067391,982.7016931378336,8.393168274471247,8,0.28502970727291793,2,3,1,3,2,topologically connected but geometry has multiple parts
398,3,1209004194;466600301;170090974,3,True,"[{""osmid"": ""1209004194"", ""present"": true, ""directed_edges"": 2, ""unique_physical_pieces"": 2, ""geometry_length_m"": 119.06369650693831, ""highways"": [""primary""]}, {""osmid"": ""466600301"", ""present"": true, ""directed_edges"": 1, ""unique_physical_pieces"": 1, ""geometry_length_m"": 115.31587164527045, ""highways"": [""primary""]}, {""osmid"": ""170090974"", ""present"": true, ""directed_edges"": 2, ""unique_physical_pieces"": 2, ""geometry_length_m"": 372.82437074712493, ""highways"": [""primary""]}]",115.37873694307146,376.5721956087928,3.2637919740324053,6,0.16927620671244928,3,4,1,4,3,topologically connected but geometry has multiple parts
406,4,279088748;456959531;1208986540;264753949,4,True,"[{""osmid"": ""279088748"", ""present"": true, ""directed_edges"": 12, ""unique_physical_pieces"": 12, ""geometry_length_m"": 912.7934682412829, ""highways"": [""secondary""]}, {""osmid"": ""456959531"", ""present"": true, ""directed_edges"": 1, ""unique_physical_pieces"": 1, ""geometry_length_m"": 113.24731748446149, ""highways"": [""secondary""]}, {""osmid"": ""1208986540"", ""present"": true, ""directed_edges"": 1, ""unique_physical_pieces"": 1, ""geometry_length_m"": 113.24731748446149, ""highways"": [""secondary""]}, {""osmid"": ""264753949"", ""present"": true, ""directed_edges"": 12, ""unique_physical_pieces"": 12, ""geometry_length_m"": 1154.8165883721804, ""highways"": [""secondary""]}]",113.67030006572054,1954.362739129002,17.193257499971864,29,1.0521391472893618,23,24,1,24,4,topologically connected but geometry has multiple parts
432,2,219116708;478371821,2,True,"[{""osmid"": ""219116708"", ""present"": true, ""directed_edges"": 1, ""unique_physical_pieces"": 1, ""geometry_length_m"": 103.9820205755039, ""highways"": [""primary""]}, {""osmid"": ""478371821"", ""present"": true, ""directed_edges"": 11, ""unique_physical_pieces"": 11, ""geometry_length_m"": 1343.3453532286426, ""highways"": [""primary""]}]",104.18472459641404,1343.3453532286426,12.893880157887171,12,0.0006708689071292324,11,12,1,12,2,topologically connected but geometry has multiple parts
434,2,1238285688;1238285689,2,True,"[{""osmid"": ""1238285688"", ""present"": true, ""directed_edges"": 5, ""unique_physical_pieces"": 5, ""geometry_length_m"": 958.1419680559477, ""highways"": [""secondary""]}, {""osmid"": ""1238285689"", ""present"": true, ""directed_edges"": 3, ""unique_physical_pieces"": 3, ""geometry_length_m"": 348.8000379178088, ""highways"": [""secondary""]}]",103.30459683906756,1203.5797412208733,11.650785909322726,9,0.299818115661765,7,8,1,8,2,topologically connected but geometry has multiple parts
441,3,1210277736;870242503;870242504,3,True,"[{""osmid"": ""1210277736"", ""present"": true, ""directed_edges"": 4, ""unique_physical_pieces"": 4, ""geometry_length_m"": 1841.5532199164138, ""highways"": [""trunk""]}, {""osmid"": ""870242503"", ""present"": true, ""directed_edges"": 7, ""unique_physical_pieces"": 7, ""geometry_length_m"": 1509.2102409497347, ""highways"": [""trunk""]}, {""osmid"": ""870242504"", ""present"": true, ""directed_edges"": 1, ""unique_physical_pieces"": 1, ""geometry_length_m"": 101.15997835940695, ""highways"": [""trunk""]}]",101.59319729986645,3249.6034825067413,31.986427919136013,12,0.023806152245818543,10,11,1,11,3,topologically connected but geometry has multiple parts
446,3,875004051;869974598;1427941135,3,True,"[{""osmid"": ""875004051"", ""present"": true, ""directed_edges"": 6, ""unique_physical_pieces"": 3, ""geometry_length_m"": 132.99999336844633, ""highways"": [""secondary""]}, {""osmid"": ""869974598"", ""present"": true, ""directed_edges"": 2, ""unique_physical_pieces"": 1, ""geometry_length_m"": 100.56416608111735, ""highways"": [""secondary""]}, {""osmid"": ""1427941135"", ""present"": true, ""directed_edges"": 2, ""unique_physical_pieces"": 1, ""geometry_length_m"": 100.56416608111735, ""highways"": [""secondary""]}]",100.47138019138104,132.99999336844633,1.3237599913040285,6,2.768579485151455,6,4,1,4,3,topologically connected but geometry has multiple parts
447,3,875004051;869974598;1427941135,3,True,"[{""osmid"": ""875004051"", ""present"": true, ""directed_edges"": 6, ""unique_physical_pieces"": 3, ""geometry_length_m"": 132.99999336844633, ""highways"": [""secondary""]}, {""osmid"": ""869974598"", ""present"": true, ""directed_edges"": 2, ""unique_physical_pieces"": 1, ""geometry_length_m"": 100.56416608111735, ""highways"": [""secondary""]}, {""osmid"": ""1427941135"", ""present"": true, ""directed_edges"": 2, ""unique_physical_pieces"": 1, ""geometry_length_m"": 100.56416608111735, ""highways"": [""secondary""]}]",100.47138019138102,132.99999336844633,1.323759991304029,6,2.768579485151455,6,4,1,4,3,topologically connected but geometry has multiple parts
454,3,1210277737;873398450;873398461,3,True,"[{""osmid"": ""1210277737"", ""present"": true, ""directed_edges"": 2, ""unique_physical_pieces"": 2, ""geometry_length_m"": 456.712708171076, ""highways"": [""trunk""]}, {""osmid"": ""873398450"", ""present"": true, ""directed_edges"": 1, ""unique_physical_pieces"": 1, ""geometry_length_m"": 97.81837538494955, ""highways"": [""trunk""]}, {""osmid"": ""873398461"", ""present"": true, ""directed_edges"": 1, ""unique_physical_pieces"": 1, ""geometry_length_m"": 97.81837538494955, ""highways"": [""trunk""]}]",98.26633451988994,456.712708171076,4.6477026990218455,5,0.18076666462604501,2,3,1,3,3,topologically connected but geometry has multiple parts
476,2,1209433720;44949028,2,True,"[{""osmid"": ""1209433720"", ""present"": true, ""directed_edges"": 1, ""unique_physical_pieces"": 1, ""geometry_length_m"": 93.78480050089453, ""highways"": [""primary""]}, {""osmid"": ""44949028"", ""present"": true, ""directed_edges"": 1, ""unique_physical_pieces"": 1, ""geometry_length_m"": 93.78480050089453, ""highways"": [""primary""]}]",94.20338760425746,93.78480050089453,0.9955565599708432,7,1.1653559143683703,1,2,1,2,2,topologically connected but geometry has multiple parts
536,3,880027168;880027169;1069546779,3,True,"[{""osmid"": ""880027168"", ""present"": true, ""directed_edges"": 2, ""unique_physical_pieces"": 1, ""geometry_length_m"": 84.78049802037891, ""highways"": [""secondary""]}, {""osmid"": ""880027169"", ""present"": true, ""directed_edges"": 8, ""unique_physical_pieces"": 4, ""geometry_length_m"": 220.58918447843018, ""highways"": [""secondary""]}, {""osmid"": ""1069546779"", ""present"": true, ""directed_edges"": 22, ""unique_physical_pieces"": 11, ""geometry_length_m"": 708.4520429770272, ""highways"": [""secondary""]}]",85.16343097937141,844.2607294350785,9.9134184676,16,0.1838624773162462,28,15,1,15,3,topologically connected but geometry has multiple parts
537,3,880027168;880027169;1069546779,3,True,"[{""osmid"": ""880027168"", ""present"": true, ""directed_edges"": 2, ""unique_physical_pieces"": 1, ""geometry_length_m"": 84.78049802037891, ""highways"": [""secondary""]}, {""osmid"": ""880027169"", ""present"": true, ""directed_edges"": 8, ""unique_physical_pieces"": 4, ""geometry_length_m"": 220.58918447843018, ""highways"": [""secondary""]}, {""osmid"": ""1069546779"", ""present"": true, ""directed_edges"": 22, ""unique_physical_pieces"": 11, ""geometry_length_m"": 708.4520429770272, ""highways"": [""secondary""]}]",85.16343097937141,844.2607294350785,9.9134184676,16,0.18386247586255924,28,15,1,15,3,topologically connected but geometry has multiple parts
543,3,1210211832;762822066;478257595,3,True,"[{""osmid"": ""1210211832"", ""present"": true, ""directed_edges"": 3, ""unique_physical_pieces"": 3, ""geometry_length_m"": 175.96178310154806, ""highways"": [""primary""]}, {""osmid"": ""762822066"", ""present"": true, ""directed_edges"": 1, ""unique_physical_pieces"": 1, ""geometry_length_m"": 83.84348102807174, ""highways"": [""primary""]}, {""osmid"": ""478257595"", ""present"": true, ""directed_edges"": 2, ""unique_physical_pieces"": 2, ""geometry_length_m"": 148.5732413166681, ""highways"": [""primary""]}]",84.23108841846901,240.69154339014443,2.85751434428062,6,0.046323336143058745,4,5,1,5,3,topologically connected but geometry has multiple parts
547,2,196857002;1393752820,2,True,"[{""osmid"": ""196857002"", ""present"": true, ""directed_edges"": 2, ""unique_physical_pieces"": 2, ""geometry_length_m"": 676.0280690530503, ""highways"": [""trunk""]}, {""osmid"": ""1393752820"", ""present"": true, ""directed_edges"": 1, ""unique_physical_pieces"": 1, ""geometry_length_m"": 83.93282950266178, ""highways"": [""trunk""]}]",83.94662586537927,676.0280690530503,8.05307017505576,4,1.3300553504831918,2,3,1,3,2,topologically connected but geometry has multiple parts
549,2,1141889032;1141889036,2,True,"[{""osmid"": ""1141889032"", ""present"": true, ""directed_edges"": 6, ""unique_physical_pieces"": 6, ""geometry_length_m"": 426.2175510630049, ""highways"": [""primary""]}, {""osmid"": ""1141889036"", ""present"": true, ""directed_edges"": 14, ""unique_physical_pieces"": 14, ""geometry_length_m"": 1210.5517918520952, ""highways"": [""primary""]}]",83.41449494471067,1553.7387899964133,18.626724180566846,20,0.16712154662586842,19,20,1,20,2,topologically connected but geometry has multiple parts
575,2,218508846;1069546782,2,True,"[{""osmid"": ""218508846"", ""present"": true, ""directed_edges"": 2, ""unique_physical_pieces"": 2, ""geometry_length_m"": 94.47140356736985, ""highways"": [""secondary""]}, {""osmid"": ""1069546782"", ""present"": true, ""directed_edges"": 1, ""unique_physical_pieces"": 1, ""geometry_length_m"": 78.26986054804564, ""highways"": [""secondary""]}]",78.61152759130555,94.47140356736985,1.2017500036192963,4,0.08333405923701633,2,3,1,3,2,topologically connected but geometry has multiple parts
631,2,464097500;456959532,2,True,"[{""osmid"": ""464097500"", ""present"": true, ""directed_edges"": 3, ""unique_physical_pieces"": 3, ""geometry_length_m"": 237.8836117972769, ""highways"": [""secondary""]}, {""osmid"": ""456959532"", ""present"": true, ""directed_edges"": 2, ""unique_physical_pieces"": 2, ""geometry_length_m"": 93.79180491713052, ""highways"": [""secondary""]}]",69.62521597412191,262.0088890148198,3.7631321547670664,10,3.435741504738522,4,5,1,5,2,topologically connected but geometry has multiple parts
676,2,1209433725;1249542286,2,True,"[{""osmid"": ""1209433725"", ""present"": true, ""directed_edges"": 2, ""unique_physical_pieces"": 2, ""geometry_length_m"": 352.93288512866263, ""highways"": [""primary""]}, {""osmid"": ""1249542286"", ""present"": true, ""directed_edges"": 1, ""unique_physical_pieces"": 1, ""geometry_length_m"": 64.0114523934886, ""highways"": [""primary""]}]",64.306059850183,352.93288512866263,5.4883301192905884,3,0.0003988509554718658,2,3,1,3,2,topologically connected but geometry has multiple parts
681,2,1208986537;1208986538,2,True,"[{""osmid"": ""1208986537"", ""present"": true, ""directed_edges"": 1, ""unique_physical_pieces"": 1, ""geometry_length_m"": 66.0243427914595, ""highways"": [""secondary""]}, {""osmid"": ""1208986538"", ""present"": true, ""directed_edges"": 1, ""unique_physical_pieces"": 1, ""geometry_length_m"": 66.0243427914595, ""highways"": [""secondary""]}]",63.40995936736333,66.0243427914595,1.0412298549026004,4,0.17949203598587193,1,2,1,2,2,topologically connected but geometry has multiple parts
