od_id,origin,destination,status,route_distance_m,route_edges,directed_dynamic_edges,directed_dynamic_coverage_pct,physical_dynamic_edges,physical_dynamic_coverage_pct
1,293463350,11076327936,valid,7595.035756099924,84,15,17.857142857142858,16,19.047619047619047
2,6944303195,8099710613,valid,7552.999904294437,91,3,3.2967032967032965,3,3.2967032967032965
3,3726951239,12625681059,valid,6913.645488163412,90,2,2.2222222222222223,2,2.2222222222222223
4,3707668105,3471492637,valid,6282.19197935025,80,10,12.5,10,12.5
5,8166899537,3725679014,valid,6653.033269527185,80,14,17.5,14,17.5
6,8081219897,3707668990,valid,6422.638145981023,65,0,0.0,0,0.0
7,293460007,3713298529,valid,4450.596486931065,61,1,1.639344262295082,1,1.639344262295082
8,13546428555,4711093297,valid,5715.8979130712705,45,1,2.2222222222222223,2,4.444444444444445
9,3704352474,3725657039,valid,6684.01065285637,32,5,15.625,5,15.625
10,3719620345,4594125086,valid,8558.500602754984,68,20,29.41176470588235,20,29.41176470588235
11,8156905121,8164124177,valid,5443.157679053501,34,12,35.294117647058826,12,35.294117647058826
12,3725591543,293462269,valid,7668.198713112283,54,9,16.666666666666668,9,16.666666666666668
13,4719689723,3707668951,valid,10435.684634143785,134,21,15.671641791044776,22,16.417910447761194
14,3726941177,3725708189,valid,2763.294508742769,30,0,0.0,0,0.0
15,7127983708,293457534,valid,8576.600721706245,46,17,36.95652173913044,17,36.95652173913044
16,8156701033,3725560539,valid,3754.424251441655,34,7,20.58823529411765,7,20.58823529411765
17,3716311614,4714962004,valid,2408.329492449368,46,0,0.0,0,0.0
18,8124171412,8124342945,valid,7610.2129097741945,109,1,0.9174311926605505,1,0.9174311926605505
19,8064786419,8127692857,valid,13759.153136386285,142,7,4.929577464788732,7,4.929577464788732
20,3722327127,8107977719,valid,8677.482364127758,108,2,1.8518518518518519,2,1.8518518518518519
21,293453997,3725656889,valid,6324.704490915449,67,21,31.34328358208955,23,34.32835820895522
22,3727012983,8156993176,valid,6861.596621267215,69,26,37.68115942028985,26,37.68115942028985
23,8127682901,8141472973,valid,4974.930753661011,48,13,27.083333333333332,13,27.083333333333332
24,9602764154,3717839462,valid,16193.661725993488,174,38,21.839080459770116,38,21.839080459770116
25,4801496588,8065116887,valid,13494.024316757112,157,34,21.656050955414013,36,22.929936305732483
26,8140555805,8156720122,valid,4968.318746798556,49,1,2.0408163265306123,1,2.0408163265306123
27,3724390330,3718134061,valid,7002.522592390591,68,3,4.411764705882353,3,4.411764705882353
28,2443937303,4963425289,valid,10002.069370774203,110,1,0.9090909090909091,1,0.9090909090909091
29,8145856974,8107218797,valid,8984.868554745552,74,11,14.864864864864865,11,14.864864864864865
30,3718134561,3714708546,valid,4224.79308067969,46,5,10.869565217391305,7,15.217391304347826
31,8156993028,4714694214,valid,6070.800290682411,53,17,32.075471698113205,17,32.075471698113205
32,4713021915,6947583279,valid,6459.370535085743,94,0,0.0,0,0.0
33,2365770087,8141510429,valid,13722.330837972904,72,10,13.88888888888889,10,13.88888888888889
34,8105661610,293459945,valid,8325.96235740514,59,5,8.474576271186441,5,8.474576271186441
35,3706277217,293458840,valid,8129.51130741483,99,7,7.070707070707071,7,7.070707070707071
36,8141292372,4963426146,valid,9059.900011685144,102,17,16.666666666666668,17,16.666666666666668
37,11330524833,4714707458,valid,5744.487488212735,77,4,5.194805194805195,4,5.194805194805195
38,8141472806,8138116071,valid,15576.089083401237,170,26,15.294117647058824,26,15.294117647058824
39,3717989664,3713298783,valid,4098.100318673858,46,3,6.521739130434782,3,6.521739130434782
40,8145857121,2443937178,valid,17016.871924551262,118,13,11.016949152542374,13,11.016949152542374
41,3702605860,8064752040,valid,10894.936491638638,107,34,31.77570093457944,36,33.64485981308411
42,4720111182,12025693388,valid,5765.437212497642,66,16,24.242424242424242,16,24.242424242424242
43,4613662851,3707669758,valid,7253.302262956984,75,0,0.0,0,0.0
44,3722532407,8105865190,valid,7630.265862544174,99,5,5.05050505050505,5,5.05050505050505
45,8065246246,293457070,valid,8879.074138520726,88,2,2.272727272727273,3,3.409090909090909
46,8141472984,293464671,valid,9718.90418499548,109,57,52.293577981651374,57,52.293577981651374
47,3716311663,8064786406,valid,10488.588110835426,111,18,16.216216216216218,18,16.216216216216218
48,9798857327,3725789811,valid,3938.886187584984,54,11,20.37037037037037,11,20.37037037037037
49,3725675713,8151508497,valid,11544.300010624404,105,31,29.523809523809526,31,29.523809523809526
50,4963448515,3717990056,valid,9957.609291574874,100,24,24.0,24,24.0
51,8065116895,3725763690,valid,12067.78573478461,133,0,0.0,0,0.0
52,5875519755,8156557731,valid,15225.505956945106,61,12,19.672131147540984,12,19.672131147540984
53,8151416231,8153604998,valid,10498.64339886361,88,11,12.5,11,12.5
54,3714914413,3718134089,valid,4736.884512263258,62,6,9.67741935483871,7,11.290322580645162
55,293458831,3725678777,valid,7648.411110011097,83,13,15.662650602409638,13,15.662650602409638
56,8106006717,293465572,valid,5259.200406749457,72,5,6.944444444444445,9,12.5
57,8141440929,3704352537,valid,10161.848550020377,124,2,1.6129032258064515,2,1.6129032258064515
58,8138039951,3706277581,valid,7889.90796900886,83,5,6.024096385542169,5,6.024096385542169
59,3706276814,4712863023,valid,3336.291509802438,39,0,0.0,0,0.0
60,8151376528,293456154,valid,7573.43531151427,93,2,2.150537634408602,2,2.150537634408602
61,6947172137,9751950769,valid,13724.466922148236,155,39,25.161290322580644,39,25.161290322580644
62,3716311349,3707660917,valid,12078.527121901418,174,25,14.367816091954023,29,16.666666666666668
63,8064523801,3707668056,valid,7187.4189615362575,80,0,0.0,0,0.0
64,3714708555,8105906889,valid,6323.644590608974,68,18,26.470588235294116,21,30.88235294117647
65,2955360423,3724245682,valid,6471.894829034168,50,0,0.0,0,0.0
66,4613662854,4594081391,valid,4971.41310325334,57,2,3.508771929824561,2,3.508771929824561
67,3725763514,8141440992,valid,11374.123105191853,128,0,0.0,0,0.0
68,2897009900,3714709097,valid,10411.475513054107,115,2,1.7391304347826086,3,2.608695652173913
69,3713298811,3724450521,valid,6536.685488454637,81,6,7.407407407407407,6,7.407407407407407
70,3707668053,3725827464,valid,11433.452483377441,68,12,17.647058823529413,12,17.647058823529413
71,2833450832,3714912872,valid,5153.678999570808,48,28,58.333333333333336,28,58.333333333333336
72,4615575295,3714705884,valid,7436.008167484174,65,7,10.76923076923077,8,12.307692307692308
73,6965370232,3714706536,valid,15088.428713244524,122,56,45.90163934426229,56,45.90163934426229
74,3716311847,2443921806,valid,9698.354578544597,105,16,15.238095238095237,16,15.238095238095237
75,8156607136,8100516181,valid,11617.496237638357,121,29,23.96694214876033,29,23.96694214876033
76,3725561600,3724390390,valid,11426.792360591757,133,4,3.007518796992481,4,3.007518796992481
77,3725791475,3719620770,valid,12955.7034333145,134,11,8.208955223880597,11,8.208955223880597
78,3718265573,3711679286,valid,6053.392166026724,88,3,3.409090909090909,3,3.409090909090909
79,3725788981,10536979198,valid,7164.682254331433,48,4,8.333333333333334,4,8.333333333333334
80,8153912125,3726941771,valid,5726.530886116237,53,7,13.20754716981132,9,16.9811320754717
81,293462232,2583312066,valid,6370.0402152891875,70,8,11.428571428571429,8,11.428571428571429
82,8151563204,8142088089,valid,8761.754407881455,83,47,56.626506024096386,47,56.626506024096386
83,3714898564,3725677970,valid,12510.622850321772,134,19,14.17910447761194,19,14.17910447761194
84,8106128001,3471492598,valid,10426.196598220862,119,13,10.92436974789916,13,10.92436974789916
85,3724245736,3724128294,valid,5523.022391451717,67,0,0.0,0,0.0
86,3714709089,8123911042,valid,7283.32429198252,95,10,10.526315789473685,10,10.526315789473685
87,3717989756,3725677921,valid,11922.584996011918,155,18,11.612903225806452,18,11.612903225806452
88,8156567134,293465735,valid,8540.536141605495,95,25,26.31578947368421,25,26.31578947368421
89,3711679041,3725678988,valid,13425.36394232481,172,7,4.069767441860465,7,4.069767441860465
90,8151508483,8145857213,valid,9688.327199127816,105,6,5.714285714285714,6,5.714285714285714
91,4594102492,11202074656,valid,5262.3829521509915,61,12,19.672131147540984,12,19.672131147540984
92,13944954122,6985772720,valid,10419.5259457799,98,9,9.183673469387756,9,9.183673469387756
93,3714705815,8074385344,valid,11677.843951940222,134,24,17.91044776119403,26,19.402985074626866
94,3725789422,8141628265,valid,14956.739481037708,127,60,47.24409448818898,60,47.24409448818898
95,4713176930,4720203927,valid,9798.82192217648,105,18,17.142857142857142,19,18.095238095238095
96,3706276884,4719777984,valid,12463.303690565943,121,8,6.6115702479338845,8,6.6115702479338845
97,4714868404,3717839592,valid,4512.048956213717,48,0,0.0,0,0.0
98,11201583287,8107598677,valid,3212.6302817030387,37,0,0.0,0,0.0
99,8144987775,3722326170,valid,3805.0122465469035,39,0,0.0,0,0.0
100,8141648901,5411435115,valid,13218.66421355157,87,8,9.195402298850574,8,9.195402298850574
