OD_pair,Strategy,Travel_Time_Seconds,Travel_Time_Minutes,Distance_km,Compute_Latency_ms,Reroute_Count
OD_01 (3725790218 -> 12587174981),Static Baseline,1403.909231444337,23.398487190738948,11.70664980516464,67.93090000428492,0
OD_01 (3725790218 -> 12587174981),Predictive Pre-Planned,1428.5247919313736,23.80874653218956,12.40694125670542,102.00690000056056,0
OD_01 (3725790218 -> 12587174981),Dynamic Edge-Rerouting,1428.5247919313736,23.80874653218956,12.40694125670542,71.59620000311406,0
OD_02 (1812432242 -> 8081162632),Static Baseline,933.5474444468466,15.559124074114111,8.598394255673826,91.76650000154041,0
OD_02 (1812432242 -> 8081162632),Predictive Pre-Planned,933.5474444468466,15.559124074114111,8.598394255673826,79.47620000049938,0
OD_02 (1812432242 -> 8081162632),Dynamic Edge-Rerouting,933.5474444468466,15.559124074114111,8.598394255673826,72.91609999811044,0
OD_03 (8065163006 -> 4714739238),Static Baseline,754.8833833453789,12.581389722422982,8.489300621039686,24.48000000003958,0
OD_03 (8065163006 -> 4714739238),Predictive Pre-Planned,753.1442247409293,12.552403745682154,8.462079001394844,25.26229999784846,0
OD_03 (8065163006 -> 4714739238),Dynamic Edge-Rerouting,753.1442247409293,12.552403745682154,8.462079001394844,27.960500003246125,0
OD_04 (7242922177 -> 8151388009),Static Baseline,647.8215709141039,10.797026181901732,6.753798560783253,22.262300000875257,0
OD_04 (7242922177 -> 8151388009),Predictive Pre-Planned,647.8215709141039,10.797026181901732,6.753798560783253,26.399400005175266,0
OD_04 (7242922177 -> 8151388009),Dynamic Edge-Rerouting,647.8215709141039,10.797026181901732,6.753798560783253,26.390300001366995,0
OD_05 (3714913813 -> 2507999955),Static Baseline,1283.9663825493951,21.399439709156585,10.761511052820905,63.37399999756599,0
OD_05 (3714913813 -> 2507999955),Predictive Pre-Planned,1247.4750859766987,20.79125143294498,10.804424958562377,58.65130000165664,0
OD_05 (3714913813 -> 2507999955),Dynamic Edge-Rerouting,1247.4750859766987,20.79125143294498,10.804424958562377,62.003500002902,0
OD_06 (3725777505 -> 4714694196),Static Baseline,785.0823763602909,13.084706272671516,6.9954786371630515,35.92940000089584,0
OD_06 (3725777505 -> 4714694196),Predictive Pre-Planned,780.6604443040335,13.011007405067225,7.028816845721118,35.610600003565196,0
OD_06 (3725777505 -> 4714694196),Dynamic Edge-Rerouting,780.6604443040335,13.011007405067225,7.028816845721118,33.31079999770736,0
OD_07 (8105906836 -> 3719620764),Static Baseline,662.8954181793242,11.048256969655403,6.44298877547877,25.345499998365995,0
OD_07 (8105906836 -> 3719620764),Predictive Pre-Planned,662.8954181793242,11.048256969655403,6.44298877547877,32.030499998654705,0
OD_07 (8105906836 -> 3719620764),Dynamic Edge-Rerouting,662.8954181793242,11.048256969655403,6.44298877547877,33.263700002862606,0
OD_08 (8124171319 -> 3724418872),Static Baseline,1145.7948525289582,19.096580875482637,14.162248293325156,68.66250000166474,0
OD_08 (8124171319 -> 3724418872),Predictive Pre-Planned,1145.7948525289582,19.096580875482637,14.162248293325156,63.836500004981644,0
OD_08 (8124171319 -> 3724418872),Dynamic Edge-Rerouting,1145.7948525289582,19.096580875482637,14.162248293325156,74.92169999750331,0
OD_09 (8153731055 -> 8096124279),Static Baseline,909.8897534091884,15.164829223486473,8.247186723153995,77.49219999823254,0
OD_09 (8153731055 -> 8096124279),Predictive Pre-Planned,909.8897534091884,15.164829223486473,8.247186723153995,63.29669999831822,0
OD_09 (8153731055 -> 8096124279),Dynamic Edge-Rerouting,909.8897534091884,15.164829223486473,8.247186723153995,79.96270000148797,0
OD_10 (3725678681 -> 8065246246),Static Baseline,1219.863860589392,20.331064343156534,12.492813149200947,56.02220000582747,0
OD_10 (3725678681 -> 8065246246),Predictive Pre-Planned,1215.4419285331342,20.257365475552238,12.52615135775901,53.20509999728529,0
OD_10 (3725678681 -> 8065246246),Dynamic Edge-Rerouting,1215.4419285331342,20.257365475552238,12.52615135775901,57.79880000045523,0
OD_11 (3716311315 -> 4594104820),Static Baseline,1234.554502424369,20.575908373739484,10.918266199120374,57.39150000590598,0
OD_11 (3716311315 -> 4594104820),Predictive Pre-Planned,1217.9497845406163,20.299163075676937,10.984268984684096,75.641600000381,0
OD_11 (3716311315 -> 4594104820),Dynamic Edge-Rerouting,1217.9497845406163,20.299163075676937,10.984268984684096,83.65339999727439,0
OD_12 (8156720368 -> 3719620468),Static Baseline,989.1124422199135,16.485207370331892,7.735567492185997,52.750300004845485,0
OD_12 (8156720368 -> 3719620468),Predictive Pre-Planned,975.1061475395907,16.251769125659845,7.761181075065674,50.655799997912254,0
OD_12 (8156720368 -> 3719620468),Dynamic Edge-Rerouting,975.1061475395907,16.251769125659845,7.761181075065674,47.28369999793358,0
OD_13 (3714912872 -> 3724244997),Static Baseline,1331.1141658605802,22.185236097676338,11.099662248671955,64.1438999955426,0
OD_13 (3714912872 -> 3724244997),Predictive Pre-Planned,1331.1141658605802,22.185236097676338,11.099662248671955,63.88090000109514,0
OD_13 (3714912872 -> 3724244997),Dynamic Edge-Rerouting,1331.1141658605802,22.185236097676338,11.099662248671955,72.60119999409653,0
OD_14 (9717246530 -> 3726941944),Static Baseline,1303.4828884067,21.724714806778334,12.363224867859559,101.75870000239229,0
OD_14 (9717246530 -> 3726941944),Predictive Pre-Planned,1297.6416313781208,21.62736052296868,12.013288058081537,96.30789999937406,0
OD_14 (9717246530 -> 3726941944),Dynamic Edge-Rerouting,1297.6416313781208,21.62736052296868,12.013288058081537,88.36400000291178,0
OD_15 (8145504199 -> 8141649013),Static Baseline,863.0503227155602,14.384172045259337,8.001741487411154,14.781999998376705,0
OD_15 (8145504199 -> 8141649013),Predictive Pre-Planned,863.0503227155602,14.384172045259337,8.001741487411154,17.478800000390038,0
OD_15 (8145504199 -> 8141649013),Dynamic Edge-Rerouting,863.0503227155602,14.384172045259337,8.001741487411154,23.12779999920167,0
OD_16 (3717989834 -> 8156567157),Static Baseline,1119.5124959691009,18.658541599485016,10.53725993174034,68.13490000058664,0
OD_16 (3717989834 -> 8156567157),Predictive Pre-Planned,1114.693378633328,18.578222977222133,10.560801973462029,69.68449999840232,0
OD_16 (3717989834 -> 8156567157),Dynamic Edge-Rerouting,1114.693378633328,18.578222977222133,10.560801973462029,69.54289999703178,0
OD_17 (3714914330 -> 8138116101),Static Baseline,1328.3910815451775,22.13985135908629,12.743136889412659,71.77399999636691,0
OD_17 (3714914330 -> 8138116101),Predictive Pre-Planned,1328.3910815451775,22.13985135908629,12.743136889412659,75.92789999762317,0
OD_17 (3714914330 -> 8138116101),Dynamic Edge-Rerouting,1328.3910815451775,22.13985135908629,12.743136889412659,85.36199999798555,0
OD_18 (8145244216 -> 4719778217),Static Baseline,839.7422404600732,13.995704007667886,8.239211851658514,39.09359999670414,0
OD_18 (8145244216 -> 4719778217),Predictive Pre-Planned,777.1768552899042,12.95294758816507,7.3895316439937115,33.0035000006319,0
OD_18 (8145244216 -> 4719778217),Dynamic Edge-Rerouting,777.1768552899042,12.95294758816507,7.3895316439937115,30.280899998615496,0
OD_19 (3714705786 -> 7239633104),Static Baseline,953.5568511085643,15.892614185142738,9.357471986522944,41.26259999611648,0
OD_19 (3714705786 -> 7239633104),Predictive Pre-Planned,953.5568511085643,15.892614185142738,9.357471986522944,57.35170000116341,0
OD_19 (3714705786 -> 7239633104),Dynamic Edge-Rerouting,953.5568511085643,15.892614185142738,9.357471986522944,49.14519999874756,0
OD_20 (3724449947 -> 3725763715),Static Baseline,848.580351070587,14.143005851176449,7.625806016844805,41.44399999495363,0
OD_20 (3724449947 -> 3725763715),Predictive Pre-Planned,871.1325446195741,14.518875743659569,7.92961281964551,41.541300000972115,0
OD_20 (3724449947 -> 3725763715),Dynamic Edge-Rerouting,871.1325446195741,14.518875743659569,7.92961281964551,47.51170000236016,0
