segment_id,matched,dataset_length_m,osm_length_m,length_error_m,length_error_pct,coordinate_distance_m,dataset_road_type,osm_road_type,matched_osmid
0,True,3016.9979383186064,3016.9979383186064,0.0,0.0,1490.1035358757163,trunk,trunk,"1209033472,280421140,1317533102"
1,True,2971.283590979436,2971.283590979436,0.0,0.0,1478.8523766016483,trunk,trunk,"44948707,1317533101,1317533103"
2,True,2001.0510399446507,2001.0510399446507,0.0,0.0,1000.1864149164518,trunk,trunk,"279958946,1317535730,1209009343"
3,True,1989.572233152408,1989.5722331524078,2.2737367544323206e-13,1.1428269436740498e-14,990.8517412861697,trunk,trunk,"26755549,1317535729,1209009372,218526245"
4,True,1656.7999817793127,1656.7999817793127,0.0,0.0,819.9293492715857,trunk,trunk,873398460
5,True,1588.023179665442,410.6826044863959,1177.340575179046,74.13875252293755,749.2109868020251,trunk,trunk,"742084225,742084226,44947113"
6,True,1505.9062740619322,1505.9062740619322,0.0,0.0,752.0285679496774,trunk,trunk,"44948644,1203900681,1194664843,1194664844,1317520819"
7,True,1483.6343357813123,167.4211338703478,1316.2132019109645,88.7154718765537,741.1085853948116,trunk,trunk,"1203900682,1209038916,1194663758"
8,True,1452.9773308428084,1656.7999817793127,203.82265093650426,14.027930554035256,705.4520891669699,trunk,trunk,873398460
9,True,1393.69952816302,1393.69952816302,0.0,0.0,688.6944206317582,trunk,trunk,1210277736
10,True,1392.132772228004,1392.1327722280041,2.2737367544323206e-13,1.6332757907806278e-14,695.8571487295806,trunk,trunk,"1203900681,218526250,218526251,280421141"
11,True,1384.3006303268353,1567.6704669611318,183.36983663429646,13.246388292910233,805.5859673656814,trunk,trunk,"879568355,879568356,325359753,26755786,1209009371"
12,True,1317.3339434844804,745.0016873605796,572.3322561239008,43.44625438026933,652.0477804679617,trunk,trunk,742084228
13,True,1308.4312809218004,1308.4312809218004,0.0,0.0,631.3540415532594,trunk,trunk,"879568354,879568357,573401034,325359754,874464058"
14,True,1277.1611518246043,353.6750166874374,923.4861351371669,72.30772199873424,635.1962686708381,trunk,trunk,478811049
15,True,1222.1475264366486,1222.1475264366486,0.0,0.0,611.3759190542755,trunk,trunk,"218526248,26755741,218526246"
16,True,1080.1658401252282,1080.1658401252282,0.0,0.0,527.0113147610306,trunk,trunk,478811049
17,True,1066.50914612262,1066.50914612262,0.0,0.0,529.980256799336,secondary,secondary,26754491
18,True,1065.2277230966693,1065.2277230966693,0.0,0.0,532.3434887397191,secondary,secondary,746487581
19,True,1012.1732372373798,59.47367919221113,952.6995580451687,94.12416007416495,504.40949815950023,primary,primary,464650412
20,True,969.8600383768458,969.8600383768458,0.0,0.0,482.73949584355466,trunk,trunk,742084229
21,True,967.8664462943204,967.8664462943203,1.1368683772161603e-13,1.17461286272388e-14,482.10335132809894,trunk,trunk,"742084229,742084230,742084223"
22,True,962.4217350910671,962.4217350910671,0.0,0.0,475.04753362644965,trunk,trunk,"742084224,464267621,742084223"
23,True,919.938817989941,742.6533941679469,177.28542382199407,19.271436355883026,282.54808830804285,trunk,trunk,"874464056,877825096,292410142"
24,True,869.4487815342277,117.0835209067391,752.3652606274886,86.53359192704443,433.55711200911435,primary,primary,"414500083,875146659"
25,True,852.5643479559544,852.5643479559544,0.0,0.0,421.6083458841846,trunk,trunk,"44948784,1317535728,1317535732,218526252"
26,True,813.4667803841377,813.4667803841377,0.0,0.0,405.215839923824,primary,primary,464650415
27,True,806.477181068368,806.477181068368,0.0,0.0,398.0899063126878,secondary,secondary,741818619
28,True,794.5244481372048,794.5244481372048,0.0,0.0,397.24049055611914,trunk,trunk,873398460
29,True,786.6128867962552,87.21236385596588,699.4005229402893,88.91292460117613,392.90711104677433,trunk,trunk,"877786608,292410140,292410141"
30,True,771.7655177847529,771.7655177847529,0.0,0.0,385.9840465785019,trunk,trunk,"26755523,1317535731,218526247,1209033471"
31,True,762.8027211582153,762.8027211582153,0.0,0.0,380.9160504162172,trunk,trunk,"842470001,196857001,1286989884"
32,True,745.0016873605796,1588.023179665442,843.0214923048625,113.1569909984434,370.83517333901835,trunk,trunk,"742084226,742084227,742084228"
33,True,726.186014336685,726.186014336685,0.0,0.0,300.82805271406903,secondary,secondary,"364407161,1317517332,1318339357"
34,True,726.1860143366849,726.186014336685,1.1368683772161603e-13,1.565533285923445e-14,300.82805271538547,secondary,secondary,"364407161,1317517332,1318339357"
35,True,704.2067158098589,704.2067158098589,0.0,0.0,339.0133439410489,primary,primary,1194663768
36,True,687.0880641753015,112.8804306736899,574.2076335016116,83.57118445811192,322.4292050035515,secondary,secondary,"1238285688,90617087"
37,True,669.3367594339045,669.3367594339045,0.0,0.0,332.6776828220985,trunk,trunk,464267621
38,True,594.9813733926426,594.9813733926426,0.0,0.0,296.89691624213094,trunk,trunk,"464264628,1209009347,1209009348,196856999"
39,True,593.829930247831,281.1371286412992,312.6928016065318,52.65696215009431,291.3133499518069,trunk,trunk,"1213505657,196857002,44947105,742084228"
40,True,592.3070665718152,592.3070665718152,0.0,0.0,295.05160930799246,primary,primary,279091485
41,True,590.4830137421894,201.04385285302587,389.43916088916353,65.95264416178387,290.53230041301117,secondary,secondary,741818619
42,True,590.0031819087746,590.0031819087746,0.0,0.0,294.98942798731895,trunk,trunk,"877786609,1393752818,464264627"
43,True,573.6074437863839,573.6074437863839,0.0,0.0,286.72003189993296,primary,primary,880075594
44,True,567.271621111069,290.3974828028281,276.87413830824084,48.808036221863155,283.6228615085801,trunk,trunk,"877821610,870242500,870242503"
45,True,560.7921275102855,328.40020854141017,232.3919189688753,41.43993960839135,280.3569444620829,primary,primary,865024250
46,True,560.469059085779,560.469059085779,0.0,0.0,273.7673673133937,trunk,trunk,"464264129,1210250340,1393752818,762847156,1393752821"
47,True,535.5556741544974,6.229030286022382,529.326643868475,98.83690331619464,263.44988331474343,secondary,secondary,"174417954,230927119,230927120,746487580,746487549"
48,True,535.5556741544973,6.229030286022382,529.3266438684749,98.83690331619464,263.44988331456005,secondary,secondary,"174417954,230927119,230927120,746487580,746487549"
49,True,513.7780151849071,513.7780151849071,0.0,0.0,256.87236845665456,secondary,secondary,876418713
50,True,513.778015184907,513.7780151849071,1.1368683772161603e-13,2.2127618224516774e-14,256.8723684565142,secondary,secondary,876418713
51,True,492.841002847525,492.841002847525,0.0,0.0,246.49158809436437,primary,primary,"279088741,746487561,746487564,1317517914,1317517916"
52,True,488.74421379732553,488.74421379732553,0.0,0.0,244.31656363550147,primary,primary,"279088738,746487562,746487563,1317517913,1317517915"
53,True,487.360208526007,487.360208526007,0.0,0.0,243.59865054147983,primary,primary,368852567
54,True,477.834937011317,477.83493701131704,5.684341886080802e-14,1.1896036572031096e-14,238.87445625065482,trunk,trunk,"870242497,877821612,870242502"
55,True,471.7401221958465,471.7401221958465,0.0,0.0,235.8164262568299,primary,primary,865024248
56,True,470.7998473595436,470.7998473595436,0.0,0.0,235.07443725512235,primary,primary,865024250
57,True,464.9493326535148,464.94933265351483,5.684341886080802e-14,1.222572329255677e-14,227.30419259132177,trunk,trunk,464267621
58,True,455.4429073913592,71.04035350894794,384.40255388241127,84.40191902079542,156.6872888388105,secondary,secondary,1209072881
59,True,436.3794490946383,707.7644449991999,271.3849959045616,62.19014127901929,217.82183804406623,primary,primary,1194663760
60,True,427.4466559469736,427.44665594697364,5.684341886080802e-14,1.3298365555083361e-14,213.70996021924105,primary,primary,865024248
61,True,427.0275331443135,382.46063737311147,44.56689577120204,10.436539171852582,213.51092955079434,primary,primary,865024250
62,True,419.5135551577196,15.036265493436083,404.47728966428355,96.41578554290503,209.69130228143817,primary,primary,1208986525
63,True,419.3337677527084,419.3337677527084,0.0,0.0,209.67301021746115,primary,primary,1208795196
64,True,410.6826044863959,44.47231901209819,366.21028547429773,89.1711218039742,204.99245698747276,trunk,trunk,44947113
65,True,407.7818079461824,407.7818079461824,0.0,0.0,203.57757620524686,trunk,trunk,870242502
66,True,407.2032609070704,1567.6704669611318,1160.4672060540613,284.9847526930529,158.7952248843572,trunk,trunk,279958945
67,True,406.7978050226346,406.79780502263463,5.684341886080802e-14,1.3973383867605972e-14,203.3273968874268,trunk,trunk,478811049
68,True,406.2806743297109,406.28067432971085,5.684341886080802e-14,1.3991169763265089e-14,203.10767150644674,primary,primary,414500083
69,True,402.7893414285748,402.7893414285748,0.0,0.0,201.35543835671052,primary,primary,1208986525
70,True,399.9348179885905,118.04024145184802,281.8945765367425,70.48513004056188,199.92342851287702,secondary,secondary,746487579
71,True,394.9459138664409,119.20936277592197,275.7365510905189,69.81628152349106,197.47112112396192,trunk,trunk,"1209009344,218505932,218505933"
72,True,389.04666320627103,389.04666320627103,0.0,0.0,194.51022909222152,secondary,secondary,26764975
73,True,387.2334663165051,346.958390847833,40.27507546867207,10.400721779494456,152.2811224376909,secondary,secondary,"272996689,286061181,286061182"
74,True,387.2334663165051,346.958390847833,40.27507546867207,10.400721779494456,152.2811224376002,secondary,secondary,"272996689,286061181,286061182"
75,True,384.2460579503212,26.74505823085657,357.50099971946463,93.03960114164283,192.12222639680894,secondary,secondary,26754491
76,True,382.46063737311147,382.46063737311147,0.0,0.0,191.1985928444151,primary,primary,865024250
77,True,381.7822872587907,381.7822872587907,0.0,0.0,190.34305761782633,primary,primary,865024248
78,True,376.6895331135906,376.68953311359064,5.684341886080802e-14,1.5090257058899192e-14,188.32867727411409,primary,primary,865024250
79,True,375.6520650924455,375.65206509244547,5.684341886080802e-14,1.5131933015413935e-14,187.81328010092184,primary,primary,1208795201
80,True,372.6147750290638,372.6147750290638,0.0,0.0,186.29603526162384,primary,primary,368852567
81,True,369.4585090077485,38.42130300493173,331.0372060028168,89.60064470889587,184.72503443329686,trunk,trunk,"478811049,1210277732"
82,True,368.100578753048,368.10057875304796,5.684341886080802e-14,1.5442360632348595e-14,183.96625498321055,primary,primary,1208785491
83,True,363.1665570057236,1065.2277230966693,702.0611660909457,193.3165795549509,181.57756737767005,secondary,secondary,746487581
84,True,361.0821640762453,28.03902559561039,333.0431384806349,92.23472428571972,179.62006882638912,secondary,secondary,741818619
85,True,360.4714493807581,360.4714493807581,0.0,0.0,180.18474519503573,trunk,trunk,1210277737
86,True,359.10287530431435,359.10287530431435,0.0,0.0,178.04316208465806,primary,primary,"762822065,478254538,478254539"
87,True,356.9228028032657,216.0646225823624,140.8581802209033,39.46460666413172,177.85046628143985,primary,primary,"865024248,869997541"
88,True,355.9034088743231,356.6585202650833,0.7551113907602485,0.21216750723140562,176.41358592116129,secondary,secondary,369195862
89,True,353.6750166874374,50.53626375033094,303.13875293710646,85.71110161422776,176.26812134631,trunk,trunk,478811049
90,True,353.5344880213471,353.5344880213471,0.0,0.0,175.62573411629245,secondary,secondary,369195862
91,True,351.5465816823749,47.69855730231476,303.8480243800601,86.43179601575225,175.75100338020124,primary,primary,874459842
92,True,346.55664795501025,88.72099773785389,257.83565021715634,74.39927981142881,173.24466762827822,secondary,secondary,264753949
93,True,345.94935756437445,771.7655177847529,425.81616022037844,123.08626997266279,172.9574135874614,trunk,trunk,1209033471
94,True,343.0272619789918,343.0272619789918,0.0,0.0,171.15208652678865,secondary,secondary,456959535
95,True,330.8034176442437,67.26907640328514,263.5343412409586,79.66493911026386,165.2200680409916,trunk,trunk,870242503
96,True,328.6793148977963,105.48951357166581,223.1898013261305,67.90503424151653,164.32643957587183,primary,primary,865024248
97,True,328.40020854141017,427.0275331443135,98.62732460290334,30.032661989149368,164.18452705110383,primary,primary,865024250
98,True,328.123102425736,17.87311519977613,310.2499872259599,94.55292386679133,163.87303768309545,secondary,secondary,364407163
99,True,328.123102425736,17.87311519977613,310.2499872259599,94.55292386679133,163.87303768374923,secondary,secondary,364407163
100,True,316.55579626022336,316.55579626022336,0.0,0.0,158.27014820419933,trunk,trunk,"874594465,874594466,459228551"
101,True,314.761614948291,166.56924953562327,148.19236541266775,47.08082509902383,157.38033664252052,secondary,secondary,26755988
102,True,314.761614948291,166.56924953562327,148.19236541266775,47.08082509902383,157.38033664252052,secondary,secondary,26755988
103,True,314.5600659883634,314.5600659883634,0.0,0.0,157.25323637813938,primary,primary,466600308
104,True,313.19068597158,313.19068597157997,5.684341886080802e-14,1.8149779481617845e-14,156.58705387958886,primary,primary,368721302
105,True,310.4664369263973,384.4025540671986,73.93611714080129,23.814528189509073,155.23280828720863,secondary,secondary,1209072881
106,True,308.0256074271481,308.0256074271481,0.0,0.0,154.004310458342,primary,primary,1208791971
107,True,306.03649684091926,306.03649684091926,0.0,0.0,153.01478740344209,primary,primary,"1203852633,876451412,1208795197"
108,True,303.70489612299906,303.70489612299906,0.0,0.0,148.21317417428267,primary,primary,874644319
109,True,301.8473140062701,76.85837924965404,224.98893475661606,74.53733206052067,150.91232028190498,secondary,secondary,26754491
110,True,300.579748215858,152.50028671883302,148.07946149702497,49.2646169197944,150.2819916324283,trunk,trunk,605579942
111,True,298.3569192516161,298.3569192516161,0.0,0.0,149.1019965529077,primary,primary,"466600299,466600300"
112,True,297.7126292320591,297.7126292320591,0.0,0.0,148.81624797459415,primary,primary,865024250
113,True,292.93183180917873,97.01436508289387,195.91746672628486,66.88158999869607,146.46422188864193,primary,primary,874159869
114,True,292.15503222281444,292.15503222281444,0.0,0.0,146.0563972878377,primary,primary,312566658
115,True,290.3974828028281,290.3974828028281,0.0,0.0,144.98362294551202,trunk,trunk,"877821609,877821610,870242499"
116,True,290.2566451529857,64.306059850183,225.9505853028027,77.84510331665648,145.0921039269052,primary,primary,"1337725748,1209433725"
117,True,289.80722814266846,149.59088509342106,140.2163430492474,48.38262452868175,144.79472289253326,primary,primary,1208988379
118,True,289.4278532105612,289.4278532105612,0.0,0.0,144.63575901654042,primary,primary,"478254539,874644318,874644319"
119,True,288.84058233287084,288.84058233287084,0.0,0.0,144.4056102087912,primary,primary,"1105211172,1337725743,1337725745,1337725746,1337725749"
120,True,286.1263783647371,286.1263783647371,0.0,0.0,142.48845849235607,primary,primary,478371821
121,True,284.2925252255048,279.357956847722,4.934568377782796,1.7357362364236018,142.14522461041219,secondary,secondary,26764975
122,True,283.9360861494393,283.9360861494393,0.0,0.0,141.96449393794333,secondary,secondary,1203439472
123,True,282.7018044874525,290.25664515298575,7.554840665533277,2.6723708676817424,141.3431704594925,primary,primary,"1337725742,1337725744,1337725747,1337725748,1141888414"
124,True,281.6606494291864,281.6606494291864,0.0,0.0,140.81381667570523,primary,primary,300173739
125,True,281.24560459882736,159.21721425515156,122.0283903436758,43.38855020249607,140.62212940777027,primary,primary,1208491992
126,True,281.1371286412992,281.1371286412992,0.0,0.0,137.44514190925537,trunk,trunk,742084228
127,True,281.075554071599,7.579810268132238,273.4957438034668,97.30328370492106,140.5284420306589,primary,primary,470103540
128,True,279.66370485795244,74.93335427703464,204.7303505809178,73.20590660304131,139.8065005394896,primary,primary,40016878
129,True,279.357956847722,279.357956847722,0.0,0.0,139.67868965930947,secondary,secondary,26764975
130,True,276.70778724563,276.70778724563,0.0,0.0,138.32764180891732,secondary,secondary,875007028
131,True,271.7887932114351,470.7998473595436,199.01105414810849,73.22268582034212,135.80719412338513,primary,primary,865024250
132,True,271.38499590456155,18.0413365136423,253.34365939091924,93.35212455150361,133.88116386136275,primary,primary,1194663760
133,True,271.2410224009768,77.36311363034815,193.87790877062866,71.47809245609541,135.61801086453158,primary,primary,876451409
134,True,271.21266624269725,271.21266624269725,0.0,0.0,135.6046050325126,primary,primary,1208491992
135,True,270.7879475421756,47.652299059876995,223.13564848229856,82.40235597913563,134.43005365576275,primary,primary,478254539
136,True,268.9255065505725,268.92550655057255,5.684341886080802e-14,2.1137235954269138e-14,134.45350944038776,primary,primary,300173739
137,True,266.18514162678645,98.05232146363187,168.13282016315458,63.16386374371364,133.05142664848563,primary,primary,478371821
138,True,265.038636976774,265.038636976774,0.0,0.0,132.4608669865272,secondary,secondary,26764975
139,True,264.8487140598092,27.236696633896955,237.61201742591226,89.71613030835927,132.4164558276134,secondary,secondary,875119268
140,True,264.84871405980914,27.236696633896955,237.6120174259122,89.71613030835927,132.4164558276134,secondary,secondary,875119268
141,True,263.37889006194814,263.37889006194814,0.0,0.0,131.6411875963929,primary,primary,40016878
142,True,261.5883755462839,101.59319729986643,159.99517824641745,61.16295416885177,130.77849665872915,trunk,trunk,1210277736
143,True,261.33015913154424,261.33015913154424,0.0,0.0,129.8693337526681,primary,primary,658700019
144,True,261.1217520553267,180.57172746646995,80.55002458885673,30.847688465183754,130.54731720198265,primary,primary,"1208791977,876451410,1208986532"
145,True,260.0213282753854,260.0213282753854,0.0,0.0,128.65112718325904,secondary,secondary,874143073
146,True,258.68512961739776,258.68512961739776,0.0,0.0,128.79062305684747,secondary,secondary,874159868
147,True,258.3747870725,122.8234166211612,135.5513704513388,52.463079694112366,129.12032103787502,primary,primary,466615091
148,True,257.7094633441375,115.37873694307146,142.33072640106602,55.22914236603017,128.80103643096004,primary,primary,170090974
149,True,256.3774713304631,51.56363902753378,204.8138323029293,79.88760917254318,122.25625105616668,secondary,secondary,368712589
150,True,256.37747133046304,51.56363902753378,204.81383230292926,79.88760917254318,122.25625105616815,secondary,secondary,368712589
151,True,255.9953045703409,64.0240951230932,191.9712094472477,74.99012912344217,127.98894367889058,secondary,secondary,875007028
152,True,251.7025669308751,180.7492962673884,70.9532706634867,28.189331371806215,125.83319395718644,primary,primary,"874644320,874644321,219116706"
153,True,251.21206102536337,251.21206102536337,0.0,0.0,125.58541539413157,trunk,trunk,"44949024,874594467"
154,True,250.58832229383628,364.99318958953035,114.40486729569406,45.65450865724882,239.66971582975293,primary,primary,"230574618,464845715"
155,True,249.8253073011373,249.82530730113726,2.842170943040401e-14,1.1376633431353983e-14,124.73173829298956,secondary,secondary,90617087
156,True,249.18569077073536,34.11207308976998,215.07361768096538,86.31058108342386,124.2731831070229,primary,primary,1208795193
157,True,248.82995491585007,6.39639243930277,242.4335624765473,97.42941220984993,123.75117515691981,secondary,secondary,478249498
158,True,243.22906750563075,41.27937230184729,201.94969520378345,83.02860232735478,120.95192292618893,primary,primary,880075594
159,True,241.87628586022743,241.87628586022745,2.842170943040401e-14,1.1750515073986214e-14,120.8825320876092,trunk,trunk,218526249
160,True,240.8445496880053,240.84454968800534,5.684341886080802e-14,2.360170447470955e-14,120.4273200059617,secondary,secondary,1014003072
161,True,239.4275623291592,76.21696737606669,163.2105949530925,68.16700356691372,119.68194418355135,secondary,secondary,252236396
162,True,237.93418161428303,237.93418161428303,0.0,0.0,118.93771952610197,secondary,secondary,174418041
163,True,234.8422416669632,234.84224166696316,2.842170943040401e-14,1.2102468971791575e-14,116.54421465533318,primary,primary,"1352928435,368852567"
164,True,234.40772390992504,234.40772390992504,0.0,0.0,116.10436079709355,primary,primary,300173739
165,True,234.24087059904133,359.10287530431435,124.86200470527302,53.30496099419126,116.47677282319107,primary,primary,762822065
166,True,233.20526151029617,100.9366843706595,132.26857713963665,56.717664208359594,116.60245971546401,primary,primary,1208791977
167,True,230.2585599712922,201.6613876353403,28.597172335951882,12.419591410420214,115.12625915614504,primary,primary,762822065
168,True,229.40354685525816,147.10275142333163,82.30079543192653,35.8759908293197,114.6985800626927,secondary,secondary,478254522
169,True,229.18427401204093,229.18427401204093,0.0,0.0,114.58861409764009,primary,primary,1208785499
170,True,226.6330065111433,226.63300651114326,2.842170943040401e-14,1.2540851779683972e-14,113.31443107979045,primary,primary,300173739
171,True,226.5674830169553,226.56748301695535,5.684341886080802e-14,2.5088957207753466e-14,113.01241538457224,primary,primary,478257594
172,True,226.42862037738408,477.83493701131704,251.40631663393296,111.03115684533125,113.13353630980059,trunk,trunk,877821612
173,True,225.99675824669325,225.99675824669325,0.0,0.0,111.92821690924315,primary,primary,658700019
174,True,225.7917915252612,225.7917915252612,0.0,0.0,112.88945633089396,secondary,secondary,746487577
175,True,224.42801347059057,399.9348179885905,175.50680451799994,78.20182596812882,112.19951870621568,secondary,secondary,746487579
176,True,224.0007977529587,148.87162109870007,75.12917665425863,33.53969155820396,112.00021525727529,secondary,secondary,746487577
177,True,223.65607911388247,180.62078068781472,43.035298426067754,19.24172980076021,111.80623549016047,primary,primary,300173739
178,True,222.96057089947155,301.84731400627015,78.8867431067986,35.381476997727574,88.84482921952096,secondary,secondary,26754491
179,True,222.69678439840925,222.6986389103081,0.0018545118988413378,0.0008327519877986101,111.33998732276605,secondary,secondary,26754699
180,True,222.5821363227924,222.5821363227924,0.0,0.0,111.1972335102807,primary,primary,1208795197
181,True,217.41518014009304,97.10180814796915,120.31337199212389,55.33807341078902,108.7074283964758,secondary,secondary,456959535
182,True,216.94723502398884,216.94723502398884,0.0,0.0,108.46643763651007,primary,primary,464650415
183,True,216.4656838334737,687.0880641753015,470.6223803418278,217.41200360602005,106.70524326066294,secondary,secondary,90617087
184,True,216.19804967540165,84.67161784538443,131.5264318300172,60.83608618463031,108.06361827045758,primary,primary,464650412
185,True,216.0646225823624,159.80658112838552,56.25804145397689,26.03759966883597,108.0230177979639,primary,primary,869997541
186,True,215.00879985598672,23.051266136143,191.95753371984372,89.27891967603986,107.50043356949381,primary,primary,865024250
187,True,214.89208561368105,89.08820782665019,125.80387778703086,58.542815770885504,107.31619060704746,primary,primary,26754165
188,True,214.2552691317572,214.2552691317572,0.0,0.0,107.12312834596995,secondary,secondary,876134933
189,True,213.1086115818499,213.1086115818499,0.0,0.0,106.55935009256292,secondary,secondary,1069546778
190,True,212.5509726333529,212.5509726333529,0.0,0.0,106.25777410141951,primary,primary,1141889035
191,True,212.10510682944545,212.10510682944545,0.0,0.0,106.05047015285295,secondary,secondary,879562788
192,True,210.52086674897487,210.52086674897487,0.0,0.0,105.2250179426763,secondary,secondary,1210205481
193,True,209.4073351757516,209.4073351757516,0.0,0.0,104.66354312247766,primary,primary,1208795201
194,True,207.88762026176863,165.30941993060364,42.57820033116499,20.48135443445417,102.68792461848423,trunk,trunk,742084229
195,True,207.86501308530177,207.86501308530177,0.0,0.0,103.80621198164359,primary,primary,478254539
196,True,207.0391754770542,95.08596447611623,111.95321100093796,54.0734432229931,103.51140751633898,primary,primary,1208986526
197,True,206.93196124001668,206.93196124001668,0.0,0.0,103.46540344381802,primary,primary,"1208785491,1208986526"
198,True,203.7659908303777,20.345252742910528,183.42073808746716,90.01538349947383,101.84777675421165,trunk,trunk,"605579942,870242501,870242502"
199,True,202.3907474497905,202.3907474497905,0.0,0.0,101.07200601037468,primary,primary,876451409
200,True,202.38056952074967,202.38056952074967,0.0,0.0,101.13593241643724,secondary,secondary,90617087
201,True,201.75865915403148,201.75865915403148,0.0,0.0,100.87916567468307,primary,primary,300173739
202,True,201.6613876353403,30.275862185222948,171.38552545011737,84.9867827747124,100.82452272616052,primary,primary,762822065
203,True,201.04385285302587,11.062260361302098,189.98159249172377,94.4975883597947,100.43696040260777,secondary,secondary,741818619
204,True,200.97537138967195,130.77606279880447,70.19930859086747,34.929309051882655,30.288432539367125,primary,primary,466615091
205,True,198.62095288052777,198.62095288052777,0.0,0.0,99.17265678458132,primary,primary,1208988383
206,True,195.7621185690046,264.84871405980914,69.08659549080454,35.29109512903645,97.87923694344268,secondary,secondary,875119268
207,True,195.7621185690046,264.84871405980914,69.08659549080454,35.29109512903645,97.87923694198888,secondary,secondary,875119268
208,True,195.11745418292568,195.11745418292566,2.842170943040401e-14,1.4566461800879284e-14,97.55299258295845,primary,primary,478257594
209,True,194.6682361488065,11.527783121229906,183.1404530275766,94.07824134574378,97.33388605915106,trunk,trunk,877825096
210,True,194.1969920604718,194.1969920604718,0.0,0.0,97.09476799456304,secondary,secondary,1069546778
211,True,193.69651812587333,25.164296051975168,168.53222207389817,87.0083900859683,96.84203962871021,secondary,secondary,466839445
212,True,193.157669389202,241.87628586022745,48.718616471025456,25.222201440451297,96.57661180240945,trunk,trunk,218526249
213,True,192.1184492479658,192.1184492479658,0.0,0.0,96.0431188508369,trunk,trunk,742084229
214,True,191.5903217247036,195.7621185690046,4.171796844300985,2.1774569856902506,95.76306053372092,secondary,secondary,875119268
215,True,191.5903217247036,195.7621185690046,4.171796844300985,2.1774569856902506,95.76306053372092,secondary,secondary,875119268
216,True,190.9332157229613,52.88021154982387,138.05300417313742,72.30434141613601,95.36995003739511,primary,primary,874459840
217,True,190.60445950539227,14.347555878582746,176.25690362680953,92.47260220678267,94.71971367660854,primary,primary,1141889036
218,True,190.407087202514,190.407087202514,0.0,0.0,95.20662845879741,primary,primary,464650415
219,True,189.02364063471927,10.878524984789763,178.1451156499295,94.24488653997936,94.51116696710797,secondary,secondary,879562787
220,True,187.94159050330447,86.12957343958736,101.81201706371711,54.17215890908778,93.96640780148415,primary,primary,"874644320,872816373,478254536"
221,True,187.7266712930368,37.60835971051703,150.11831158251977,79.96642701248813,93.861686572052,secondary,secondary,252236395
222,True,187.14898865889165,187.14898865889165,0.0,0.0,93.51747749344271,secondary,secondary,230574625
223,True,186.8862870494912,186.88628704949122,2.842170943040401e-14,1.5208022952950728e-14,93.43875187180635,primary,primary,470103540
224,True,186.10219270450244,222.6986389103081,36.59644620580565,19.664704469073275,93.0407739282737,secondary,secondary,26754699
225,True,185.0299778788576,148.55381567814263,36.47616220071498,19.713649981948638,92.383891016049,primary,primary,466615091
226,True,183.93236613042592,183.93236613042592,0.0,0.0,91.94103076336653,secondary,secondary,1209072902
227,True,181.0781227785953,181.07812277859531,2.842170943040401e-14,1.5695827300548784e-14,90.50137539308314,primary,primary,1208791978
228,True,180.8273791077356,9.064498405164478,171.76288070257112,94.98720909969948,90.40572467969373,primary,primary,865024248
229,True,180.7492962673884,55.564674402933626,125.18462186445475,69.25870498508885,90.36446936832836,primary,primary,874644320
230,True,180.62078068781472,180.62078068781472,0.0,0.0,90.30651751351107,primary,primary,300173739
231,True,180.57172746646995,233.20526151029617,52.63353404382622,29.14826965566891,90.2725396760521,primary,primary,1208791977
232,True,179.81871632556832,179.81871632556832,0.0,0.0,89.30932761812915,primary,primary,"746487560,658700019"
233,True,177.71005433719856,177.71005433719856,0.0,0.0,88.14567128763179,secondary,secondary,875004053
234,True,177.4812021104335,177.4812021104335,0.0,0.0,87.73980493713148,primary,primary,40016878
235,True,177.19679037258618,203.76599083037775,26.569200457791567,14.994177040072415,88.54075240192691,trunk,trunk,870242502
236,True,174.76037906868515,68.3810791273995,106.37929994128565,60.87152048318455,87.19165451594584,primary,primary,874644320
237,True,174.36137297484692,174.36137297484692,0.0,0.0,87.020127451045,primary,primary,874459842
238,True,174.33077320862347,174.33077320862347,0.0,0.0,87.12141925643408,primary,primary,1208791971
239,True,173.52427150475398,12.182355651138792,161.3419158536152,92.97945149373238,86.36075566405562,primary,primary,300173739
240,True,171.424659809368,22.064256709810756,149.36040309955723,87.1288898958019,85.7122013448521,primary,primary,368721302
241,True,171.28074451744112,72.08758016553178,99.19316435190935,57.91261862585419,85.64024586639576,primary,primary,1208491977
242,True,171.1209286495828,171.1209286495828,0.0,0.0,85.55782761555314,primary,primary,478257594
243,True,168.96413026723744,49.39521181636477,119.56891845087267,70.76585915706475,84.35877949340102,primary,primary,464650415
244,True,168.63690927120786,168.63690927120786,0.0,0.0,84.30141571984498,primary,primary,874056882
245,True,168.41358578498432,168.41358578498432,0.0,0.0,84.18208882090012,primary,primary,865024248
246,True,167.4211338703478,167.4211338703478,0.0,0.0,83.71619109846125,trunk,trunk,1203900682
247,True,167.05420760560193,167.05420760560193,0.0,0.0,83.53075596610529,trunk,trunk,464260872
248,True,166.82460045758106,166.82460045758106,0.0,0.0,82.9274333921359,primary,primary,464845715
249,True,166.59687843859135,166.59687843859135,0.0,0.0,83.10582712957005,trunk,trunk,870242498
250,True,166.56924953562327,166.56924953562327,0.0,0.0,83.28443894938478,secondary,secondary,26755988
251,True,166.56924953562327,166.56924953562327,0.0,0.0,83.28443894938478,secondary,secondary,26755988
252,True,166.32513016888691,166.32513016888691,0.0,0.0,83.11892609141015,primary,primary,874459840
253,True,165.65055454369568,134.1049530309694,31.54560151272628,19.04346266731338,79.60043196229483,primary,primary,470103829
254,True,165.64197366954426,165.64197366954426,0.0,0.0,82.82086913252991,secondary,secondary,174418041
255,True,165.30941993060364,560.469059085779,395.15963915517534,239.04242076529098,82.43250094540552,trunk,trunk,"1393752821,742084229,44947109"
256,True,165.26230635726083,165.26230635726085,2.842170943040401e-14,1.7197938269699872e-14,82.61249997007587,primary,primary,874056882
257,True,165.20780555006587,165.20780555006587,0.0,0.0,82.33302039902829,primary,primary,279088743
258,True,164.82454558256248,164.82454558256248,0.0,0.0,82.39037334117066,secondary,secondary,478249498
259,True,164.43550182597903,164.43550182597903,0.0,0.0,82.2124162739087,primary,primary,"1141888415,1392897335"
260,True,163.59233278163993,163.59233278163993,0.0,0.0,81.68302039112392,primary,primary,1208988383
261,True,163.5295448295978,163.5295448295978,0.0,0.0,81.76750699356992,secondary,secondary,26754699
262,True,163.06309145955152,163.06309145955152,0.0,0.0,81.53100269568601,primary,primary,1208795201
263,True,162.33426427348215,162.33426427348215,0.0,0.0,81.16576573209052,secondary,secondary,26754699
264,True,160.90992781663525,72.24143592255933,88.66849189407591,55.10442587179457,80.4499151003974,primary,primary,1138034029
265,True,160.7785741574832,121.62255283492242,39.15602132256079,24.3540045853419,80.32841102981565,primary,primary,"874459841,874459842,466615091"
266,True,160.536079822312,160.536079822312,0.0,0.0,80.20029821267669,primary,primary,279088740
267,True,160.32290359860772,73.45842669377163,86.8644769048361,54.18095291132842,80.15288427052225,primary,primary,880075594
268,True,159.92789645403872,159.92789645403872,0.0,0.0,79.76399836032955,secondary,secondary,1238285689
269,True,159.80658112838552,159.80658112838552,0.0,0.0,79.86936888348872,primary,primary,869997541
270,True,159.6654664959185,270.7879475421756,111.12248104625706,69.59706659492187,79.82981932660712,primary,primary,478254539
271,True,159.30930714438122,73.0440981864751,86.26520895790613,54.14950984610359,79.65454104768334,primary,primary,478257594
272,True,159.21721425515156,159.21721425515156,0.0,0.0,79.6052621065467,primary,primary,1208491992
273,True,158.9703039004298,158.9703039004298,0.0,0.0,79.43341041043004,secondary,secondary,879562788
274,True,158.636905435644,158.636905435644,0.0,0.0,79.31827080004038,primary,primary,466600306
275,True,158.062135649042,158.062135649042,0.0,0.0,78.05993159352819,secondary,secondary,90617087
276,True,157.41623411523904,68.57922102488006,88.83701309035898,56.434467251531665,78.65031452180006,secondary,secondary,776295454
277,True,157.41623411523904,68.57922102488006,88.83701309035898,56.434467251531665,78.65031452180006,secondary,secondary,776295454
278,True,156.26172229881945,86.5442964207524,69.71742587806705,44.61580536322667,78.12059139438523,primary,primary,"219116704,762822062,219116711"
279,True,156.09773242417683,156.09773242417683,0.0,0.0,78.04660757607213,secondary,secondary,"478254522,1013619973"
280,True,155.5378914544154,155.5378914544154,0.0,0.0,77.76882467021048,secondary,secondary,26764975
281,True,155.1250841611919,155.1250841611919,0.0,0.0,77.55996089312771,primary,primary,478372781
282,True,154.94777140963538,110.62141418741076,44.326357222224615,28.607289294299715,77.4737094452267,primary,primary,279088743
283,True,154.4016441798402,154.4016441798402,0.0,0.0,77.18931664718178,trunk,trunk,870242503
284,True,154.33798610756168,154.33798610756168,0.0,0.0,77.16829946606163,primary,primary,1141889035
285,True,154.07065549173444,154.07065549173444,0.0,0.0,77.03488913742078,secondary,secondary,879562787
286,True,153.9875654217518,153.9875654217518,0.0,0.0,72.59481662979451,secondary,secondary,869089258
287,True,153.9875654217518,153.9875654217518,0.0,0.0,72.59481663147456,secondary,secondary,869089258
288,True,153.32855012754362,153.32855012754362,0.0,0.0,76.65681097509189,primary,primary,"874459840,40016878,874459839"
289,True,152.9864390586863,9.999586277480082,142.9868527812062,93.4637433624792,76.48857265796572,primary,primary,874056882
290,True,152.79232362134854,12.377981060462464,140.41434256088607,91.89882006694413,76.06282747843399,trunk,trunk,842470001
291,True,152.50028671883302,152.50028671883302,0.0,0.0,76.21375516464684,trunk,trunk,605579942
292,True,152.05069910225927,152.05069910225927,0.0,0.0,76.02524187072063,trunk,trunk,605579942
293,True,150.69485874488413,150.69485874488413,0.0,0.0,75.33001341752546,trunk,trunk,870242503
294,True,150.40834068451002,121.44023393798912,28.968106746520903,19.25964119721468,75.20403397665262,primary,primary,478371821
295,True,150.0213357394489,42.45865457896574,107.56268116048315,71.698255871614,75.00837287206026,secondary,secondary,1210205483
296,True,149.59088509342106,149.59088509342106,0.0,0.0,74.7953291297088,primary,primary,1208988379
297,True,148.87162109870007,154.07065549173444,5.199034393034367,3.4922937996271766,74.42001624969845,secondary,secondary,"746487576,746487577,879562787"
298,True,148.86151304509158,261.1217520553267,112.2602390102351,75.41253391414233,74.41823308632799,primary,primary,1208986532
299,True,148.5639441701936,148.5639441701936,0.0,0.0,73.18401528368395,secondary,secondary,367555141
300,True,148.55381567814263,148.55381567814263,0.0,0.0,74.24812951059998,primary,primary,466615091
301,True,148.3745600085324,174.33077320862347,25.95621320009107,17.493708624038,74.18716068741695,primary,primary,1208791971
302,True,148.13991025918412,63.938236476486495,84.20167378269763,56.83929039472159,73.40062987677167,primary,primary,1141889036
303,True,147.77947755357297,147.77947755357297,0.0,0.0,73.8808346691718,secondary,secondary,90617087
304,True,147.49819235724036,147.49819235724036,0.0,0.0,73.74894723030727,secondary,secondary,252236395
305,True,147.260610068047,147.260610068047,0.0,0.0,73.61919313171055,secondary,secondary,875004053
306,True,147.16266881403016,147.16266881403016,0.0,0.0,73.57729035295581,primary,primary,1208986532
307,True,147.10275142333165,16.15845321059232,130.94429821273934,89.01553298340995,73.46368497076004,secondary,secondary,478254522
308,True,146.76475240876113,1567.6704669611318,1420.9057145523707,968.1518833588477,116.98412203719754,trunk,trunk,"218505930,218505931,1210086508"
309,True,146.58324779630186,146.58324779630186,0.0,0.0,73.291537607512,secondary,secondary,478254522
310,True,145.65401368646457,251.7025669308751,106.04855324441053,72.80853480130736,72.72901262630431,primary,primary,219116706
311,True,144.40599390338113,144.40599390338113,0.0,0.0,72.176002492296,secondary,secondary,"746487578,746487579,879562788"
312,True,143.9113100221158,143.9113100221158,0.0,0.0,71.95033930288514,trunk,trunk,870242503
313,True,143.62049861956012,143.62049861956012,0.0,0.0,71.80347847920206,primary,primary,464283097
314,True,143.26764369429583,35.11600419166709,108.15163950262874,75.48922891019446,71.62994167969119,primary,primary,368852567
315,True,142.15806816515317,142.15806816515317,0.0,0.0,71.07674558294347,primary,primary,1141889036
316,True,141.60397027911924,129.65559817577272,11.948372103346514,8.437879305075112,70.79656035619577,primary,primary,869997541
317,True,141.3044004724377,141.3044004724377,0.0,0.0,70.64494552619836,secondary,secondary,478249498
318,True,141.29533356121252,141.29533356121252,0.0,0.0,70.63861949568302,primary,primary,368729170
319,True,140.61152864292586,41.054990365642276,99.55653827728358,70.80254317560343,70.3056114272262,primary,primary,874644320
320,True,140.1753053063159,99.32186286954247,40.85344243677342,29.14453608465419,70.08755341222835,primary,primary,1208785492
321,True,139.57815266055462,139.57815266055462,0.0,0.0,69.78518882974815,primary,primary,865024248
322,True,139.14366010321675,139.14366010321677,2.842170943040401e-14,2.0426162003587362e-14,69.09760059603622,primary,primary,279088746
323,True,139.0851430088607,139.0851430088607,0.0,0.0,69.45727988546813,trunk,trunk,"568707032,874594467,1210221828,374402719"
324,True,139.00971035694363,141.29533356121252,2.2856232042688873,1.6442183775507153,69.50474295741331,primary,primary,368729170
325,True,138.9630034556413,138.9630034556413,0.0,0.0,69.31360670172725,primary,primary,746487559
326,True,138.0138551701159,138.0138551701159,0.0,0.0,68.92856099497358,primary,primary,874459842
327,True,137.56901352817457,91.73461384815508,45.83439968001949,33.31738630998649,68.78157341647717,secondary,secondary,875119268
328,True,137.56901352817457,91.73461384815508,45.83439968001949,33.31738630998649,68.78157341647717,secondary,secondary,875119268
329,True,137.46960957416178,66.29723424228578,71.172375331876,51.77317048644129,68.67720281329275,primary,primary,876451409
330,True,137.40500781992966,137.40500781992966,0.0,0.0,68.50520760258777,trunk,trunk,874656098
331,True,136.86336549284852,136.86336549284852,0.0,0.0,68.30200581373224,secondary,secondary,252236395
332,True,135.2725275408109,159.30930714438122,24.036779603570324,17.76915094331964,67.6361682166863,primary,primary,478257594
333,True,135.04207668749473,135.04207668749473,0.0,0.0,67.4998949161098,primary,primary,470103829
334,True,134.4403488200718,45.43635494103481,89.00399387903698,66.20333453475003,67.16679663968988,primary,primary,478254539
335,True,133.69979440501174,133.69979440501174,0.0,0.0,66.84939704922014,secondary,secondary,174418041
336,True,133.33738830461525,133.33738830461525,0.0,0.0,66.59671627140386,trunk,trunk,280421147
337,True,132.51086982524495,132.51086982524495,0.0,0.0,66.20640067349596,primary,primary,368729170
338,True,132.35946621924458,46.799008597223185,85.5604576220214,64.64249219643742,66.17422107354092,primary,primary,874644320
339,True,132.07449319061763,132.07449319061763,0.0,0.0,66.02349794634047,secondary,secondary,174418041
340,True,131.97280249943776,24.646539572476883,107.32626292696088,81.32453118696037,65.9857687127327,primary,primary,300173742
341,True,131.27828741015398,68.53403695961849,62.74425045053549,47.794842306636006,65.62496167664206,secondary,secondary,"26754491,876134933"
342,True,131.0218911495294,131.0218911495294,0.0,0.0,65.49829484419006,primary,primary,865024248
343,True,130.8960342471774,39.06841839393014,91.82761585324727,70.1530923999154,65.44680947251817,primary,primary,470103829
344,True,130.71375905683067,153.32855012754362,22.614791070712954,17.301002766572324,65.30262354757768,primary,primary,40016878
345,True,130.17936963866217,126.05982943747486,4.119540201187306,3.164510792010962,65.08954568643826,primary,primary,1208791979
346,True,130.1318069047123,130.13180690471233,2.842170943040401e-14,2.1840709129026014e-14,65.02536577284074,primary,primary,1208988383
347,True,129.682784755002,129.682784755002,0.0,0.0,64.76763903309757,primary,primary,470103829
348,True,129.65559817577272,129.65559817577272,0.0,0.0,64.75947065752392,primary,primary,869997541
349,True,129.33721632578963,129.33721632578963,0.0,0.0,60.854089315988844,primary,primary,466600302
350,True,129.07399139271223,35.978128067324505,93.09586332538773,72.12596613839905,64.51439413482026,secondary,secondary,876418713
351,True,129.07399139271223,35.978128067324505,93.09586332538773,72.12596613839905,64.51439413482026,secondary,secondary,876418713
352,True,128.98100364169895,66.5395391057829,62.441464535916055,48.411365063784494,64.44020335353963,primary,primary,478372781
353,True,128.57207934666087,128.57207934666087,0.0,0.0,63.137226380682755,secondary,secondary,869974597
354,True,128.33886652544595,29.179539215525853,99.1593273099201,77.26367700953601,64.12105330562095,secondary,secondary,367555141
355,True,128.08561489942574,128.08561489942574,0.0,0.0,64.04271772567137,primary,primary,470103540
356,True,127.5911283328734,127.5911283328734,0.0,0.0,63.79545005453223,primary,primary,762822065
357,True,127.55952666008145,153.9875654217518,26.428038761670365,20.71820071275066,63.346037102462866,secondary,secondary,869089258
358,True,127.55952666008145,153.9875654217518,26.428038761670365,20.71820071275066,63.34603710179772,secondary,secondary,869089258
359,True,127.23012114543832,127.23012114543833,1.4210854715202004e-14,1.1169410660984437e-14,63.301696154924116,secondary,secondary,1427941136
360,True,127.211601170194,1012.1732372373798,884.9616360671857,695.6611094637605,63.59462226362437,primary,primary,464650412
361,True,127.03219257785528,127.03219257785528,0.0,0.0,63.50085821704729,primary,primary,876451409
362,True,126.08480883515908,126.08480883515908,0.0,0.0,63.03675746408436,secondary,secondary,879562788
363,True,126.0606157650531,128.33886652544595,2.278250760392851,1.8072660890685845,63.030213882288386,secondary,secondary,367555141
364,True,126.05982943747486,126.05982943747486,0.0,0.0,63.02986983410129,primary,primary,1208791979
365,True,125.68791531195204,125.68791531195203,1.4210854715202004e-14,1.1306460672795208e-14,62.72877476747898,primary,primary,466615091
366,True,124.96936131413244,124.96936131413244,0.0,0.0,62.318829119904166,secondary,secondary,"464097499,456959534"
367,True,124.2944241184147,124.2944241184147,0.0,0.0,62.13932805007431,primary,primary,865024248
368,True,124.15445111892798,111.69660217078163,12.45784894814635,10.034154100695861,62.07713143500477,secondary,secondary,456959535
369,True,124.03144057332644,124.03144057332644,0.0,0.0,62.0154792363837,secondary,secondary,1209433726
370,True,124.03144057332644,124.03144057332644,0.0,0.0,62.0154792363837,secondary,secondary,1209433726
371,True,123.64245942016632,123.64245942016632,0.0,0.0,61.504293926578995,secondary,secondary,478249498
372,True,123.5519388365556,123.55193883655559,1.4210854715202004e-14,1.1501927730977383e-14,61.71900529114568,primary,primary,300173742
373,True,122.5010438093988,122.5010438093988,0.0,0.0,61.250394460553736,secondary,secondary,746487579
374,True,122.46931259961792,122.46931259961792,0.0,0.0,61.2345684283644,secondary,secondary,746487577
375,True,122.22771719700162,55.45199279612707,66.77572440087455,54.63222739671083,61.06869179723857,primary,primary,1208988379
376,True,122.09899259994764,122.09899259994765,1.4210854715202004e-14,1.1638797677687063e-14,60.95167524591092,secondary,secondary,464097500
377,True,121.62255283492242,121.62255283492242,0.0,0.0,60.74217304325253,primary,primary,874459842
378,True,121.52665674273196,121.52665674273197,1.4210854715202004e-14,1.1693611176423563e-14,60.76321684965501,secondary,secondary,279088748
379,True,121.44023393798912,121.44023393798912,0.0,0.0,60.57416631031103,primary,primary,478371821
380,True,121.32251713396718,121.32251713396718,0.0,0.0,60.61504416178367,secondary,secondary,478249498
381,True,121.13715182824048,99.24851520626802,21.888636621972452,18.069301029141084,60.551083470021716,secondary,secondary,876134933
382,True,120.6734848444312,53.221533495174114,67.45195134925709,55.896248820703406,60.332136863033256,secondary,secondary,466839445
383,True,120.2570218739447,120.25702187394467,2.842170943040401e-14,2.3634137106934257e-14,60.128396248198776,secondary,secondary,1209072902
384,True,119.78122001794884,66.06337197043854,53.7178480475103,44.8466362585561,59.8818896875943,primary,primary,1105211172
385,True,119.73370221974604,119.73370221974605,1.4210854715202004e-14,1.186871737175634e-14,59.86292797917902,primary,primary,300173739
386,True,119.23826066536982,16.87382738376539,102.36443328160443,85.84864682727964,56.55366117235497,secondary,secondary,456959534
387,True,119.20936277592196,119.20936277592197,1.4210854715202004e-14,1.1920921632568553e-14,59.604607405813915,trunk,trunk,218505933
388,True,118.80951705861052,118.80951705861052,0.0,0.0,59.404486775184154,primary,primary,874056882
389,True,118.3591805639456,118.35918056394559,1.4210854715202004e-14,1.2006550440355865e-14,58.859160267575945,secondary,secondary,252236396
390,True,118.12178550470377,118.12178550470375,1.4210854715202004e-14,1.2030680584857997e-14,59.06077068920156,primary,primary,1209004192
391,True,118.04024145184802,102.70736918888564,15.332872262962383,12.989529735261595,59.02003588939946,secondary,secondary,746487579
392,True,117.5635239324274,104.27952457168114,13.283999360746265,11.299422572924556,58.71926752291262,trunk,trunk,464260872
393,True,117.0835209067391,117.0835209067391,0.0,0.0,57.235352954195484,primary,primary,"875146659,1352928436"
394,True,116.89041482028703,68.70819694472011,48.18221787556692,41.21999049250068,58.37458264962379,primary,primary,1210210285
395,True,116.48804031005898,42.574608064399335,73.91343224565964,63.45152004353623,58.2439360626934,primary,primary,232511043
396,True,115.63235117941038,18.547446457905696,97.08490472150469,83.95998501394455,57.80468480832226,secondary,secondary,875119268
397,True,115.63235117941036,18.547446457905696,97.08490472150467,83.95998501394455,57.80468480832226,secondary,secondary,875119268
398,True,115.37873694307146,115.37873694307146,0.0,0.0,57.68242198617257,primary,primary,"1209004194,466600301,170090974"
399,True,115.08979365749288,9.136576747640584,105.95321690985229,92.06134926713742,57.04133442126693,primary,primary,300173739
400,True,114.98669279561967,114.98669279561967,0.0,0.0,57.49326348034994,primary,primary,464845715
401,True,114.74331746161296,189.02364063471927,74.28032317310631,64.73607772230969,57.331166338779354,secondary,secondary,879562787
402,True,114.404867295694,364.99318958953035,250.58832229383634,219.0364170836882,57.19375619474325,primary,primary,464845715
403,True,114.1358823425619,114.1358823425619,0.0,0.0,57.03322992203832,primary,primary,478372781
404,True,113.72484536287398,113.72484536287398,0.0,0.0,56.86233894262444,primary,primary,1210204475
405,True,113.72484536287398,113.72484536287398,0.0,0.0,56.86233894262444,primary,primary,1210204475
406,True,113.67030006572054,99.64477107292961,14.025528992790925,12.338780653065761,56.66157665506513,secondary,secondary,"279088748,456959531,1208986540,264753949"
407,True,113.59765220235256,113.59765220235256,0.0,0.0,56.79877876811926,trunk,trunk,1210250347
408,True,113.24174354350352,113.24174354350353,1.4210854715202004e-14,1.2549130974606277e-14,55.80467308727258,secondary,secondary,875007028
409,True,113.01439981601987,25.283092191444847,87.73130762457502,77.62843298499652,56.502752068701014,secondary,secondary,279088748
410,True,113.00194714241655,9.038708160963349,103.9632389814532,92.00128104910277,56.487544142924335,primary,primary,1208988379
411,True,112.8804306736899,6.148958249089859,106.73147242460004,94.5526800239937,56.409154236585884,secondary,secondary,1238285688
412,True,111.69660217078165,111.69660217078163,1.4210854715202004e-14,1.2722727852968991e-14,55.8106299105279,secondary,secondary,456959535
413,True,110.91156924165185,131.97280249943776,21.061233257785915,18.98921221815745,55.45516202494924,primary,primary,300173742
414,True,110.62141418741076,110.62141418741076,0.0,0.0,55.31066296951201,primary,primary,279088743
415,True,110.49759596628742,143.62049861956012,33.1229026532727,29.976129673788044,55.24584193368207,primary,primary,464283097
416,True,107.80087282454969,30.974806841452278,76.82606598309741,71.26664559398787,53.89588711292221,secondary,secondary,1212991822
417,True,107.80087282454969,30.974806841452278,76.82606598309741,71.26664559398787,53.89588711292221,secondary,secondary,1212991822
418,True,107.44946829037174,107.44946829037174,0.0,0.0,53.72465819634004,primary,primary,40016878
419,True,107.09038366155735,44.098630236986956,62.9917534245704,58.82111098195906,53.544902357746096,secondary,secondary,279088748
420,True,106.61651682564306,106.61651682564306,0.0,0.0,53.30808036568759,primary,primary,300173739
421,True,106.3049213202081,44.512321729856616,61.79259959035148,58.127694205446886,52.94012921759271,secondary,secondary,364407163
422,True,106.3049213202081,44.512321729856616,61.79259959035148,58.127694205446886,52.94012921759271,secondary,secondary,364407163
423,True,106.12439266253055,234.84224166696316,128.7178490044326,121.28959777772104,52.39593065767216,primary,primary,1352928435
424,True,105.77972245995996,105.77972245995996,0.0,0.0,52.84486924467678,primary,primary,464283097
425,True,105.4895135716658,471.7401221958465,366.2506086241807,347.19148493879743,52.74349101367654,primary,primary,865024248
426,True,105.27183782085024,105.27183782085024,0.0,0.0,52.18252030895789,secondary,secondary,1089369693
427,True,104.57783306837564,165.612525504467,61.03469243609135,58.36293471120722,52.0928256115739,primary,primary,1141889036
428,True,104.39855419484648,104.39855419484648,0.0,0.0,52.19920204769175,secondary,secondary,880027169
429,True,104.39855419484648,104.39855419484648,0.0,0.0,52.19920204769175,secondary,secondary,880027169
430,True,104.27952457168114,167.05420760560193,62.774683033920795,60.19847452485252,52.04878094799389,trunk,trunk,464260872
431,True,104.22244045695945,104.22244045695945,0.0,0.0,52.10028415063703,primary,primary,865024248
432,True,104.18472459641404,104.18472459641404,0.0,0.0,52.0921957903752,primary,primary,"219116708,478371821"
433,True,103.93806754857442,103.93806754857442,0.0,0.0,51.96895438695295,secondary,secondary,264753949
434,True,103.30459683906756,159.92789645403872,56.62329961497116,54.81198450750592,51.60904859271172,secondary,secondary,"1238285688,1238285689"
435,True,103.2362101014179,103.2362101014179,0.0,0.0,51.615778536531316,secondary,secondary,1208988381
436,True,102.70736918888564,70.40399314750526,32.303376041380375,31.451858125167565,51.35361105349321,secondary,secondary,746487579
437,True,102.62427437271606,102.62427437271606,0.0,0.0,51.30400737513593,secondary,secondary,1013619972
438,True,102.476997651402,102.47699765140199,1.4210854715202004e-14,1.3867360520790573e-14,51.23842548653557,secondary,secondary,367932805
439,True,102.476997651402,102.47699765140199,1.4210854715202004e-14,1.3867360520790573e-14,51.23842548653557,secondary,secondary,367932805
440,True,102.37311296509772,102.37311296509773,1.4210854715202004e-14,1.3881432637539253e-14,51.18647045277019,primary,primary,880075594
441,True,101.59319729986645,101.59319729986643,1.4210854715202004e-14,1.3987998303918608e-14,50.79364184071309,trunk,trunk,"1210277736,870242503,870242504"
442,True,101.53815345123046,224.42801347059057,122.88986001936011,121.02825966633817,50.76900381703659,secondary,secondary,746487579
443,True,100.9366843706595,37.34493381493272,63.59175055572678,63.00162418868969,50.46826970676036,primary,primary,1208791977
444,True,100.7319707019562,100.73197070195619,1.4210854715202004e-14,1.4107591280278637e-14,50.36059992770096,secondary,secondary,1210205481
445,True,100.7106938148192,100.7106938148192,0.0,0.0,50.355292936694994,primary,primary,26754165
446,True,100.47138019138104,100.47138019138103,1.4210854715202004e-14,1.4144181843757616e-14,49.67102834438779,secondary,secondary,"875004051,869974598,1427941135"
447,True,100.47138019138102,100.47138019138103,1.4210854715202004e-14,1.414418184375762e-14,49.67102834438779,secondary,secondary,"875004051,869974598,1427941135"
448,True,100.10566802587924,100.10566802587923,1.4210854715202004e-14,1.4195854236273838e-14,50.04750020870192,primary,primary,1208795201
449,True,99.73088648072944,99.73088648072945,1.4210854715202004e-14,1.4249201242132652e-14,49.840060542968764,primary,primary,876451409
450,True,99.6447710729296,65.59898431394345,34.045786758986154,34.16715838914235,49.80375980607982,secondary,secondary,279088748
451,True,99.32186286954249,99.32186286954247,1.4210854715202004e-14,1.43078817740941e-14,49.660186046997666,primary,primary,1208785492
452,True,99.24851520626802,214.2552691317572,115.00675392548916,115.87755613922366,49.623929580963605,secondary,secondary,876134933
453,True,98.2907953419388,25.719986535166253,72.57080880677255,73.83276181081828,49.08914126513298,primary,primary,874056882
454,True,98.26633451988994,360.4714493807581,262.20511486086815,266.83107306479985,49.128079852243964,trunk,trunk,"1210277737,873398450,873398461"
455,True,98.05232146363188,83.96753227158553,14.084789192046358,14.36456473625714,49.02607902222318,primary,primary,478371821
456,True,97.76577531165924,308.0256074271481,210.25983211548885,215.06486441213127,48.87339452133628,primary,primary,1208791971
457,True,97.47461625771064,65.83410261113927,31.640513646571364,32.46025976949509,48.73508045157559,primary,primary,1203852633
458,True,97.10180814796917,97.10180814796915,1.4210854715202004e-14,1.4635005244749622e-14,48.547093468281865,secondary,secondary,456959535
459,True,97.09064412203196,34.254386304345616,62.836257817686345,64.71916875812285,48.517827994258525,secondary,secondary,875004054
460,True,97.01436508289387,97.01436508289387,0.0,0.0,48.50748251411131,primary,primary,874159869
461,True,96.541865494114,292.15503222281444,195.61316672870043,202.62004025665595,48.270841260563685,primary,primary,312566658
462,True,96.21468334087702,91.7573601557057,4.457323185171319,4.632684981542329,48.10447688042078,secondary,secondary,1210205483
463,True,95.81974142698188,92.23755962183581,3.582181805146064,3.7384590605223207,47.88951559628148,primary,primary,26754165
464,True,95.66919658658033,177.19679037258618,81.52759378600585,85.21822770009742,47.83330633903807,trunk,trunk,870242502
465,True,95.512939841262,44.11591737405346,51.39702246720854,53.811580454572926,47.732797335046655,secondary,secondary,1210205480
466,True,95.50028628527592,95.50028628527593,1.4210854715202004e-14,1.4880431533735633e-14,47.74325815092292,primary,primary,368721302
467,True,95.37223235604064,249.82530730113726,154.4530749450966,161.94763520738113,47.68604778247989,secondary,secondary,90617087
468,True,95.357485157256,95.35748515725601,1.4210854715202004e-14,1.490271549398203e-14,47.64954141648102,primary,primary,464650413
469,True,95.29020148251854,95.29020148251854,0.0,0.0,47.64381426536019,secondary,secondary,879562787
470,True,95.15575359778543,145.65401368646457,50.49826008867913,53.06905592081231,47.23029096776609,primary,primary,219116706
471,True,95.09779333517024,89.45214074261825,5.645652592551983,5.936680962358396,47.54882868580789,primary,primary,300173742
472,True,95.08596447611625,95.08596447611623,1.4210854715202004e-14,1.4945270622744218e-14,47.54291409964008,primary,primary,1208986526
473,True,94.57610568556566,356.9228028032657,262.34669711770005,277.3921544093983,47.28140777880428,primary,primary,865024248
474,True,94.42543307527836,94.42543307527836,0.0,0.0,47.191258478606976,secondary,secondary,367555141
475,True,94.29668663291856,76.51234521424433,17.78434141867423,18.85998549228536,47.14826965309158,primary,primary,368729170
476,True,94.20338760425746,94.20338760425746,0.0,0.0,46.96629592884649,primary,primary,"1209433720,44949028"
477,True,94.01851499871252,10.882374966578952,83.13614003213357,88.42528520395373,47.00918952568016,secondary,secondary,879562788
478,True,92.7720300853339,261.5883755462839,168.81634546095,181.96901081680411,46.385946487529814,trunk,trunk,1210277736
479,True,92.55526917903094,92.55526917903094,0.0,0.0,46.266456051955515,secondary,secondary,1069546783
480,True,92.47467045969444,16.693115594880805,75.78155486481363,81.94844543711395,46.23726166760508,secondary,secondary,875119268
481,True,92.47467045969444,16.693115594880805,75.78155486481363,81.94844543711395,46.23726166760508,secondary,secondary,875119268
482,True,92.40728972315024,92.40728972315024,0.0,0.0,46.20357844006816,secondary,secondary,1069546779
483,True,92.40728972315024,92.40728972315024,0.0,0.0,46.20357844006816,secondary,secondary,1069546779
484,True,92.2375596218358,100.7106938148192,8.473134192983395,9.186208121422927,46.108040933336355,primary,primary,26754165
485,True,91.85512608825712,102.47699765140199,10.621871563144865,11.563722151923297,45.91692853724455,secondary,secondary,367932805
486,True,91.85512608825712,102.47699765140199,10.621871563144865,11.563722151923297,45.91692853724455,secondary,secondary,367932805
487,True,91.82801255291602,91.82801255291602,0.0,0.0,45.91392091812254,secondary,secondary,876418713
488,True,91.82801255291602,91.82801255291602,0.0,0.0,45.91392091812254,secondary,secondary,876418713
489,True,91.7573601557057,8.416431679606408,83.3409284760993,90.82751327487591,45.87842398754277,secondary,secondary,1210205483
490,True,91.73461384815508,91.73461384815508,0.0,0.0,45.86723799137208,secondary,secondary,875119268
491,True,91.73461384815508,91.73461384815508,0.0,0.0,45.86723799137208,secondary,secondary,875119268
492,True,91.73147317037696,91.73147317037696,0.0,0.0,45.86504544505208,secondary,secondary,1210205481
493,True,91.38021245024686,320.78471062926695,229.4044981790201,251.04395363922177,45.690049092571336,secondary,secondary,478254522
494,True,91.32478235571054,97.76577531165924,6.440992955948701,7.0528423827619955,45.66181291540432,primary,primary,1208791971
495,True,91.15673836295592,91.15673836295593,1.4210854715202004e-14,1.558947256166526e-14,45.57700471616653,primary,primary,1203852633
496,True,89.84835262206519,89.84835262206519,0.0,0.0,44.92409492744896,secondary,secondary,1209072902
497,True,89.57107168529897,152.9864390586863,63.415367373387326,70.79893784925596,44.77960558586352,primary,primary,874056882
498,True,89.54616692556367,71.30308057455646,18.243086351007207,20.37282775729752,44.77301025195438,primary,primary,478371821
499,True,89.45214074261825,28.54056748957225,60.911573253046,68.0940363722626,44.7260063930917,primary,primary,300173742
500,True,89.35801788359413,89.35801788359413,0.0,0.0,44.60982220762604,primary,primary,1208491982
501,True,89.28910762056677,83.2612557945535,6.027851826013261,6.750937473391,44.644490614391046,primary,primary,1141889032
502,True,89.12133521240253,89.12133521240253,0.0,0.0,44.5100216794909,primary,primary,464650413
503,True,89.08820782665019,95.81974142698189,6.7315336003317015,7.556032122040292,44.50617816175615,primary,primary,26754165
504,True,89.02797563357834,144.40599390338113,55.378018269802794,62.20294000363194,44.50458155552431,secondary,secondary,879562788
505,True,88.82913044498599,88.82913044498599,0.0,0.0,44.41443388786917,trunk,trunk,1209009346
506,True,88.74533136812691,88.74533136812691,0.0,0.0,44.35261629998039,secondary,secondary,272996689
507,True,88.74533136812691,88.74533136812691,0.0,0.0,44.35261629998039,secondary,secondary,272996689
508,True,88.74104511803968,88.74104511803968,0.0,0.0,43.834353026152385,primary,primary,1208785497
509,True,88.72099773785389,88.72099773785389,0.0,0.0,44.36043318786261,secondary,secondary,264753949
510,True,88.70446519606946,88.70446519606946,0.0,0.0,44.32204871498657,secondary,secondary,90617087
511,True,88.65158975243222,134.4403488200718,45.788759067639575,51.650240221871854,44.324796867576254,primary,primary,478254539
512,True,88.5814932304645,88.5814932304645,0.0,0.0,44.28652393578772,primary,primary,300173742
513,True,87.74535228502363,87.74535228502363,0.0,0.0,43.87261068020061,secondary,secondary,264753949
514,True,87.73952398980363,87.73952398980363,0.0,0.0,43.85588323969678,secondary,secondary,1069546778
515,True,87.69410218311297,87.69410218311297,0.0,0.0,43.84697709755365,primary,primary,874459840
516,True,87.69122613283182,87.69122613283182,0.0,0.0,43.84555041009587,secondary,secondary,1069546779
517,True,87.69122613283182,87.69122613283182,0.0,0.0,43.84555041009587,secondary,secondary,1069546779
518,True,87.21236385596588,87.21236385596588,0.0,0.0,43.564360896596234,trunk,trunk,292410140
519,True,87.16629275657961,87.16629275657961,0.0,0.0,43.567789029357115,primary,primary,1209433713
520,True,87.03793096793834,87.03793096793834,0.0,0.0,43.499695326824465,primary,primary,865024248
521,True,86.92544872837664,86.92544872837664,0.0,0.0,43.44603337508274,primary,primary,230574632
522,True,86.74332328383596,113.00194714241655,26.25862385858059,30.271636898967774,43.36682102889707,primary,primary,1208988379
523,True,86.74023825976083,86.74023825976083,0.0,0.0,43.37005415910405,secondary,secondary,875119268
524,True,86.74023825976083,86.74023825976083,0.0,0.0,43.37005415910405,secondary,secondary,875119268
525,True,86.60319361301676,86.60319361301676,0.0,0.0,43.301534720964696,secondary,secondary,1069546779
526,True,86.60319361301676,86.60319361301676,0.0,0.0,43.301534720964696,secondary,secondary,1069546779
527,True,86.5442964207524,86.5442964207524,0.0,0.0,43.27208708382355,primary,primary,219116711
528,True,86.13019303896051,26.874408617790632,59.25578442116988,68.7979236205425,43.056986206581065,primary,primary,1210207764
529,True,86.12957343958736,86.12957343958736,0.0,0.0,42.91661377157091,primary,primary,478254536
530,True,85.71169926395703,85.71169926395703,0.0,0.0,42.85577861463845,secondary,secondary,367932805
531,True,85.71169926395703,85.71169926395703,0.0,0.0,42.85577861463845,secondary,secondary,367932805
532,True,85.66944138487148,85.66944138487148,0.0,0.0,42.83461804836961,secondary,secondary,466839445
533,True,85.4876467814299,1080.1658401252282,994.6781933437983,1163.534417887226,42.73535651948092,trunk,trunk,478811049
534,True,85.41484457302298,85.41484457302298,0.0,0.0,42.7108162124597,secondary,secondary,1238285689
535,True,85.36493223265096,87.73952398980363,2.374591757152672,2.7816946549913872,42.68057011964992,secondary,secondary,1069546778
536,True,85.16343097937141,85.16343097937141,0.0,0.0,42.56920752924792,secondary,secondary,"880027168,880027169,1069546779"
537,True,85.16343097937141,85.16343097937141,0.0,0.0,42.569207528671214,secondary,secondary,"880027168,880027169,1069546779"
538,True,85.06990995446638,33.94650851944644,51.12340143501994,60.095751203197125,42.53298424823637,secondary,secondary,264753949
539,True,84.94632813683664,148.13991025918412,63.19358212234748,74.39236457702029,42.4731039952632,primary,primary,1141889036
540,True,84.67161784538443,127.211601170194,42.53998332480957,50.2411367673288,42.272911906416454,primary,primary,464650412
541,True,84.43754495767931,84.43754495767931,0.0,0.0,42.213885281852214,primary,primary,1141889033
542,True,84.42868333216086,185.0299778788576,100.60129454669675,119.15535168410636,42.19611629986339,primary,primary,466615091
543,True,84.23108841846901,20.150820718494145,64.08026769997487,76.07674185761114,42.114921970408844,primary,primary,"1210211832,762822066,478257595"
544,True,84.10393386555911,84.10393386555911,0.0,0.0,42.051892081025734,secondary,secondary,776295454
545,True,84.10393386555911,84.10393386555911,0.0,0.0,42.051892081025734,secondary,secondary,776295454
546,True,83.96753227158553,150.40834068451002,66.4408084129245,79.1267846219746,41.98369699899963,primary,primary,478371821
547,True,83.94662586537927,83.94662586537927,0.0,0.0,41.58346630356883,trunk,trunk,"196857002,1393752820"
548,True,83.72572980996324,83.72572980996324,0.0,0.0,41.862804669905266,secondary,secondary,746487577
549,True,83.41449494471067,36.90727356407877,46.5072213806319,55.75436428819489,41.70394769026146,primary,primary,"1141889032,1141889036"
550,True,83.2612557945535,80.9953282551709,2.265927539382602,2.721466926914675,41.627018105620294,primary,primary,1141889032
551,True,82.9887117674745,180.8273791077356,97.8386673402611,117.89394636513286,41.49429706173157,primary,primary,865024248
552,True,82.61690128841516,82.61690128841516,0.0,0.0,41.289285559184854,primary,primary,1208791971
553,True,82.36634708568087,82.36634708568087,0.0,0.0,41.18310854365462,secondary,secondary,264753949
554,True,82.33743447059629,67.53572053080278,14.801713939793515,17.976894756271996,41.1666845933294,primary,primary,1141889036
555,True,82.11649597514368,49.21670179247403,32.899794182669645,40.064780884742426,41.058171186099564,primary,primary,279088743
556,True,81.88778201659792,81.88778201659792,0.0,0.0,40.943832382063285,secondary,secondary,746487577
557,True,81.85974800762133,81.85974800762133,0.0,0.0,40.87019382678454,secondary,secondary,364407163
558,True,81.85974800762133,81.85974800762133,0.0,0.0,40.87019382678454,secondary,secondary,364407163
559,True,81.664320714453,7.93976773021785,73.72455298423515,90.27755614599428,40.82718930042302,primary,primary,478257594
560,True,81.308304740016,81.308304740016,0.0,0.0,39.62724078687244,secondary,secondary,875004049
561,True,81.15417079523998,79.79866303298277,1.3555077622572043,1.6702872433719824,40.57702734800712,primary,primary,230574632
562,True,80.9953282551709,80.9953282551709,0.0,0.0,40.49757752997053,primary,primary,1141889032
563,True,80.82000858795905,81.04911381090974,0.22910522295069313,0.2834758705838919,39.88089918284324,secondary,secondary,369195863
564,True,80.56153115655368,80.56153115655368,0.0,0.0,40.276768989092,primary,primary,466600302
565,True,80.44930316768992,35.73051856824703,44.71878459944289,55.58629203565665,40.2245941956722,primary,primary,230574632
566,True,80.40772178294765,95.35748515725601,14.949763374308361,18.59244739536795,40.20379915357374,primary,primary,464650413
567,True,80.27893588453611,31.498888360924013,48.7800475236121,60.76319645513444,40.13023427518807,primary,primary,880075594
568,True,80.24271505310345,87.69122613283182,7.4485110797283625,9.282476390285458,40.09454208594293,secondary,secondary,1069546779
569,True,80.24271505310344,87.69122613283182,7.448511079728377,9.282476390285478,40.09454208594293,secondary,secondary,1069546779
570,True,80.16368716067669,80.16368716067669,0.0,0.0,39.9133084128576,primary,primary,464650413
571,True,79.79866303298277,80.44930316768992,0.650640134707146,0.8153521750586475,39.89927447296845,primary,primary,230574632
572,True,79.61094371663874,79.61094371663874,0.0,0.0,39.70199688809259,trunk,trunk,280421141
573,True,79.23224722302729,79.23224722302729,0.0,0.0,39.60500980735209,primary,primary,219116706
574,True,79.1434081392674,79.1434081392674,0.0,0.0,39.48206921913212,primary,primary,1189548648
575,True,78.61152759130555,78.61152759130555,0.0,0.0,38.85434852568913,secondary,secondary,"218508846,1069546782"
576,True,78.51154029297457,166.56924953562327,88.0577092426487,112.15893729004873,39.25566210182641,secondary,secondary,26755988
577,True,78.51154029297457,166.56924953562327,88.0577092426487,112.15893729004873,39.25566210182641,secondary,secondary,26755988
578,True,78.24755192657219,26.667745541741624,51.57980638483056,65.91874776252841,38.91862821779314,secondary,secondary,1212991822
579,True,78.24755192657219,26.667745541741624,51.57980638483056,65.91874776252841,38.91862821779314,secondary,secondary,1212991822
580,True,78.0539461302574,78.0539461302574,0.0,0.0,38.956618943523594,primary,primary,368729170
581,True,78.04222668158944,78.04222668158944,0.0,0.0,38.88033591364266,secondary,secondary,876418712
582,True,77.82599946376246,77.82599946376246,0.0,0.0,38.912264067808294,primary,primary,762822065
583,True,77.68858521384426,77.68858521384426,0.0,0.0,38.83074993563181,secondary,secondary,26754699
584,True,77.66369628471914,74.23970594770655,3.423990337012583,4.408739862779718,38.77106061046814,secondary,secondary,230574625
585,True,77.45751585045306,77.45751585045306,0.0,0.0,38.43568102258537,secondary,secondary,26764914
586,True,77.36311363034815,137.46960957416178,60.10649594381363,77.69399798334246,38.68150107304299,primary,primary,876451409
587,True,77.10456891854011,77.10456891854011,0.0,0.0,38.55222666934311,secondary,secondary,26754699
588,True,77.05379378989358,77.05379378989358,0.0,0.0,38.51979049552819,primary,primary,1141889037
589,True,76.85837924965404,76.85837924965404,0.0,0.0,38.422720674565205,secondary,secondary,26754491
590,True,76.81755821444239,76.81755821444239,0.0,0.0,38.408724243127956,secondary,secondary,746487581
591,True,76.66226491564379,76.66226491564379,0.0,0.0,38.331066078524785,secondary,secondary,1209072902
592,True,76.51234521424433,139.00971035694363,62.497365142699294,81.68272056973119,38.25206786603899,primary,primary,368729170
593,True,76.21696737606669,19.590295445882393,56.6266719301843,74.2966741916918,38.10841790101484,secondary,secondary,252236396
594,True,76.0183041434752,76.0183041434752,0.0,0.0,37.99602287933382,secondary,secondary,456959535
595,True,75.27153600195132,26.031794703144097,49.23974129880722,65.41615053202945,37.63363605667171,primary,primary,874459840
596,True,74.93335427703464,74.93335427703464,0.0,0.0,37.46662420028814,primary,primary,40016878
597,True,74.54337937283115,74.54337937283115,0.0,0.0,37.22505979336038,secondary,secondary,90617087
598,True,74.52705909445537,97.09064412203195,22.56358502757658,30.27569489758017,37.21563212890695,secondary,secondary,875004054
599,True,74.23970594770655,31.302272418700188,42.93743352900637,57.8362117426097,37.09359584275015,secondary,secondary,230574625
600,True,73.91821943479748,38.26084818767998,35.657371247117496,48.238947744906795,36.95828722062094,primary,primary,1208795201
601,True,73.7914078302696,73.7914078302696,0.0,0.0,36.89564076971714,secondary,secondary,1209072902
602,True,73.45842669377163,73.45842669377163,0.0,0.0,36.71806269810857,primary,primary,880075594
603,True,73.42535185842101,2.6252154860759713,70.80013637234504,96.42464704678852,36.34382784066962,secondary,secondary,367932805
604,True,73.425351858421,2.6252154860759713,70.80013637234502,96.42464704678852,36.34382784199552,secondary,secondary,367932805
605,True,73.2478395233728,140.1753053063159,66.92746578294309,91.37124892480558,36.623868009148744,primary,primary,1208785492
606,True,73.22170644508729,73.22170644508729,0.0,0.0,36.610197952152845,primary,primary,762822065
607,True,73.0440981864751,195.11745418292566,122.07335599645056,167.12281899190285,36.52199750024474,primary,primary,478257594
608,True,72.93580588745561,147.49819235724036,74.56238646978474,102.23015371193544,36.45087599583308,secondary,secondary,252236395
609,True,72.8080067503424,72.8080067503424,0.0,0.0,36.391718936865196,primary,primary,464650413
610,True,72.76186115709407,1222.1475264366486,1149.3856652795546,1579.654020666145,36.38087564817619,trunk,trunk,26755741
611,True,72.69361464489398,72.69361464489398,0.0,0.0,36.345481575285206,secondary,secondary,252236396
612,True,72.39355995644307,72.39355995644307,0.0,0.0,36.19672883905208,primary,primary,1210211832
613,True,72.34256714637026,67.13933422814407,5.203232918226192,7.192491396798959,36.17121788623185,primary,primary,279088743
614,True,72.32942985256548,67.6262946331855,4.703135219379988,6.5023811593244165,36.120300279072886,secondary,secondary,1209433726
615,True,72.32942985256548,67.6262946331855,4.703135219379988,6.5023811593244165,36.120300279072886,secondary,secondary,1209433726
616,True,72.24143592255933,72.24143592255933,0.0,0.0,36.1198521455053,primary,primary,1138034029
617,True,72.08758016553178,72.08758016553178,0.0,0.0,36.04374012708509,primary,primary,1208491977
618,True,71.91277080011815,54.49683641266464,17.41593438745351,24.218138438666443,35.94973975241667,secondary,secondary,875004049
619,True,71.8439994835778,45.39827197145392,26.44572751212388,36.809932217329965,35.92194844447469,primary,primary,300173742
620,True,71.30308057455646,23.679760027402146,47.623320547154314,66.78999022680102,35.651482982130105,primary,primary,478371821
621,True,70.70134577826715,31.110341640968095,39.59100413729906,55.99752550886933,35.32530939266966,secondary,secondary,1069546778
622,True,70.40399314750526,18.079211261517425,52.32478188598783,74.32075873361444,35.20167007373528,secondary,secondary,746487579
623,True,70.35092387073752,70.35092387073752,0.0,0.0,35.170194554590516,primary,primary,865024248
624,True,70.33925676472191,70.33925676472191,0.0,0.0,35.16956386068311,primary,primary,300173742
625,True,70.2197771050809,70.2197771050809,0.0,0.0,35.10982958935199,secondary,secondary,1209072902
626,True,70.21446664791772,70.21446664791772,0.0,0.0,35.091740200579686,primary,primary,746487559
627,True,70.02143194497546,70.02143194497546,0.0,0.0,35.01066576816764,secondary,secondary,1069546779
628,True,70.02143194497546,70.02143194497546,0.0,0.0,35.01066576816764,secondary,secondary,1069546779
629,True,69.92228678623202,69.92228678623202,0.0,0.0,34.96108968005934,secondary,secondary,264753949
630,True,69.63187548977514,131.0218911495294,61.39001565975427,88.16366818780988,34.815887950720374,primary,primary,865024248
631,True,69.62521597412191,46.0846399963745,23.540575977747416,33.810417171986806,33.46584400793271,secondary,secondary,"464097500,456959532"
632,True,68.92511636801719,103.2362101014179,34.31109373340071,49.78024781300454,34.46250911944665,secondary,secondary,1208988381
633,True,68.89941288296072,68.89941288296072,0.0,0.0,34.44965747561956,secondary,secondary,876473604
634,True,68.79122797512909,68.79122797512909,0.0,0.0,34.395564974950496,secondary,secondary,879562787
635,True,68.70819694472011,68.70819694472011,0.0,0.0,34.35404318194689,primary,primary,1210210285
636,True,68.57922102488006,68.57922102488006,0.0,0.0,34.28955274970764,secondary,secondary,776295454
637,True,68.57922102488006,68.57922102488006,0.0,0.0,34.28955274970764,secondary,secondary,776295454
638,True,68.53403695961849,57.39240539706987,11.141631562548618,16.257077587759017,34.266958074552434,secondary,secondary,876134933
639,True,68.47069528602644,124.2944241184147,55.823728832388255,81.52937340448011,34.23529850201043,primary,primary,865024248
640,True,68.3810791273995,187.94159050330452,119.56051137590502,174.84443489573204,34.190479298918035,primary,primary,874644320
641,True,68.21729022284364,68.21729022284364,0.0,0.0,34.108592810875535,secondary,secondary,264753949
642,True,68.18614962368711,68.18614962368711,0.0,0.0,34.090032732994736,trunk,trunk,742084228
643,True,67.89512375542482,67.89512375542482,0.0,0.0,33.9475191179728,trunk,trunk,874594465
644,True,67.7005083194458,67.7005083194458,0.0,0.0,33.85315939589709,primary,primary,746487559
645,True,67.6262946331855,67.6262946331855,0.0,0.0,33.81309534982223,secondary,secondary,1209433726
646,True,67.6262946331855,67.6262946331855,0.0,0.0,33.81309534982223,secondary,secondary,1209433726
647,True,67.53572053080278,84.94632813683664,17.410607606033864,25.779850232134493,33.76696493036521,primary,primary,1141889036
648,True,67.43744301005415,67.43744301005415,0.0,0.0,33.70346161292194,secondary,secondary,279088748
649,True,67.3815774180633,67.3815774180633,0.0,0.0,33.69074057634973,primary,primary,1208785499
650,True,67.28666428664424,67.28666428664424,0.0,0.0,33.52123752942461,secondary,secondary,1014003072
651,True,67.26907640328514,567.271621111069,500.00254470778384,743.2873638850284,33.632087957715655,trunk,trunk,870242503
652,True,67.24900013487127,87.69410218311297,20.445102048241708,30.402090748171755,33.62445966365347,primary,primary,874459840
653,True,67.13933422814407,67.13933422814407,0.0,0.0,33.569411543649636,primary,primary,279088743
654,True,67.04268960574902,67.04268960574902,0.0,0.0,33.52129678374095,primary,primary,874056882
655,True,66.70520712362648,121.52665674273197,54.82144961910549,82.18466291170266,33.276196842142895,secondary,secondary,279088748
656,True,66.70235533323444,66.70235533323444,0.0,0.0,33.35113006588924,primary,primary,1208795197
657,True,66.65680051718257,66.65680051718257,0.0,0.0,32.840636887954425,secondary,secondary,880075598
658,True,66.60370752964253,139.14366010321677,72.53995257357424,108.91278468438072,33.292346393478525,primary,primary,279088746
659,True,66.5395391057829,155.1250841611919,88.585545055409,133.1321891403214,33.25493872980414,primary,primary,478372781
660,True,66.29723424228578,66.29723424228578,0.0,0.0,33.17207292687036,primary,primary,876451409
661,True,66.29147495325302,66.29147495325302,0.0,0.0,33.09334770934446,primary,primary,874644320
662,True,66.24445559444874,66.24445559444874,0.0,0.0,33.122180516133724,primary,primary,464650415
663,True,66.15076346765119,66.15076346765119,0.0,0.0,33.02722592073969,secondary,secondary,880075597
664,True,66.06337197043854,288.84058233287084,222.7772103624323,337.2174379202423,33.030746835733716,primary,primary,1105211172
665,True,65.83410261113927,65.83410261113927,0.0,0.0,32.917004304792826,primary,primary,1203852633
666,True,65.80279448132725,56.86243352147323,8.940360959854026,13.586597697444319,32.89531773649991,primary,primary,1208795201
667,True,65.59898431394345,65.59898431394345,0.0,0.0,32.79944057094402,secondary,secondary,279088748
668,True,65.51829135071483,65.51829135071483,0.0,0.0,32.76760049205913,primary,primary,1209004191
669,True,65.47185317531397,65.47185317531397,0.0,0.0,32.718820479096685,secondary,secondary,368712589
670,True,65.47185317531397,65.47185317531397,0.0,0.0,32.718820479096685,secondary,secondary,368712589
671,True,65.42149091582739,255.99530457034086,190.57381365451346,291.3015447778614,32.70858131992582,secondary,secondary,875007028
672,True,65.05062878754624,65.05062878754624,0.0,0.0,32.525260168507124,secondary,secondary,1209072902
673,True,65.03740747541934,177.71005433719856,112.67264686177921,173.2428324489463,32.37186530920429,secondary,secondary,875004053
674,True,65.02905364273228,65.02905364273228,0.0,0.0,32.51448087705299,primary,primary,478257595
675,True,64.80364187891419,171.424659809368,106.6210179304538,164.529361065348,31.71203141536452,primary,primary,368721302
676,True,64.306059850183,64.306059850183,0.0,0.0,32.15297167626926,primary,primary,"1209433725,1249542286"
677,True,64.0240951230932,37.532413348430204,26.491681774663,41.377674645350154,32.01200218751747,secondary,secondary,875007028
678,True,63.938236476486495,165.612525504467,101.67428902798049,159.01953921636792,31.93068962629233,primary,primary,1141889036
679,True,63.57053301373808,63.57053301373808,0.0,0.0,31.34439522300057,primary,primary,470103540
680,True,63.42674662549082,310.4664369263973,247.0396903009065,389.48819456179194,31.71332148626494,secondary,secondary,1209072881
681,True,63.40995936736333,66.24687750445808,2.836918137094756,4.473931485524493,34.43759589439416,secondary,secondary,"1208986537,1208986538"
682,True,63.34287450597982,107.44946829037174,44.10659378439192,69.63150019380329,31.6712473821033,primary,primary,40016878
683,True,62.91702297753602,62.91702297753602,0.0,0.0,29.538854999357437,secondary,secondary,746487581
684,True,62.88910034855539,20.090129092793,42.79897125576239,68.05467246081461,31.44450316683068,primary,primary,1208791971
685,True,62.871657968913176,37.52425417585683,25.347403793056344,40.31610524028067,31.435784025865598,primary,primary,232511043
686,True,62.80076167923156,62.800761679231556,7.105427357601002e-15,1.1314237546820698e-14,31.333027832723747,secondary,secondary,367555141
687,True,62.7974093806127,62.7974093806127,0.0,0.0,31.353647989344573,primary,primary,746487560
688,True,62.76526774094566,66.29147495325302,3.526207212307355,5.618086784654935,31.382579315740134,primary,primary,874644320
689,True,62.208475198467184,62.208475198467184,0.0,0.0,31.10282637935869,primary,primary,874056882
690,True,61.82178666660269,61.82178666660269,0.0,0.0,30.90552222699582,secondary,secondary,279088748
691,True,61.61786616520726,61.61786616520726,0.0,0.0,30.80888721410715,secondary,secondary,264753949
692,True,61.552714374238654,52.51035961096552,9.042354763273131,14.690424062041984,30.77631082189422,primary,primary,876451409
693,True,61.51758168229616,61.51758168229616,0.0,0.0,30.758746953138118,primary,primary,1203852633
694,True,61.13548247477992,61.13548247477992,0.0,0.0,30.5622740593499,trunk,trunk,292410140
695,True,61.03508199396885,61.03508199396885,0.0,0.0,30.517497808026036,secondary,secondary,876473604
696,True,61.034692436091326,27.171986952400488,33.86270548369084,55.48107827224338,30.48736507496103,primary,primary,1141889036
697,True,60.94294021137681,55.49339773929013,5.4495424720866765,8.942040625518356,30.468997245471936,secondary,secondary,1069546778
698,True,60.63372269388464,66.70235533323444,6.068632639349794,10.008675650657121,30.316455118111655,primary,primary,1208795197
699,True,60.36897279670646,60.36897279670646,0.0,0.0,30.184373583913583,primary,primary,865024248
