segment_id,osmid,road_name,road_type,length_m,lat,lon,osmid_list,matched_osm_ids
0,"[1209033472, 280421140, 1317533102]",0.0,trunk,3016.9979383186064,20.283950272583752,85.80626747532335,"['1209033472', '280421140', '1317533102']","['1209033472', '280421140', '1317533102']"
1,"[44948707, 1317533101, 1317533103]",1.0,trunk,2971.283590979436,20.283755357256275,85.80617312564718,"['44948707', '1317533101', '1317533103']","['44948707', '1317533101', '1317533103']"
2,"[279958946, 1317535730, 1209009343]",2.0,trunk,2001.0510399446507,20.29648793440193,85.83820263652815,"['279958946', '1317535730', '1209009343']","['279958946', '1317535730', '1209009343']"
3,"[26755549, 1317535729, 1209009372, 218526245]",3.0,trunk,1989.572233152408,20.29661707850357,85.838136898719,"['26755549', '1317535729', '1209009372', '218526245']","['26755549', '1317535729', '1209009372', '218526245']"
4,873398460,4.0,trunk,1656.7999817793127,20.262789181520738,85.86831658151024,['873398460'],['873398460']
5,"[742084225, 742084226, 44947113]",5.0,trunk,1588.023179665442,20.34775351554416,85.88638721205078,"['742084225', '742084226', '44947113']","['742084225', '742084226', '44947113']"
6,"[44948644, 1203900681, 1194664843, 1194664844, 1317520819]",6.0,trunk,1505.9062740619322,20.256744393225915,85.78766561017697,"['44948644', '1203900681', '1194664843', '1194664844', '1317520819']","['44948644', '1203900681', '1194664843', '1194664844', '1317520819']"
7,"[1203900682, 1209038916, 1194663758]",7.0,trunk,1483.6343357813123,20.256789824095264,85.78756561354776,"['1203900682', '1209038916', '1194663758']","['1203900682', '1209038916', '1194663758']"
8,873398460,8.0,trunk,1452.9773308428084,20.250454150626567,85.86202456938696,['873398460'],['873398460']
9,1210277736,9.0,trunk,1393.69952816302,20.2834029109714,85.87325457446372,['1210277736'],['1210277736']
10,"[1203900681, 218526250, 218526251, 280421141]",10.0,trunk,1392.132772228004,20.268797712599337,85.79285088460102,"['1203900681', '218526250', '218526251', '280421141']","['1203900681', '218526250', '218526251', '280421141']"
11,"[879568355, 879568356, 325359753, 26755786, 1209009371]",11.0,trunk,1384.3006303268353,20.2970014077427,85.85867493233974,"['879568355', '879568356', '325359753', '26755786', '1209009371']","['879568355', '879568356', '325359753', '26755786', '1209009371']"
12,742084228,12.0,trunk,1317.3339434844804,20.328788838620497,85.88348033544113,['742084228'],['742084228']
13,"[879568354, 879568357, 573401034, 325359754, 874464058]",13.0,trunk,1308.4312809218004,20.29659438726293,85.85827140894284,"['879568354', '879568357', '573401034', '325359754', '874464058']","['879568354', '879568357', '573401034', '325359754', '874464058']"
14,478811049,14.0,trunk,1277.1611518246043,20.26454458295202,85.86907984584279,['478811049'],['478811049']
15,"[218526248, 26755741, 218526246]",15.0,trunk,1222.1475264366486,20.270280553760067,85.79326074244656,"['218526248', '26755741', '218526246']","['218526248', '26755741', '218526246']"
16,478811049,16.0,trunk,1080.1658401252282,20.251262326394176,85.86231022316852,['478811049'],['478811049']
17,26754491,17.0,secondary,1066.50914612262,20.30192356653856,85.83311581230055,['26754491'],['26754491']
18,746487581,18.0,secondary,1065.2277230966693,20.301920269562352,85.83330503562453,['746487581'],['746487581']
19,464650412,19.0,primary,1012.1732372373798,20.290078619089293,85.82599705756917,['464650412'],['464650412']
20,742084229,20.0,trunk,969.8600383768458,20.326231395902333,85.88339501250358,['742084229'],['742084229']
21,"[742084229, 742084230, 742084223]",21.0,trunk,967.8664462943204,20.33656545291409,85.883597525277,"['742084229', '742084230', '742084223']","['742084229', '742084230', '742084223']"
22,"[742084224, 464267621, 742084223]",22.0,trunk,962.4217350910671,20.3450154375708,85.88491672083636,"['742084224', '464267621', '742084223']","['742084224', '464267621', '742084223']"
23,"[874464056, 877825096, 292410142]",23.0,trunk,919.938817989941,20.30413718561172,85.86693927587477,"['874464056', '877825096', '292410142']","['874464056', '877825096', '292410142']"
24,"[414500083, 875146659]",24.0,primary,869.4487815342277,20.350521395502685,85.80697929345811,"['414500083', '875146659']","['414500083', '875146659']"
25,"[44948784, 1317535728, 1317535732, 218526252]",25.0,trunk,852.5643479559544,20.295211940880904,85.82499542067414,"['44948784', '1317535728', '1317535732', '218526252']","['44948784', '1317535728', '1317535732', '218526252']"
26,464650415,26.0,primary,813.4667803841377,20.291130135504616,85.82592697113246,['464650415'],['464650415']
27,741818619,27.0,secondary,806.477181068368,20.24069499053778,85.81019347265972,['741818619'],['741818619']
28,873398460,28.0,trunk,794.5244481372048,20.273818493777505,85.8714054986874,['873398460'],['873398460']
29,"[877786608, 292410140, 292410141]",29.0,trunk,786.6128867962552,20.304464114733207,85.86751035733191,"['877786608', '292410140', '292410141']","['877786608', '292410140', '292410141']"
30,"[26755523, 1317535731, 218526247, 1209033471]",30.0,trunk,771.7655177847529,20.29552895375968,85.8253085873208,"['26755523', '1317535731', '218526247', '1209033471']","['26755523', '1317535731', '218526247', '1209033471']"
31,"[842470001, 196857001, 1286989884]",31.0,trunk,762.8027211582153,20.31296475156335,85.87630530974936,"['842470001', '196857001', '1286989884']","['842470001', '196857001', '1286989884']"
32,"[742084226, 742084227, 742084228]",32.0,trunk,745.0016873605796,20.33798629615722,85.8832986801923,"['742084226', '742084227', '742084228']","['742084226', '742084227', '742084228']"
33,"[364407161, 1317517332, 1318339357]",33.0,secondary,726.186014336685,20.23465276671345,85.81373811726914,"['364407161', '1317517332', '1318339357']","['364407161', '1317517332', '1318339357']"
34,"[364407161, 1317517332, 1318339357]",34.0,secondary,726.1860143366849,20.23465276671345,85.81373811726912,"['364407161', '1317517332', '1318339357']","['364407161', '1317517332', '1318339357']"
35,1194663768,35.0,primary,704.2067158098589,20.265456457111377,85.78799599193567,['1194663768'],['1194663768']
36,"[1238285688, 90617087]",36.0,secondary,687.0880641753015,20.251062509266568,85.80868556647704,"['1238285688', '90617087']","['1238285688', '90617087']"
37,464267621,37.0,trunk,669.3367594339045,20.35555251176286,85.88927091495788,['464267621'],['464267621']
38,"[464264628, 1209009347, 1209009348, 196856999]",38.0,trunk,594.9813733926426,20.30907338383928,85.87240179849277,"['464264628', '1209009347', '1209009348', '196856999']","['464264628', '1209009347', '1209009348', '196856999']"
39,"[1213505657, 196857002, 44947105, 742084228]",39.0,trunk,593.829930247831,20.31794148665308,85.87990634894803,"['1213505657', '196857002', '44947105', '742084228']","['1213505657', '196857002', '44947105', '742084228']"
40,279091485,40.0,primary,592.3070665718152,20.269112490538223,85.82504163083306,['279091485'],['279091485']
41,741818619,41.0,secondary,590.4830137421894,20.24876842025203,85.81003170150667,['741818619'],['741818619']
42,"[877786609, 1393752818, 464264627]",42.0,trunk,590.0031819087746,20.312784875498448,85.87645947161676,"['877786609', '1393752818', '464264627']","['877786609', '1393752818', '464264627']"
43,880075594,43.0,primary,573.6074437863839,20.270728053396336,85.8497625703279,['880075594'],['880075594']
44,"[877821610, 870242500, 870242503]",44.0,trunk,567.271621111069,20.30361943686951,85.87187919702518,"['877821610', '870242500', '870242503']","['877821610', '870242500', '870242503']"
45,865024250,45.0,primary,560.7921275102855,20.285221498521835,85.78162169350796,['865024250'],['865024250']
46,"[464264129, 1210250340, 1393752818, 762847156, 1393752821]",46.0,trunk,560.469059085779,20.317000635405165,85.87951330018832,"['464264129', '1210250340', '1393752818', '762847156', '1393752821']","['464264129', '1210250340', '1393752818', '762847156', '1393752821']"
47,"[174417954, 230927119, 230927120, 746487580, 746487549]",47.0,secondary,535.5556741544974,20.253774067752467,85.83393630559193,"['174417954', '230927119', '230927120', '746487580', '746487549']","['174417954', '230927119', '230927120', '746487580', '746487549']"
48,"[174417954, 230927119, 230927120, 746487580, 746487549]",48.0,secondary,535.5556741544973,20.253774067752463,85.83393630559193,"['174417954', '230927119', '230927120', '746487580', '746487549']","['174417954', '230927119', '230927120', '746487580', '746487549']"
49,876418713,49.0,secondary,513.7780151849071,20.274000717394767,85.83006166195003,['876418713'],['876418713']
50,876418713,50.0,secondary,513.778015184907,20.27400071739477,85.83006166195003,['876418713'],['876418713']
51,"[279088741, 746487561, 746487564, 1317517914, 1317517916]",51.0,primary,492.841002847525,20.261715634128787,85.83645758441224,"['279088741', '746487561', '746487564', '1317517914', '1317517916']","['279088741', '746487561', '746487564', '1317517914', '1317517916']"
52,"[279088738, 746487562, 746487563, 1317517913, 1317517915]",52.0,primary,488.74421379732553,20.26183756065556,85.83651114604143,"['279088738', '746487562', '746487563', '1317517913', '1317517915']","['279088738', '746487562', '746487563', '1317517913', '1317517915']"
53,368852567,53.0,primary,487.360208526007,20.35009629497623,85.80710164776846,['368852567'],['368852567']
54,"[870242497, 877821612, 870242502]",54.0,trunk,477.834937011317,20.30313133821072,85.87188160624635,"['870242497', '877821612', '870242502']","['870242497', '877821612', '870242502']"
55,865024248,55.0,primary,471.7401221958465,20.2857567923075,85.78147314382765,['865024248'],['865024248']
56,865024250,56.0,primary,470.7998473595436,20.292228787986165,85.78064729516193,['865024250'],['865024250']
57,464267621,57.0,trunk,464.9493326535148,20.350351377972064,85.8883883608801,['464267621'],['464267621']
58,1209072881,58.0,secondary,455.4429073913592,20.25982431872852,85.83515568604204,['1209072881'],['1209072881']
59,1194663760,59.0,primary,436.3794490946383,20.265819375302044,85.7868149673111,['1194663760'],['1194663760']
60,865024248,60.0,primary,427.4466559469736,20.27790091780448,85.78274994797971,['865024248'],['865024248']
61,865024250,61.0,primary,427.0275331443135,20.2779142749146,85.78282581600101,['865024250'],['865024250']
62,1208986525,62.0,primary,419.5135551577196,20.321948639313863,85.82052700816752,['1208986525'],['1208986525']
63,1208795196,63.0,primary,419.3337677527084,20.27179869719508,85.82348468550168,['1208795196'],['1208795196']
64,44947113,64.0,trunk,410.6826044863959,20.3557852950124,85.88904212531142,['44947113'],['44947113']
65,870242502,65.0,trunk,407.7818079461824,20.29920219897483,85.87123978020561,['870242502'],['870242502']
66,279958945,66.0,trunk,407.2032609070704,20.295706333488,85.84958178784383,['279958945'],['279958945']
67,478811049,67.0,trunk,406.7978050226346,20.27191328899811,85.87093160387771,['478811049'],['478811049']
68,414500083,68.0,primary,406.2806743297109,20.344786497630363,85.80712127269358,['414500083'],['414500083']
69,1208986525,69.0,primary,402.7893414285748,20.318117798706865,85.82043734369836,['1208986525'],['1208986525']
70,746487579,70.0,secondary,399.9348179885905,20.291284006600243,85.84254371761119,['746487579'],['746487579']
71,"[1209009344, 218505932, 218505933]",71.0,trunk,394.9459138664409,20.295473571717828,85.85078291649354,"['1209009344', '218505932', '218505933']","['1209009344', '218505932', '218505933']"
72,26764975,72.0,secondary,389.04666320627103,20.312419601773588,85.83223529923194,['26764975'],['26764975']
73,"[272996689, 286061181, 286061182]",73.0,secondary,387.2334663165051,20.263774412084214,85.78498182071834,"['272996689', '286061181', '286061182']","['272996689', '286061181', '286061182']"
74,"[272996689, 286061181, 286061182]",74.0,secondary,387.2334663165051,20.26377441208421,85.78498182071831,"['272996689', '286061181', '286061182']","['272996689', '286061181', '286061182']"
75,26754491,75.0,secondary,384.2460579503212,20.30842483807616,85.83364318307034,['26754491'],['26754491']
76,865024250,76.0,primary,382.46063737311147,20.27432172165536,85.78344733189267,['865024250'],['865024250']
77,865024248,77.0,primary,381.7822872587907,20.27431028595045,85.78337938709485,['865024248'],['865024248']
78,865024250,78.0,primary,376.6895331135906,20.298465276305613,85.78070393853385,['865024250'],['865024250']
79,1208795201,79.0,primary,375.6520650924455,20.345115781661523,85.82382987524727,['1208795201'],['1208795201']
80,368852567,80.0,primary,372.6147750290638,20.34462644767824,85.80722222805565,['368852567'],['368852567']
81,"[478811049, 1210277732]",81.0,trunk,369.4585090077485,20.275600118656943,85.87205818256953,"['478811049', '1210277732']","['478811049', '1210277732']"
82,1208785491,82.0,primary,368.100578753048,20.32616318037627,85.82076038230876,['1208785491'],['1208785491']
83,746487581,83.0,secondary,363.1665570057236,20.30832423747648,85.83379458132885,['746487581'],['746487581']
84,741818619,84.0,secondary,361.0821640762453,20.25280649992408,85.80686581083629,['741818619'],['741818619']
85,1210277737,85.0,trunk,360.4714493807581,20.2384307102931,85.86041350153981,['1210277737'],['1210277737']
86,"[762822065, 478254538, 478254539]",86.0,primary,359.10287530431435,20.225935605493905,85.84230007330642,"['762822065', '478254538', '478254539']","['762822065', '478254538', '478254539']"
87,"[865024248, 869997541]",87.0,primary,356.9228028032657,20.304414833574025,85.78128299080169,"['865024248', '869997541']","['865024248', '869997541']"
88,369195862,88.0,secondary,355.9034088743231,20.25430609303033,85.80320447316555,['369195862'],['369195862']
89,478811049,89.0,trunk,353.6750166874374,20.257629601691725,85.86660963608952,['478811049'],['478811049']
90,369195862,90.0,secondary,353.5344880213471,20.255610168185555,85.80011966957595,['369195862'],['369195862']
91,874459842,91.0,primary,351.5465816823749,20.29002406914112,85.85731521612063,['874459842'],['874459842']
92,264753949,92.0,secondary,346.55664795501025,20.27638196586252,85.84346662969497,['264753949'],['264753949']
93,1209033471,93.0,trunk,345.94935756437445,20.292884280123623,85.82075098802537,['1209033471'],['1209033471']
94,456959535,94.0,secondary,343.0272619789918,20.271056447663643,85.84194482394722,['456959535'],['456959535']
95,870242503,95.0,trunk,330.8034176442437,20.29904119114209,85.8711102792113,['870242503'],['870242503']
96,865024248,96.0,primary,328.6793148977963,20.28125632755824,85.78216570446703,['865024248'],['865024248']
97,865024250,97.0,primary,328.40020854141017,20.2812642258545,85.78222687725955,['865024250'],['865024250']
98,364407163,98.0,secondary,328.123102425736,20.22755576105896,85.81421104859038,['364407163'],['364407163']
99,364407163,99.0,secondary,328.123102425736,20.22755576105896,85.81421104859037,['364407163'],['364407163']
100,"[874594465, 874594466, 459228551]",100.0,trunk,316.55579626022336,20.21161811932942,85.85260267378469,"['874594465', '874594466', '459228551']","['874594465', '874594466', '459228551']"
101,26755988,101.0,secondary,314.761614948291,20.2700948,85.8372134,['26755988'],['26755988']
102,26755988,102.0,secondary,314.761614948291,20.2700948,85.8372134,['26755988'],['26755988']
103,466600308,103.0,primary,314.5600659883634,20.26403789232761,85.8334587118777,['466600308'],['466600308']
104,368721302,104.0,primary,313.19068597158,20.342943881349704,85.80877557283264,['368721302'],['368721302']
105,1209072881,105.0,secondary,310.4664369263973,20.2570168,85.83302954999999,['1209072881'],['1209072881']
106,1208791971,106.0,primary,308.0256074271481,20.3511659748214,85.8258302294513,['1208791971'],['1208791971']
107,"[1203852633, 876451412, 1208795197]",107.0,primary,306.03649684091926,20.33662372535496,85.82211813931049,"['1203852633', '876451412', '1208795197']","['1203852633', '876451412', '1208795197']"
108,874644319,108.0,primary,303.70489612299906,20.21535799278761,85.85298744654222,['874644319'],['874644319']
109,26754491,109.0,secondary,301.8473140062701,20.31238799720124,85.8319500002213,['26754491'],['26754491']
110,605579942,110.0,trunk,300.579748215858,20.28913278035128,85.87290732653216,['605579942'],['605579942']
111,"[466600299, 466600300]",111.0,primary,298.3569192516161,20.25933801608977,85.84001131938432,"['466600299', '466600300']","['466600299', '466600300']"
112,865024250,112.0,primary,297.7126292320591,20.30148577272672,85.78098929010588,['865024250'],['865024250']
113,874159869,113.0,primary,292.93183180917873,20.354236731570293,85.81033211869345,['874159869'],['874159869']
114,312566658,114.0,primary,292.15503222281444,20.354297771216377,85.81033326522058,['312566658'],['312566658']
115,"[877821609, 877821610, 870242499]",115.0,trunk,290.3974828028281,20.307412930000723,85.87258584535341,"['877821609', '877821610', '870242499']","['877821609', '877821610', '870242499']"
116,"[1337725748, 1209433725]",116.0,primary,290.2566451529857,20.24273992864757,85.84100063598375,"['1337725748', '1209433725']","['1337725748', '1209433725']"
117,1208988379,117.0,primary,289.80722814266846,20.27993735867614,85.82667305387405,['1208988379'],['1208988379']
118,"[478254539, 874644318, 874644319]",118.0,primary,289.4278532105612,20.217251875119626,85.8510511453787,"['478254539', '874644318', '874644319']","['478254539', '874644318', '874644319']"
119,"[1105211172, 1337725743, 1337725745, 1337725746, 1337725749]",119.0,primary,288.84058233287084,20.24018721537041,85.84113908435629,"['1105211172', '1337725743', '1337725745', '1337725746', '1337725749']","['1105211172', '1337725743', '1337725745', '1337725746', '1337725749']"
120,478371821,120.0,primary,286.1263783647371,20.26580418138036,85.84707503390838,['478371821'],['478371821']
121,26764975,121.0,secondary,284.2925252255048,20.314674894774008,85.82169660120663,['26764975'],['26764975']
122,1203439472,122.0,secondary,283.9360861494393,20.314581402787766,85.82169727933166,['1203439472'],['1203439472']
123,"[1337725742, 1337725744, 1337725747, 1337725748, 1141888414]",123.0,primary,282.7018044874525,20.2401646996968,85.84105243227091,"['1337725742', '1337725744', '1337725747', '1337725748', '1141888414']","['1337725742', '1337725744', '1337725747', '1337725748', '1141888414']"
124,300173739,124.0,primary,281.6606494291864,20.303230306955616,85.8224982677093,['300173739'],['300173739']
125,1208491992,125.0,primary,281.24560459882736,20.31601372186437,85.82027167245064,['1208491992'],['1208491992']
126,742084228,126.0,trunk,281.1371286412992,20.321129837157613,85.8822003181483,['742084228'],['742084228']
127,470103540,127.0,primary,281.075554071599,20.3429202030264,85.81230894566222,['470103540'],['470103540']
128,40016878,128.0,primary,279.66370485795244,20.291911737909725,85.85736184828454,['40016878'],['40016878']
129,26764975,129.0,secondary,279.357956847722,20.31453368274516,85.82439500422804,['26764975'],['26764975']
130,875007028,130.0,secondary,276.70778724563,20.251357492162256,85.83632173438546,['875007028'],['875007028']
131,865024250,131.0,primary,271.7887932114351,20.29555682981224,85.78049270849709,['865024250'],['865024250']
132,1194663760,132.0,primary,271.38499590456155,20.26506338638364,85.78996673067407,['1194663760'],['1194663760']
133,876451409,133.0,primary,271.2410224009768,20.36054466401151,85.82820242243884,['876451409'],['876451409']
134,1208491992,134.0,primary,271.21266624269725,20.319928412391054,85.82034717851079,['1208491992'],['1208491992']
135,478254539,135.0,primary,270.7879475421756,20.22075813454876,85.84674268906952,['478254539'],['478254539']
136,300173739,136.0,primary,268.9255065505725,20.29818161327276,85.82402968743351,['300173739'],['300173739']
137,478371821,137.0,primary,266.18514162678645,20.26953211265971,85.84900201188432,['478371821'],['478371821']
138,26764975,138.0,secondary,265.038636976774,20.31385584142121,85.82848468449713,['26764975'],['26764975']
139,875119268,139.0,secondary,264.8487140598092,20.353644376443768,85.82057859831785,['875119268'],['875119268']
140,875119268,140.0,secondary,264.84871405980914,20.353644376443768,85.82057859831785,['875119268'],['875119268']
141,40016878,141.0,primary,263.37889006194814,20.28694401822593,85.85755774078063,['40016878'],['40016878']
142,1210277736,142.0,trunk,261.5883755462839,20.291534310045844,85.87218054284874,['1210277736'],['1210277736']
143,658700019,143.0,primary,261.33015913154424,20.253334978117724,85.84116895356814,['658700019'],['658700019']
144,"[1208791977, 876451410, 1208986532]",144.0,primary,261.1217520553267,20.336246385280404,85.8219506441272,"['1208791977', '876451410', '1208986532']","['1208791977', '876451410', '1208986532']"
145,874143073,145.0,secondary,260.0213282753854,20.355735414314665,85.80822173344608,['874143073'],['874143073']
146,874159868,146.0,secondary,258.68512961739776,20.35572484427713,85.8082749108919,['874159868'],['874159868']
147,466615091,147.0,primary,258.3747870725,20.27885934633868,85.8541147982031,['466615091'],['466615091']
148,170090974,148.0,primary,257.7094633441375,20.259065354445767,85.84026078654638,['170090974'],['170090974']
149,368712589,149.0,secondary,256.3774713304631,20.31492799092469,85.88012166713553,['368712589'],['368712589']
150,368712589,150.0,secondary,256.37747133046304,20.3149279909247,85.88012166713554,['368712589'],['368712589']
151,875007028,151.0,secondary,255.9953045703409,20.248053051992645,85.83616899365825,['875007028'],['875007028']
152,"[874644320, 874644321, 219116706]",152.0,primary,251.7025669308751,20.217276238976524,85.85085185773072,"['874644320', '874644321', '219116706']","['874644320', '874644321', '219116706']"
153,"[44949024, 874594467]",153.0,trunk,251.21206102536337,20.21166490327437,85.85276051072819,"['44949024', '874594467']","['44949024', '874594467']"
154,"[230574618, 464845715]",154.0,primary,250.58832229383628,20.26684874247203,85.78460149338946,"['230574618', '464845715']","['230574618', '464845715']"
155,90617087,155.0,secondary,249.8253073011373,20.2431481521366,85.81002503641797,['90617087'],['90617087']
156,1208795193,156.0,primary,249.18569077073536,20.26731773116928,85.82858608894482,['1208795193'],['1208795193']
157,478249498,157.0,secondary,248.82995491585007,20.267173405278243,85.84023075590676,['478249498'],['478249498']
158,880075594,158.0,primary,243.22906750563075,20.26553853622512,85.84705707298589,['880075594'],['880075594']
159,218526249,159.0,trunk,241.87628586022743,20.29165278549852,85.81899398254563,['218526249'],['218526249']
160,1014003072,160.0,secondary,240.8445496880053,20.29416337300201,85.84231432105823,['1014003072'],['1014003072']
161,252236396,161.0,secondary,239.4275623291592,20.25827870984092,85.7921276029302,['252236396'],['252236396']
162,174418041,162.0,secondary,237.93418161428303,20.25145137397685,85.83640689481491,['174418041'],['174418041']
163,"[1352928435, 368852567]",163.0,primary,234.8422416669632,20.353341132292304,85.8069802829466,"['1352928435', '368852567']","['1352928435', '368852567']"
164,300173739,164.0,primary,234.40772390992504,20.30550208932056,85.82171058372232,['300173739'],['300173739']
165,762822065,165.0,primary,234.24087059904133,20.22823359712781,85.84117295668801,['762822065'],['762822065']
166,1208791977,166.0,primary,233.20526151029617,20.34006215,85.82246735,['1208791977'],['1208791977']
167,762822065,167.0,primary,230.2585599712922,20.233886546483006,85.84124485972757,['762822065'],['762822065']
168,478254522,168.0,secondary,229.40354685525816,20.278438370663256,85.83914017933539,['478254522'],['478254522']
169,1208785499,169.0,primary,229.18427401204093,20.34298497734539,85.81475501772354,['1208785499'],['1208785499']
170,300173739,170.0,primary,226.6330065111433,20.31362730262078,85.82030856744434,['300173739'],['300173739']
171,478257594,171.0,primary,226.5674830169553,20.228287089696607,85.84105930837453,['478257594'],['478257594']
172,877821612,172.0,trunk,226.42862037738408,20.306234959147435,85.87254626139713,['877821612'],['877821612']
173,658700019,173.0,primary,225.99675824669325,20.255398708026807,85.84054820734177,['658700019'],['658700019']
174,746487577,174.0,secondary,225.7917915252612,20.288523703195352,85.84308105569859,['746487577'],['746487577']
175,746487579,175.0,secondary,224.42801347059057,20.288498355726087,85.84291092659457,['746487579'],['746487579']
176,746487577,176.0,secondary,224.0007977529587,20.286514997719447,85.84333288251865,['746487577'],['746487577']
177,300173739,177.0,primary,223.65607911388247,20.31160303568691,85.82026059606567,['300173739'],['300173739']
178,26754491,178.0,secondary,222.96057089947155,20.3113165862175,85.83384072374709,['26754491'],['26754491']
179,26754699,179.0,secondary,222.69678439840925,20.27837951114124,85.84021865518486,['26754699'],['26754699']
180,1208795197,180.0,primary,222.5821363227924,20.341324901582947,85.82273108128567,['1208795197'],['1208795197']
181,456959535,181.0,secondary,217.41518014009304,20.27610415,85.8432787,['456959535'],['456959535']
182,464650415,182.0,primary,216.94723502398884,20.28654533803544,85.82663906450853,['464650415'],['464650415']
183,90617087,183.0,secondary,216.4656838334737,20.24748720242067,85.81030811845834,['90617087'],['90617087']
184,464650412,184.0,primary,216.19804967540165,20.2827047020015,85.82678575672277,['464650412'],['464650412']
185,869997541,185.0,primary,216.0646225823624,20.30697764504133,85.78128587253588,['869997541'],['869997541']
186,865024250,186.0,primary,215.00879985598672,20.289172568594875,85.78107546763655,['865024250'],['865024250']
187,26754165,187.0,primary,214.89208561368105,20.268316556336693,85.82662270447533,['26754165'],['26754165']
188,876134933,188.0,secondary,214.2552691317572,20.314454681184937,85.82408202117419,['876134933'],['876134933']
189,1069546778,189.0,secondary,213.1086115818499,20.28746730473779,85.83452880053551,['1069546778'],['1069546778']
190,1141889035,190.0,primary,212.5509726333529,20.249125501244723,85.84126490953331,['1141889035'],['1141889035']
191,879562788,191.0,secondary,212.10510682944545,20.279919325577072,85.84381062626692,['879562788'],['879562788']
192,1210205481,192.0,secondary,210.52086674897487,20.24427296251187,85.84966528548209,['1210205481'],['1210205481']
193,1208795201,193.0,primary,209.4073351757516,20.35088661846376,85.82583534595403,['1208795201'],['1208795201']
194,742084229,194.0,trunk,207.88762026176863,20.321035712067104,85.88237845541404,['742084229'],['742084229']
195,478254539,195.0,primary,207.86501308530177,20.22405318751145,85.84411694604917,['478254539'],['478254539']
196,1208986526,196.0,primary,207.0391754770542,20.331512481682648,85.82145657998718,['1208986526'],['1208986526']
197,"[1208785491, 1208986526]",197.0,primary,206.93196124001668,20.328815680105805,85.82110826932356,"['1208785491', '1208986526']","['1208785491', '1208986526']"
198,"[605579942, 870242501, 870242502]",198.0,trunk,203.7659908303777,20.294036012882,85.87165090792669,"['605579942', '870242501', '870242502']","['605579942', '870242501', '870242502']"
199,876451409,199.0,primary,202.3907474497905,20.35642426844661,85.8275274199963,['876451409'],['876451409']
200,90617087,200.0,secondary,202.38056952074967,20.245273822793298,85.81015064411208,['90617087'],['90617087']
201,300173739,201.0,primary,201.75865915403148,20.3011382,85.82312775,['300173739'],['300173739']
202,762822065,202.0,primary,201.6613876353403,20.23194446397713,85.8412356402369,['762822065'],['762822065']
203,741818619,203.0,secondary,201.04385285302587,20.24527316171276,85.81023331771668,['741818619'],['741818619']
204,466615091,204.0,primary,200.97537138967195,20.281070303248125,85.85544344451537,['466615091'],['466615091']
205,1208988383,205.0,primary,198.62095288052777,20.276506364152244,85.82579342424705,['1208988383'],['1208988383']
206,875119268,206.0,secondary,195.7621185690046,20.353754603605573,85.81837277899186,['875119268'],['875119268']
207,875119268,207.0,secondary,195.7621185690046,20.353754603605577,85.81837277899187,['875119268'],['875119268']
208,478257594,208.0,primary,195.11745418292568,20.23583341220688,85.84111348237114,['478257594'],['478257594']
209,877825096,209.0,trunk,194.6682361488065,20.307765250000003,85.87062725,['877825096'],['877825096']
210,1069546778,210.0,secondary,194.1969920604718,20.28565535288863,85.83481340662688,['1069546778'],['1069546778']
211,466839445,211.0,secondary,193.69651812587333,20.28565814695056,85.83487159790768,['466839445'],['466839445']
212,218526249,212.0,trunk,193.157669389202,20.292694701682294,85.82075833132521,['218526249'],['218526249']
213,742084229,213.0,trunk,192.1184492479658,20.33137613941173,85.88411035360558,['742084229'],['742084229']
214,875119268,214.0,secondary,191.5903217247036,20.35386774300183,85.81651924117972,['875119268'],['875119268']
215,875119268,215.0,secondary,191.5903217247036,20.35386774300183,85.81651924117972,['875119268'],['875119268']
216,874459840,216.0,primary,190.9332157229613,20.282179962314785,85.85618605108826,['874459840'],['874459840']
217,1141889036,217.0,primary,190.60445950539227,20.2573404304178,85.84066762511686,['1141889036'],['1141889036']
218,464650415,218.0,primary,190.407087202514,20.28217641157419,85.82688535206351,['464650415'],['464650415']
219,879562787,219.0,secondary,189.02364063471927,20.279812912947342,85.84393895681636,['879562787'],['879562787']
220,"[874644320, 872816373, 478254536]",220.0,primary,187.94159050330447,20.225730695978967,85.84235045191504,"['874644320', '872816373', '478254536']","['874644320', '872816373', '478254536']"
221,252236395,221.0,secondary,187.7266712930368,20.25825834278065,85.79238254601361,['252236395'],['252236395']
222,230574625,222.0,secondary,187.14898865889165,20.255158163625232,85.80097402079265,['230574625'],['230574625']
223,470103540,223.0,primary,186.8862870494912,20.34285130959438,85.80939663335685,['470103540'],['470103540']
224,26754699,224.0,secondary,186.10219270450244,20.27859286531184,85.83827241250681,['26754699'],['26754699']
225,466615091,225.0,primary,185.0299778788576,20.27595135492658,85.85238857736631,['466615091'],['466615091']
226,1209072902,226.0,secondary,183.93236613042592,20.25876678731598,85.83453863966754,['1209072902'],['1209072902']
227,1208791978,227.0,primary,181.0781227785953,20.274828045736,85.82511919796005,['1208791978'],['1208791978']
228,865024248,228.0,primary,180.8273791077356,20.300971808214207,85.78084486134793,['865024248'],['865024248']
229,874644320,229.0,primary,180.7492962673884,20.218529599120696,85.84926760910864,['874644320'],['874644320']
230,300173739,230.0,primary,180.62078068781472,20.30978647554896,85.82019422556804,['300173739'],['300173739']
231,1208791977,231.0,primary,180.57172746646995,20.33821722451392,85.82221142345304,['1208791977'],['1208791977']
232,"[746487560, 658700019]",232.0,primary,179.81871632556832,20.257085559593385,85.84061340497503,"['746487560', '658700019']","['746487560', '658700019']"
233,875004053,233.0,secondary,177.71005433719856,20.24316663653508,85.85602438093963,['875004053'],['875004053']
234,40016878,234.0,primary,177.4812021104335,20.294270234425085,85.85748224364707,['40016878'],['40016878']
235,870242502,235.0,trunk,177.19679037258618,20.295720797396708,85.87132793770455,['870242502'],['870242502']
236,874644320,236.0,primary,174.76037906868515,20.22408951555483,85.84397994985139,['874644320'],['874644320']
237,874459842,237.0,primary,174.36137297484692,20.28766071553525,85.85739344698113,['874459842'],['874459842']
238,1208791971,238.0,primary,174.33077320862347,20.34748213271724,85.82456724595644,['1208791971'],['1208791971']
239,300173739,239.0,primary,173.52427150475398,20.30717508300852,85.82068438944815,['300173739'],['300173739']
240,368721302,240.0,primary,171.424659809368,20.343002,85.8117036,['368721302'],['368721302']
241,1208491977,241.0,primary,171.28074451744112,20.34307205,85.81502864999999,['1208491977'],['1208491977']
242,478257594,242.0,primary,171.1209286495828,20.23088065980152,85.841090441522,['478257594'],['478257594']
243,464650415,243.0,primary,168.96413026723744,20.284231997513164,85.82693762443205,['464650415'],['464650415']
244,874056882,244.0,primary,168.63690927120786,20.36260245236853,85.8286407323994,['874056882'],['874056882']
245,865024248,245.0,primary,168.41358578498432,20.2960276152352,85.78043232694897,['865024248'],['865024248']
246,1203900682,246.0,trunk,167.4211338703478,20.263515514376227,85.79088893601737,['1203900682'],['1203900682']
247,464260872,247.0,trunk,167.05420760560193,20.216301516391315,85.85564035032097,['464260872'],['464260872']
248,464845715,248.0,primary,166.82460045758106,20.270757033478016,85.7840720713646,['464845715'],['464845715']
249,870242498,249.0,trunk,166.59687843859135,20.308368186473203,85.87279472082126,['870242498'],['870242498']
250,26755988,250.0,secondary,166.56924953562327,20.27099405,85.8351148,['26755988'],['26755988']
251,26755988,251.0,secondary,166.56924953562327,20.27099405,85.8351148,['26755988'],['26755988']
252,874459840,252.0,primary,166.32513016888691,20.278906959367603,85.85424648310783,['874459840'],['874459840']
253,470103829,253.0,primary,165.65055454369568,20.342826799003653,85.81913384151044,['470103829'],['470103829']
254,174418041,254.0,secondary,165.64197366954426,20.2480082,85.83623514999998,['174418041'],['174418041']
255,"[1393752821, 742084229, 44947109]",255.0,trunk,165.30941993060364,20.319650449569803,85.8814174821795,"['1393752821', '742084229', '44947109']","['1393752821', '742084229', '44947109']"
256,874056882,256.0,primary,165.26230635726083,20.36111911447765,85.82839433728458,['874056882'],['874056882']
257,279088743,257.0,primary,165.20780555006587,20.26246765999804,85.83518152419778,['279088743'],['279088743']
258,478249498,258.0,secondary,164.82454558256248,20.2633057689894,85.83797017913749,['478249498'],['478249498']
259,"[1141888415, 1392897335]",259.0,primary,164.43550182597903,20.24389479748955,85.84111848674031,"['1141888415', '1392897335']","['1141888415', '1392897335']"
260,1208988383,260.0,primary,163.59233278163993,20.279751576801075,85.82656191106943,['1208988383'],['1208988383']
261,26754699,261.0,secondary,163.5295448295978,20.278097463719227,85.84279715337607,['26754699'],['26754699']
262,1208795201,262.0,primary,163.06309145955152,20.34741937126521,85.82462863485311,['1208795201'],['1208795201']
263,26754699,263.0,secondary,162.33426427348215,20.278835642939736,85.83587733324897,['26754699'],['26754699']
264,1138034029,264.0,primary,160.90992781663525,20.292756107015133,85.85723668021687,['1138034029'],['1138034029']
265,"[874459841, 874459842, 466615091]",265.0,primary,160.7785741574832,20.2836709283626,85.85672582781902,"['874459841', '874459842', '466615091']","['874459841', '874459842', '466615091']"
266,279088740,266.0,primary,160.536079822312,20.262753964580085,85.83540216796011,['279088740'],['279088740']
267,880075594,267.0,primary,160.32290359860772,20.2677668158981,85.84820815113194,['880075594'],['880075594']
268,1238285689,268.0,secondary,159.92789645403872,20.25416459648139,85.80321821647773,['1238285689'],['1238285689']
269,869997541,269.0,primary,159.80658112838552,20.3086584308926,85.78110127754225,['869997541'],['869997541']
270,478254539,270.0,primary,159.6654664959185,20.22228304058639,85.84548176164361,['478254539'],['478254539']
271,478257594,271.0,primary,159.30930714438122,20.23358285,85.84111419999999,['478257594'],['478257594']
272,1208491992,272.0,primary,159.21721425515156,20.31799330730969,85.82032453908892,['1208491992'],['1208491992']
273,879562788,273.0,secondary,158.9703039004298,20.28158312657712,85.84384763291408,['879562788'],['879562788']
274,466600306,274.0,primary,158.636905435644,20.26531895,85.83164805,['466600306'],['466600306']
275,90617087,275.0,secondary,158.062135649042,20.24047250852238,85.80977373479381,['90617087'],['90617087']
276,776295454,276.0,secondary,157.41623411523904,20.25658195950557,85.79727074936211,['776295454'],['776295454']
277,776295454,277.0,secondary,157.41623411523904,20.25658195950557,85.79727074936211,['776295454'],['776295454']
278,"[219116704, 762822062, 219116711]",278.0,primary,156.26172229881945,20.237413201603264,85.84109493470253,"['219116704', '762822062', '219116711']","['219116704', '762822062', '219116711']"
279,"[478254522, 1013619973]",279.0,secondary,156.09773242417683,20.27812523652484,85.84184376215671,"['478254522', '1013619973']","['478254522', '1013619973']"
280,26764975,280.0,secondary,155.5378914544154,20.31442065,85.82647675,['26764975'],['26764975']
281,478372781,281.0,primary,155.1250841611919,20.259593681662995,85.84280596458206,['478372781'],['478372781']
282,279088743,282.0,primary,154.94777140963538,20.2651307,85.8315107,['279088743'],['279088743']
283,870242503,283.0,trunk,154.4016441798402,20.29557444708901,85.87123586555172,['870242503'],['870242503']
284,1141889035,284.0,primary,154.33798610756168,20.25077503642312,85.84125639868307,['1141889035'],['1141889035']
285,879562787,285.0,secondary,154.07065549173444,20.28350187430308,85.84375212014078,['879562787'],['879562787']
286,869089258,286.0,secondary,153.9875654217518,20.232978498458834,85.81558669836771,['869089258'],['869089258']
287,869089258,287.0,secondary,153.9875654217518,20.23297849845884,85.81558669836772,['869089258'],['869089258']
288,"[874459840, 40016878, 874459839]",288.0,primary,153.32855012754362,20.28359527324276,85.85685434447456,"['874459840', '40016878', '874459839']","['874459840', '40016878', '874459839']"
289,874056882,289.0,primary,152.9864390586863,20.353900356925745,85.82689825603268,['874056882'],['874056882']
290,842470001,290.0,trunk,152.79232362134854,20.309962348893407,85.87315451748603,['842470001'],['842470001']
291,605579942,291.0,trunk,152.50028671883302,20.28714647831337,85.87338719399122,['605579942'],['605579942']
292,605579942,292.0,trunk,152.05069910225927,20.291840549349768,85.87222039743621,['605579942'],['605579942']
293,870242503,293.0,trunk,150.69485874488413,20.294223948814302,85.87148759882331,['870242503'],['870242503']
294,478371821,294.0,primary,150.40834068451002,20.27266055,85.85069795,['478371821'],['478371821']
295,1210205483,295.0,secondary,150.0213357394489,20.24452063969023,85.84713933775356,['1210205483'],['1210205483']
296,1208988379,296.0,primary,149.59088509342106,20.27799025,85.8263341,['1208988379'],['1208988379']
297,"[746487576, 746487577, 879562787]",297.0,secondary,148.87162109870007,20.28485148299355,85.84355618785868,"['746487576', '746487577', '879562787']","['746487576', '746487577', '879562787']"
298,1208986532,298.0,primary,148.86151304509158,20.33441533028521,85.8217235546727,['1208986532'],['1208986532']
299,367555141,299.0,secondary,148.5639441701936,20.24320506603491,85.8559048692881,['367555141'],['367555141']
300,466615091,300.0,primary,148.55381567814263,20.277257877642462,85.85317100817134,['466615091'],['466615091']
301,1208791971,301.0,primary,148.3745600085324,20.3461048,85.82408154999999,['1208791971'],['1208791971']
302,1141889036,302.0,primary,148.13991025918412,20.25382870705,85.84104614829162,['1141889036'],['1141889036']
303,90617087,303.0,secondary,147.77947755357297,20.239157582744177,85.81009646065147,['90617087'],['90617087']
304,252236395,304.0,secondary,147.49819235724036,20.2587566,85.79086625,['252236395'],['252236395']
305,875004053,305.0,secondary,147.260610068047,20.243928278712183,85.85303851262753,['875004053'],['875004053']
306,1208986532,306.0,primary,147.16266881403016,20.333094494976265,85.82154813626904,['1208986532'],['1208986532']
307,478254522,307.0,secondary,147.10275142333165,20.27864337204265,85.83734908060251,['478254522'],['478254522']
308,"[218505930, 218505931, 1210086508]",308.0,trunk,146.76475240876113,20.29564921313161,85.85221885990902,"['218505930', '218505931', '1210086508']","['218505930', '218505931', '1210086508']"
309,478254522,309.0,secondary,146.58324779630186,20.2787822,85.83579445,['478254522'],['478254522']
310,219116706,310.0,primary,145.65401368646457,20.21610959639971,85.85229276953932,['219116706'],['219116706']
311,"[746487578, 746487579, 879562788]",311.0,secondary,144.40599390338113,20.28485584877445,85.8434171288719,"['746487578', '746487579', '879562788']","['746487578', '746487579', '879562788']"
312,870242503,312.0,trunk,143.9113100221158,20.29690876801608,85.87109629137585,['870242503'],['870242503']
313,464283097,313.0,primary,143.62049861956012,20.298692671369167,85.82377469803508,['464283097'],['464283097']
314,368852567,314.0,primary,143.26764369429583,20.34726120620288,85.80716155400442,['368852567'],['368852567']
315,1141889036,315.0,primary,142.15806816515317,20.2494408082722,85.84117018832029,['1141889036'],['1141889036']
316,869997541,316.0,primary,141.60397027911924,20.31000696691486,85.78095630594315,['869997541'],['869997541']
317,478249498,317.0,secondary,141.3044004724377,20.265605472364488,85.83940071857141,['478249498'],['478249498']
318,368729170,318.0,primary,141.29533356121252,20.342827591107177,85.81843496213668,['368729170'],['368729170']
319,874644320,319.0,primary,140.61152864292586,20.2197955,85.8476948,['874644320'],['874644320']
320,1208785492,320.0,primary,140.1753053063159,20.3226715,85.82043329999999,['1208785492'],['1208785492']
321,865024248,321.0,primary,139.57815266055462,20.29879170917969,85.78066148751674,['865024248'],['865024248']
322,279088746,322.0,primary,139.14366010321675,20.260923004213183,85.83793003537372,['279088746'],['279088746']
323,"[568707032, 874594467, 1210221828, 374402719]",323.0,trunk,139.0851430088607,20.21325553778045,85.8535505757336,"['568707032', '874594467', '1210221828', '374402719']","['568707032', '874594467', '1210221828', '374402719']"
324,368729170,324.0,primary,139.00971035694363,20.34267225,85.81976854999999,['368729170'],['368729170']
325,746487559,325.0,primary,138.9630034556413,20.25983045810939,85.84290906194151,['746487559'],['746487559']
326,874459842,326.0,primary,138.0138551701159,20.28625867908367,85.85744882047739,['874459842'],['874459842']
327,875119268,327.0,secondary,137.56901352817457,20.354082797770086,85.81323688925912,['875119268'],['875119268']
328,875119268,328.0,secondary,137.56901352817457,20.354082797770086,85.81323688925912,['875119268'],['875119268']
329,876451409,329.0,primary,137.46960957416178,20.36304816267348,85.82861792346846,['876451409'],['876451409']
330,874656098,330.0,trunk,137.40500781992966,20.21443192131646,85.85421607590614,['874656098'],['874656098']
331,252236395,331.0,secondary,136.86336549284852,20.257637779714223,85.79417966245782,['252236395'],['252236395']
332,478257594,332.0,primary,135.2725275408109,20.23225825,85.8411085,['478257594'],['478257594']
333,470103829,333.0,primary,135.04207668749473,20.34253455637713,85.82218956378902,['470103829'],['470103829']
334,478254539,334.0,primary,134.4403488200718,20.218739364187485,85.84916305835,['478254539'],['478254539']
335,174418041,335.0,secondary,133.69979440501174,20.24630497555257,85.836139232433,['174418041'],['174418041']
336,280421147,336.0,trunk,133.33738830461525,20.29171680439168,85.81881929677432,['280421147'],['280421147']
337,368729170,337.0,primary,132.51086982524495,20.342988895980657,85.81713402632312,['368729170'],['368729170']
338,874644320,338.0,primary,132.35946621924458,20.22198253005244,85.84558237261201,['874644320'],['874644320']
339,174418041,339.0,secondary,132.07449319061763,20.24978927984806,85.83635136320929,['174418041'],['174418041']
340,300173742,340.0,primary,131.97280249943776,20.329790838753578,85.82112470067374,['300173742'],['300173742']
341,"[26754491, 876134933]",341.0,secondary,131.27828741015398,20.31335504285741,85.82933673801466,"['26754491', '876134933']","['26754491', '876134933']"
342,865024248,342.0,primary,131.0218911495294,20.28920034694518,85.78098777111258,['865024248'],['865024248']
343,470103829,343.0,primary,130.8960342471774,20.342682192989948,85.82054736225757,['470103829'],['470103829']
344,40016878,344.0,primary,130.71375905683067,20.284784553836623,85.85734838324022,['40016878'],['40016878']
345,1208791979,345.0,primary,130.17936963866217,20.2668626,85.8290269,['1208791979'],['1208791979']
346,1208988383,346.0,primary,130.1318069047123,20.27793193810554,85.82620940535024,['1208988383'],['1208988383']
347,470103829,347.0,primary,129.682784755002,20.34307437451335,85.8171611738243,['470103829'],['470103829']
348,869997541,348.0,primary,129.65559817577272,20.31122187747304,85.78086727644308,['869997541'],['869997541']
349,466600302,349.0,primary,129.33721632578963,20.26058863867493,85.83779334793945,['466600302'],['466600302']
350,876418713,0.0,secondary,129.07399139271223,20.275029217290665,85.82718177296726,['876418713'],['876418713']
351,876418713,1.0,secondary,129.07399139271223,20.275029217290665,85.82718177296726,['876418713'],['876418713']
352,478372781,2.0,primary,128.98100364169895,20.261137376764395,85.84393160288782,['478372781'],['478372781']
353,869974597,3.0,secondary,128.57207934666087,20.24245203794821,85.85841111511371,['869974597'],['869974597']
354,367555141,4.0,secondary,128.33886652544595,20.243938915305883,85.85170933294495,['367555141'],['367555141']
355,470103540,5.0,primary,128.08561489942574,20.3428504,85.80788615,['470103540'],['470103540']
356,762822065,6.0,primary,127.5911283328734,20.23549560156245,85.84123522247404,['762822065'],['762822065']
357,869089258,7.0,secondary,127.55952666008145,20.232161356761303,85.81524557145464,['869089258'],['869089258']
358,869089258,8.0,secondary,127.55952666008145,20.232161356761303,85.81524557145462,['869089258'],['869089258']
359,1427941136,9.0,secondary,127.23012114543832,20.24238315169057,85.85841550671486,['1427941136'],['1427941136']
360,464650412,10.0,primary,127.211601170194,20.285002548947187,85.82674219989339,['464650412'],['464650412']
361,876451409,11.0,primary,127.03219257785528,20.357888688580093,85.8277644057332,['876451409'],['876451409']
362,879562788,12.0,secondary,126.08480883515908,20.28285747490135,85.84370502168902,['879562788'],['879562788']
363,367555141,13.0,secondary,126.0606157650531,20.2438635,85.8529252,['367555141'],['367555141']
364,1208791979,14.0,primary,126.05982943747486,20.26752235,85.82802054999999,['1208791979'],['1208791979']
365,466615091,15.0,primary,125.68791531195204,20.282370155962745,85.85616869981222,['466615091'],['466615091']
366,"[464097499, 456959534]",16.0,secondary,124.96936131413244,20.269144906765444,85.83946374215054,"['464097499', '456959534']","['464097499', '456959534']"
367,865024248,17.0,primary,124.2944241184147,20.29157409172242,85.7806406602287,['865024248'],['865024248']
368,456959535,18.0,secondary,124.15445111892798,20.27307305,85.8425719,['456959535'],['456959535']
369,1209433726,19.0,secondary,124.03144057332644,20.244695891354525,85.84175116158268,['1209433726'],['1209433726']
370,1209433726,20.0,secondary,124.03144057332644,20.244695891354525,85.84175116158268,['1209433726'],['1209433726']
371,478249498,21.0,secondary,123.64245942016632,20.26224764764196,85.8371725690363,['478249498'],['478249498']
372,300173742,22.0,primary,123.5519388365556,20.32507279227844,85.8205258580069,['300173742'],['300173742']
373,746487579,23.0,secondary,122.5010438093988,20.28604639684488,85.84325557685715,['746487579'],['746487579']
374,746487577,24.0,secondary,122.46931259961792,20.2912915,85.84270495,['746487577'],['746487577']
375,1208988379,25.0,primary,122.22771719700162,20.275034781222832,85.82535107619903,['1208988379'],['1208988379']
376,464097500,26.0,secondary,122.09899259994764,20.269089131878967,85.83942289907648,['464097500'],['464097500']
377,874459842,27.0,primary,121.62255283492242,20.28485071905732,85.85722278004434,['874459842'],['874459842']
378,279088748,28.0,secondary,121.52665674273196,20.2637669,85.83842845,['279088748'],['279088748']
379,478371821,29.0,primary,121.44023393798912,20.273757843199004,85.85126846901895,['478371821'],['478371821']
380,478249498,30.0,secondary,121.32251713396718,20.26439839882872,85.83869358168789,['478249498'],['478249498']
381,876134933,31.0,secondary,121.13715182824048,20.314310060346106,85.82663704653898,['876134933'],['876134933']
382,466839445,32.0,secondary,120.6734848444312,20.28753018731952,85.83457795896936,['466839445'],['466839445']
383,1209072902,33.0,secondary,120.2570218739447,20.2598852,85.83537715,['1209072902'],['1209072902']
384,1105211172,34.0,primary,119.78122001794884,20.242617615690914,85.84108119556835,['1105211172'],['1105211172']
385,300173739,35.0,primary,119.73370221974604,20.29649933706715,85.82453466189479,['300173739'],['300173739']
386,456959534,36.0,secondary,119.23826066536982,20.26885008908341,85.8405580116107,['456959534'],['456959534']
387,218505933,37.0,trunk,119.20936277592196,20.29567125,85.84832705,['218505933'],['218505933']
388,874056882,38.0,primary,118.80951705861052,20.359855513848967,85.82819461113266,['874056882'],['874056882']
389,252236396,39.0,secondary,118.3591805639456,20.2575540405929,85.79424079752803,['252236396'],['252236396']
390,1209004192,40.0,primary,118.12178550470377,20.26608005,85.83059850000001,['1209004192'],['1209004192']
391,746487579,41.0,secondary,118.04024145184802,20.2935947,85.8422353,['746487579'],['746487579']
392,464260872,42.0,trunk,117.5635239324274,20.214561588958748,85.85418573641172,['464260872'],['464260872']
393,"[875146659, 1352928436]",43.0,primary,117.0835209067391,20.35444815112814,85.8074504773093,"['875146659', '1352928436']","['875146659', '1352928436']"
394,1210210285,44.0,primary,116.89041482028703,20.27548122429405,85.85237376650488,['1210210285'],['1210210285']
395,232511043,45.0,primary,116.48804031005898,20.2694895,85.7841723,['232511043'],['232511043']
396,875119268,46.0,secondary,115.63235117941038,20.35341558370952,85.82493679146371,['875119268'],['875119268']
397,875119268,47.0,secondary,115.63235117941036,20.35341558370952,85.82493679146371,['875119268'],['875119268']
398,"[1209004194, 466600301, 170090974]",48.0,primary,115.37873694307146,20.26003856665586,85.83880520739525,"['1209004194', '466600301', '170090974']","['1209004194', '466600301', '170090974']"
399,300173739,49.0,primary,115.08979365749288,20.30846043080386,85.82019086561036,['300173739'],['300173739']
400,464845715,50.0,primary,114.98669279561967,20.2695017,85.78425855,['464845715'],['464845715']
401,879562787,51.0,secondary,114.74331746161296,20.281176760222102,85.84400196082301,['879562787'],['879562787']
402,464845715,52.0,primary,114.404867295694,20.26847827177125,85.78439456849787,['464845715'],['464845715']
403,478372781,53.0,primary,114.1358823425619,20.26247819438093,85.84472950000942,['478372781'],['478372781']
404,1210204475,54.0,primary,113.72484536287398,20.2719902,85.7838115,['1210204475'],['1210204475']
405,1210204475,55.0,primary,113.72484536287398,20.2719902,85.7838115,['1210204475'],['1210204475']
406,"[279088748, 456959531, 1208986540, 264753949]",56.0,secondary,113.67030006572054,20.26836950413164,85.841017693293,"['279088748', '456959531', '1208986540', '264753949']","['279088748', '456959531', '1208986540', '264753949']"
407,1210250347,57.0,trunk,113.59765220235256,20.3088393,85.87172795000001,['1210250347'],['1210250347']
408,875007028,58.0,secondary,113.24174354350352,20.245806835951168,85.83605642232128,['875007028'],['875007028']
409,279088748,59.0,secondary,113.01439981601987,20.26562487140823,85.83957857759614,['279088748'],['279088748']
410,1208988379,60.0,primary,113.00194714241655,20.276103569435705,85.8257694856326,['1208988379'],['1208988379']
411,1238285688,61.0,secondary,112.8804306736899,20.25316979576688,85.80584261798336,['1238285688'],['1238285688']
412,456959535,62.0,secondary,111.69660217078165,20.2740983780809,85.84285905906773,['456959535'],['456959535']
413,300173742,63.0,primary,110.91156924165185,20.328707139996443,85.82098014715882,['300173742'],['300173742']
414,279088743,64.0,primary,110.62141418741076,20.2658477,85.83049274999999,['279088743'],['279088743']
415,464283097,65.0,primary,110.49759596628742,20.29759461619921,85.82411146925492,['464283097'],['464283097']
416,1212991822,66.0,secondary,107.80087282454969,20.26035660301587,85.78736482492242,['1212991822'],['1212991822']
417,1212991822,67.0,secondary,107.80087282454969,20.26035660301587,85.78736482492242,['1212991822'],['1212991822']
418,40016878,68.0,primary,107.44946829037174,20.2889305,85.85748865,['40016878'],['40016878']
419,279088748,69.0,secondary,107.09038366155735,20.26290412880721,85.83783282972912,['279088748'],['279088748']
420,300173739,70.0,primary,106.61651682564306,20.299804807509027,85.82353352467784,['300173739'],['300173739']
421,364407163,71.0,secondary,106.3049213202081,20.2304255033672,85.81528016343255,['364407163'],['364407163']
422,364407163,72.0,secondary,106.3049213202081,20.2304255033672,85.81528016343255,['364407163'],['364407163']
423,1352928435,73.0,primary,106.12439266253055,20.35438503606797,85.80749257043234,['1352928435'],['1352928435']
424,464283097,74.0,primary,105.77972245995996,20.2965112366484,85.82443128439904,['464283097'],['464283097']
425,865024248,75.0,primary,105.4895135716658,20.28318618667288,85.78185207886706,['865024248'],['865024248']
426,1089369693,76.0,secondary,105.27183782085024,20.25984283020703,85.78821971645586,['1089369693'],['1089369693']
427,1141889036,77.0,primary,104.57783306837564,20.255393690997284,85.8403850366,['1141889036'],['1141889036']
428,880027169,78.0,secondary,104.39855419484648,20.2953281,85.83345829999999,['880027169'],['880027169']
429,880027169,79.0,secondary,104.39855419484648,20.2953281,85.83345829999999,['880027169'],['880027169']
430,464260872,80.0,trunk,104.27952457168114,20.21538313478609,85.85478612977572,['464260872'],['464260872']
431,865024248,81.0,primary,104.22244045695945,20.29480332119168,85.78037964643454,['865024248'],['865024248']
432,"[219116708, 478371821]",82.0,primary,104.18472459641404,20.26395478798264,85.84579071247579,"['219116708', '478371821']","['219116708', '478371821']"
433,264753949,83.0,secondary,103.93806754857442,20.2725875,85.8425569,['264753949'],['264753949']
434,"[1238285688, 1238285689]",84.0,secondary,103.30459683906756,20.253745246290364,85.80439552074593,"['1238285688', '1238285689']","['1238285688', '1238285689']"
435,1208988381,85.0,secondary,103.2362101014179,20.28046694991133,85.83517501674702,['1208988381'],['1208988381']
436,746487579,86.0,secondary,102.70736918888564,20.294580400000005,85.84211065,['746487579'],['746487579']
437,1013619972,87.0,secondary,102.62427437271606,20.277992320542083,85.84307578423365,['1013619972'],['1013619972']
438,367932805,88.0,secondary,102.476997651402,20.2446158,85.84058110000001,['367932805'],['367932805']
439,367932805,89.0,secondary,102.476997651402,20.2446158,85.84058110000001,['367932805'],['367932805']
440,880075594,90.0,primary,102.37311296509772,20.27344145,85.8512212,['880075594'],['880075594']
441,"[1210277736, 870242503, 870242504]",91.0,trunk,101.59319729986645,20.29311893879036,85.87176029097895,"['1210277736', '870242503', '870242504']","['1210277736', '870242503', '870242504']"
442,746487579,92.0,secondary,101.53815345123046,20.2870457,85.84311955000001,['746487579'],['746487579']
443,1208791977,93.0,primary,100.9366843706595,20.3415525,85.82267075,['1208791977'],['1208791977']
444,1210205481,94.0,secondary,100.7319707019562,20.2446070655663,85.84687463145198,['1210205481'],['1210205481']
445,26754165,95.0,primary,100.7106938148192,20.26982115,85.82278805,['26754165'],['26754165']
446,"[875004051, 869974598, 1427941135]",96.0,secondary,100.47138019138104,20.24236065563078,85.8573503183681,"['875004051', '869974598', '1427941135']","['875004051', '869974598', '1427941135']"
447,"[875004051, 869974598, 1427941135]",97.0,secondary,100.47138019138102,20.24236065563078,85.8573503183681,"['875004051', '869974598', '1427941135']","['875004051', '869974598', '1427941135']"
448,1208795201,98.0,primary,100.10566802587924,20.34854523504328,85.82501739550028,['1208795201'],['1208795201']
449,876451409,99.0,primary,99.73088648072944,20.35889502994624,85.82793781592135,['876451409'],['876451409']
450,279088748,100.0,secondary,99.6447710729296,20.26749925264048,85.84059138033736,['279088748'],['279088748']
451,1208785492,101.0,primary,99.32186286954249,20.32374777467155,85.82047189520796,['1208785492'],['1208785492']
452,876134933,102.0,secondary,99.24851520626802,20.314367267412635,85.82558226372007,['876134933'],['876134933']
453,874056882,103.0,primary,98.2907953419388,20.3560515852547,85.82757776158138,['874056882'],['874056882']
454,"[1210277737, 873398450, 873398461]",104.0,trunk,98.26633451988994,20.2363997495739,85.86078610212802,"['1210277737', '873398450', '873398461']","['1210277737', '873398450', '873398461']"
455,478371821,105.0,primary,98.05232146363188,20.2709956,85.849785,['478371821'],['478371821']
456,1208791971,106.0,primary,97.76577531165924,20.34943005764662,85.82523118825836,['1208791971'],['1208791971']
457,1203852633,107.0,primary,97.47461625771064,20.33482216173736,85.82188790641257,['1203852633'],['1203852633']
458,456959535,108.0,secondary,97.10180814796917,20.277502458424664,85.84350391492815,['456959535'],['456959535']
459,875004054,109.0,secondary,97.09064412203196,20.244818445422155,85.84455681452273,['875004054'],['875004054']
460,874159869,110.0,primary,97.01436508289387,20.35433242128052,85.80846472889698,['874159869'],['874159869']
461,312566658,111.0,primary,96.541865494114,20.354396870337148,85.80847229805539,['312566658'],['312566658']
462,1210205483,112.0,secondary,96.21468334087702,20.24420586490217,85.84970792375081,['1210205483'],['1210205483']
463,26754165,113.0,primary,95.81974142698188,20.26927037690159,85.82451501659953,['26754165'],['26754165']
464,870242502,114.0,trunk,95.66919658658033,20.29694168275076,85.87120268554949,['870242502'],['870242502']
465,1210205480,115.0,secondary,95.512939841262,20.244078260268395,85.85111733439471,['1210205480'],['1210205480']
466,368721302,116.0,primary,95.50028628527592,20.34303353609421,85.81319462029295,['368721302'],['368721302']
467,90617087,117.0,secondary,95.37223235604064,20.24160295,85.80989645000001,['90617087'],['90617087']
468,464650413,118.0,primary,95.357485157256,20.2719352825632,85.82348594614264,['464650413'],['464650413']
469,879562787,119.0,secondary,95.29020148251854,20.278443088306428,85.84381101896959,['879562787'],['879562787']
470,219116706,120.0,primary,95.15575359778543,20.21530111056857,85.85304293936757,['219116706'],['219116706']
471,300173742,121.0,primary,95.09779333517024,20.326733749999995,85.82072855000001,['300173742'],['300173742']
472,1208986526,122.0,primary,95.08596447611625,20.33016365,85.8212844,['1208986526'],['1208986526']
473,865024248,123.0,primary,94.57610568556566,20.3024019773231,85.7810110376214,['865024248'],['865024248']
474,367555141,124.0,secondary,94.42543307527836,20.24382574353277,85.85398106740779,['367555141'],['367555141']
475,368729170,125.0,primary,94.29668663291856,20.34249035,85.82161105,['368729170'],['368729170']
476,"[1209433720, 44949028]",126.0,primary,94.20338760425746,20.29454017659986,85.85738574463865,"['1209433720', '44949028']","['1209433720', '44949028']"
477,879562788,127.0,secondary,94.01851499871252,20.2784537,85.843649,['879562788'],['879562788']
478,1210277736,128.0,trunk,92.7720300853339,20.28998405,85.8725736,['1210277736'],['1210277736']
479,1069546783,129.0,secondary,92.55526917903094,20.29638808242106,85.83334773751064,['1069546783'],['1069546783']
480,875119268,130.0,secondary,92.47467045969444,20.353522734036336,85.82301159921319,['875119268'],['875119268']
481,875119268,131.0,secondary,92.47467045969444,20.353522734036336,85.82301159921319,['875119268'],['875119268']
482,1069546779,132.0,secondary,92.40728972315024,20.2932424,85.8337525,['1069546779'],['1069546779']
483,1069546779,133.0,secondary,92.40728972315024,20.2932424,85.8337525,['1069546779'],['1069546779']
484,26754165,134.0,primary,92.2375596218358,20.269570310947568,85.8236724024953,['26754165'],['26754165']
485,367932805,135.0,secondary,91.85512608825712,20.244615570235585,85.83964990963426,['367932805'],['367932805']
486,367932805,136.0,secondary,91.85512608825712,20.244615570235585,85.83964990963426,['367932805'],['367932805']
487,876418713,137.0,secondary,91.82801255291602,20.2730116,85.83276595,['876418713'],['876418713']
488,876418713,138.0,secondary,91.82801255291602,20.2730116,85.83276595,['876418713'],['876418713']
489,1210205483,139.0,secondary,91.7573601557057,20.244312325079168,85.84881441245136,['1210205483'],['1210205483']
490,875119268,140.0,secondary,91.73461384815508,20.3540124,85.81433405,['875119268'],['875119268']
491,875119268,141.0,secondary,91.73461384815508,20.3540124,85.81433405,['875119268'],['875119268']
492,1210205481,142.0,secondary,91.73147317037696,20.244493415302657,85.84778899113479,['1210205481'],['1210205481']
493,478254522,143.0,secondary,91.38021245024686,20.2782608,85.84066625,['478254522'],['478254522']
494,1208791971,144.0,primary,91.32478235571054,20.348620789056767,85.8249529857931,['1208791971'],['1208791971']
495,1203852633,145.0,primary,91.15673836295592,20.33284459079865,85.82161995578187,['1203852633'],['1203852633']
496,1209072902,146.0,secondary,89.84835262206519,20.261059,85.8363195,['1209072902'],['1209072902']
497,874056882,147.0,primary,89.57107168529897,20.354935198907487,85.82726565096554,['874056882'],['874056882']
498,478371821,148.0,primary,89.54616692556367,20.26733625,85.8478349,['478371821'],['478371821']
499,300173742,149.0,primary,89.45214074261825,20.32755815,85.82082975,['300173742'],['300173742']
500,1208491982,150.0,primary,89.35801788359413,20.354184644386425,85.81215833328433,['1208491982'],['1208491982']
501,1141889032,151.0,primary,89.28910762056677,20.245022650000003,85.84109240000001,['1141889032'],['1141889032']
502,464650413,152.0,primary,89.12133521240253,20.27263377533012,85.82396208115473,['464650413'],['464650413']
503,26754165,153.0,primary,89.08820782665019,20.26894392669418,85.82532980362261,['26754165'],['26754165']
504,879562788,154.0,secondary,89.02797563357834,20.2838165348526,85.84357119306982,['879562788'],['879562788']
505,1209009346,155.0,trunk,88.82913044498599,20.300422655044,85.86329924504481,['1209009346'],['1209009346']
506,272996689,156.0,secondary,88.74533136812691,20.2618477089777,85.78582293488603,['272996689'],['272996689']
507,272996689,157.0,secondary,88.74533136812691,20.2618477089777,85.78582293488603,['272996689'],['272996689']
508,1208785497,158.0,primary,88.74104511803968,20.354133415207134,85.8121585564581,['1208785497'],['1208785497']
509,264753949,159.0,secondary,88.72099773785389,20.27445745,85.84309275,['264753949'],['264753949']
510,90617087,160.0,secondary,88.70446519606946,20.238181278747685,85.81054519284888,['90617087'],['90617087']
511,478254539,161.0,primary,88.65158975243222,20.21938844029694,85.84834791098292,['478254539'],['478254539']
512,300173742,162.0,primary,88.5814932304645,20.332042075982528,85.82141508321916,['300173742'],['300173742']
513,264753949,163.0,secondary,87.74535228502363,20.2717575,85.8423095,['264753949'],['264753949']
514,1069546778,164.0,secondary,87.73952398980363,20.28219040476084,85.83523027653882,['1069546778'],['1069546778']
515,874459840,165.0,primary,87.69410218311297,20.27989610000001,85.85485460000001,['874459840'],['874459840']
516,1069546779,166.0,secondary,87.69122613283182,20.28988365,85.83422255,['1069546779'],['1069546779']
517,1069546779,167.0,secondary,87.69122613283182,20.28988365,85.83422255,['1069546779'],['1069546779']
518,292410140,168.0,trunk,87.21236385596588,20.3016804451582,85.86455969909524,['292410140'],['292410140']
519,1209433713,169.0,primary,87.16629275657961,20.245024193518805,85.84118609226516,['1209433713'],['1209433713']
520,865024248,170.0,primary,87.03793096793834,20.293145627833947,85.78044122011171,['865024248'],['865024248']
521,230574632,171.0,primary,86.92544872837664,20.266107843477723,85.78461022397839,['230574632'],['230574632']
522,1208988379,172.0,primary,86.74332328383596,20.276960610412555,85.82605600430736,['1208988379'],['1208988379']
523,875119268,173.0,secondary,86.74023825976083,20.3539579,85.81518805,['875119268'],['875119268']
524,875119268,174.0,secondary,86.74023825976083,20.3539579,85.81518805,['875119268'],['875119268']
525,1069546779,175.0,secondary,86.60319361301676,20.2924447,85.83386730000001,['1069546779'],['1069546779']
526,1069546779,176.0,secondary,86.60319361301676,20.2924447,85.83386730000001,['1069546779'],['1069546779']
527,219116711,177.0,primary,86.5442964207524,20.23850485,85.84108755000001,['219116711'],['219116711']
528,1210207764,178.0,primary,86.13019303896051,20.258734484645643,85.84200651137132,['1210207764'],['1210207764']
529,478254536,179.0,primary,86.12957343958736,20.226633139335608,85.8414585562646,['478254536'],['478254536']
530,367932805,180.0,secondary,85.71169926395703,20.2450252,85.83725069999998,['367932805'],['367932805']
531,367932805,181.0,secondary,85.71169926395703,20.2450252,85.83725069999998,['367932805'],['367932805']
532,466839445,182.0,secondary,85.66944138487148,20.28141105235608,85.83528198709233,['466839445'],['466839445']
533,478811049,183.0,trunk,85.4876467814299,20.255552534296307,85.86529296971801,['478811049'],['478811049']
534,1238285689,184.0,secondary,85.41484457302298,20.254616892639035,85.80214517492358,['1238285689'],['1238285689']
535,1069546778,185.0,secondary,85.36493223265096,20.28141230812541,85.83521830320893,['1069546778'],['1069546778']
536,"[880027168, 880027169, 1069546779]",186.0,secondary,85.16343097937141,20.294379127714485,85.8335945404572,"['880027168', '880027169', '1069546779']","['880027168', '880027169', '1069546779']"
537,"[880027168, 880027169, 1069546779]",187.0,secondary,85.16343097937141,20.29437912771448,85.83359454045718,"['880027168', '880027169', '1069546779']","['880027168', '880027169', '1069546779']"
538,264753949,188.0,secondary,85.06990995446638,20.273699556447102,85.84288981272967,['264753949'],['264753949']
539,1141889036,189.0,primary,84.94632813683664,20.2527834,85.8410971,['1141889036'],['1141889036']
540,464650412,190.0,primary,84.67161784538443,20.284054498587302,85.82683707351988,['464650412'],['464650412']
541,1141889033,191.0,primary,84.43754495767931,20.2472735861486,85.84126647878247,['1141889033'],['1141889033']
542,466615091,192.0,primary,84.42868333216086,20.27487174597341,85.85180153364166,['466615091'],['466615091']
543,"[1210211832, 762822066, 478257595]",193.0,primary,84.23108841846901,20.23792564277441,85.84119805854452,"['1210211832', '762822066', '478257595']","['1210211832', '762822066', '478257595']"
544,776295454,194.0,secondary,84.10393386555911,20.2572465,85.7951834,['776295454'],['776295454']
545,776295454,195.0,secondary,84.10393386555911,20.2572465,85.7951834,['776295454'],['776295454']
546,478371821,196.0,primary,83.96753227158553,20.271724,85.8501828,['478371821'],['478371821']
547,"[196857002, 1393752820]",197.0,trunk,83.94662586537927,20.31534992286007,85.8783616602285,"['196857002', '1393752820']","['196857002', '1393752820']"
548,746487577,198.0,secondary,83.72572980996324,20.29037195,85.8428303,['746487577'],['746487577']
549,"[1141889032, 1141889036]",199.0,primary,83.41449494471067,20.24809496759856,85.8411903500112,"['1141889032', '1141889036']","['1141889032', '1141889036']"
550,1141889032,200.0,primary,83.2612557945535,20.24579801295513,85.84112074554173,['1141889032'],['1141889032']
551,865024248,201.0,primary,82.9887117674745,20.29979,85.78073690000001,['865024248'],['865024248']
552,1208791971,202.0,primary,82.61690128841516,20.34282879152761,85.82294886061894,['1208791971'],['1208791971']
553,264753949,203.0,secondary,82.36634708568087,20.27050575,85.8418728,['264753949'],['264753949']
554,1141889036,204.0,primary,82.33743447059629,20.251424668972263,85.84114500502854,['1141889036'],['1141889036']
555,279088743,205.0,primary,82.11649597514368,20.26424085,85.8328092,['279088743'],['279088743']
556,746487577,206.0,secondary,81.88778201659792,20.2922039,85.84258875000002,['746487577'],['746487577']
557,364407163,207.0,secondary,81.85974800762133,20.225279914772816,85.81291200234527,['364407163'],['364407163']
558,364407163,208.0,secondary,81.85974800762133,20.225279914772816,85.81291200234527,['364407163'],['364407163']
559,478257594,209.0,primary,81.664320714453,20.229672733484023,85.84107679188502,['478257594'],['478257594']
560,875004049,210.0,secondary,81.308304740016,20.2449029871605,85.8441429683287,['875004049'],['875004049']
561,230574632,211.0,primary,81.15417079523998,20.2668591,85.78452404999999,['230574632'],['230574632']
562,1141889032,212.0,primary,80.9953282551709,20.246536097913182,85.84114879777941,['1141889032'],['1141889032']
563,369195863,213.0,secondary,80.82000858795905,20.25396062782873,85.80514460947545,['369195863'],['369195863']
564,466600302,214.0,primary,80.56153115655368,20.26114995666392,85.83698629424265,['466600302'],['466600302']
565,230574632,215.0,primary,80.44930316768992,20.26829305,85.78434014999999,['230574632'],['230574632']
566,464650413,216.0,primary,80.40772178294765,20.271290549217444,85.82299940099116,['464650413'],['464650413']
567,880075594,217.0,primary,80.27893588453611,20.26402814598148,85.84599283370595,['880075594'],['880075594']
568,1069546779,218.0,secondary,80.24271505310345,20.29063228242225,85.83411979474296,['1069546779'],['1069546779']
569,1069546779,219.0,secondary,80.24271505310344,20.29063228242225,85.83411979474296,['1069546779'],['1069546779']
570,464650413,220.0,primary,80.16368716067669,20.27071425483863,85.82253496477543,['464650413'],['464650413']
571,230574632,221.0,primary,79.79866303298277,20.267577350000003,85.7844292,['230574632'],['230574632']
572,280421141,222.0,trunk,79.61094371663874,20.275055499915343,85.79513683013774,['280421141'],['280421141']
573,219116706,223.0,primary,79.23224722302729,20.214578327332585,85.85336155366238,['219116706'],['219116706']
574,1189548648,224.0,primary,79.1434081392674,20.26320667723116,85.8452332349964,['1189548648'],['1189548648']
575,"[218508846, 1069546782]",225.0,secondary,78.61152759130555,20.29631687192609,85.83329765167068,"['218508846', '1069546782']","['218508846', '1069546782']"
576,26755988,226.0,secondary,78.51154029297457,20.27144253761616,85.8340416947914,['26755988'],['26755988']
577,26755988,227.0,secondary,78.51154029297457,20.27144253761616,85.8340416947914,['26755988'],['26755988']
578,1212991822,228.0,secondary,78.24755192657219,20.26122661588895,85.7862727922035,['1212991822'],['1212991822']
579,1212991822,229.0,secondary,78.24755192657219,20.26122661588895,85.7862727922035,['1212991822'],['1212991822']
580,368729170,230.0,primary,78.0539461302574,20.34239925949312,85.82243133549642,['368729170'],['368729170']
581,876418712,231.0,secondary,78.04222668158944,20.27549089407868,85.82594516236657,['876418712'],['876418712']
582,762822065,232.0,primary,77.82599946376246,20.229757310947168,85.8411980485149,['762822065'],['762822065']
583,26754699,233.0,secondary,77.68858521384426,20.278215788189428,85.84164788101694,['26754699'],['26754699']
584,230574625,234.0,secondary,77.66369628471914,20.25570454711136,85.79984620971724,['230574625'],['230574625']
585,26764914,235.0,secondary,77.45751585045306,20.27542863295961,85.8259204250673,['26764914'],['26764914']
586,876451409,236.0,primary,77.36311363034815,20.3620941,85.82845549999999,['876451409'],['876451409']
587,26754699,237.0,secondary,77.10456891854011,20.27872425,85.83701880000001,['26754699'],['26754699']
588,1141889037,238.0,primary,77.05379378989358,20.25181517912289,85.8412381505656,['1141889037'],['1141889037']
589,26754491,239.0,secondary,76.85837924965404,20.31295650750747,85.83023922180068,['26754491'],['26754491']
590,746487581,240.0,secondary,76.81755821444239,20.31098495,85.83405425000001,['746487581'],['746487581']
591,1209072902,241.0,secondary,76.66226491564379,20.257803,85.83382865,['1209072902'],['1209072902']
592,368729170,242.0,primary,76.51234521424433,20.342574660861903,85.82079683795804,['368729170'],['368729170']
593,252236396,243.0,secondary,76.21696737606669,20.25874425,85.79069875,['252236396'],['252236396']
594,456959535,244.0,secondary,76.0183041434752,20.269298560807528,85.84123361376834,['456959535'],['456959535']
595,874459840,245.0,primary,75.27153600195132,20.27711447796328,85.85325322694929,['874459840'],['874459840']
596,40016878,246.0,primary,74.93335427703464,20.2903195,85.8574428,['40016878'],['40016878']
597,90617087,247.0,secondary,74.54337937283115,20.23754825172548,85.81093606861062,['90617087'],['90617087']
598,875004054,248.0,secondary,74.52705909445537,20.244749096414743,85.84537523068175,['875004054'],['875004054']
599,230574625,249.0,secondary,74.23970594770655,20.255960753658176,85.79917191881756,['230574625'],['230574625']
600,1208795201,250.0,primary,73.91821943479748,20.35241979081646,85.82638547510318,['1208795201'],['1208795201']
601,1209072902,251.0,secondary,73.7914078302696,20.256329,85.83269815,['1209072902'],['1209072902']
602,880075594,252.0,primary,73.45842669377163,20.266826460095093,85.84770767976298,['880075594'],['880075594']
603,367932805,253.0,secondary,73.42535185842101,20.245197208153613,85.83638253892481,['367932805'],['367932805']
604,367932805,254.0,secondary,73.425351858421,20.245197208153616,85.83638253892482,['367932805'],['367932805']
605,1208785492,255.0,primary,73.2478395233728,20.3217124,85.82039915,['1208785492'],['1208785492']
606,762822065,256.0,primary,73.22170644508729,20.230436413694544,85.84120996443687,['762822065'],['762822065']
607,478257594,257.0,primary,73.0440981864751,20.23462765,85.8411155,['478257594'],['478257594']
608,252236395,258.0,secondary,72.93580588745561,20.2590698167442,85.78986399452702,['252236395'],['252236395']
609,464650413,259.0,primary,72.8080067503424,20.27326498194773,85.82434929196349,['464650413'],['464650413']
610,26755741,260.0,trunk,72.76186115709407,20.264742400000003,85.79133475,['26755741'],['26755741']
611,252236396,261.0,secondary,72.69361464489398,20.25901120338489,85.78984330609947,['252236396'],['252236396']
612,1210211832,262.0,primary,72.39355995644307,20.2370403,85.8412148,['1210211832'],['1210211832']
613,279088743,263.0,primary,72.34256714637026,20.2634836,85.8339334,['279088743'],['279088743']
614,1209433726,264.0,secondary,72.32942985256548,20.2448511054324,85.84335363152812,['1209433726'],['1209433726']
615,1209433726,265.0,secondary,72.32942985256548,20.2448511054324,85.84335363152812,['1209433726'],['1209433726']
616,1138034029,266.0,primary,72.24143592255933,20.293802063554526,85.85726407302036,['1138034029'],['1138034029']
617,1208491977,267.0,primary,72.08758016553178,20.34309985,85.8161954,['1208491977'],['1208491977']
618,875004049,268.0,secondary,71.91277080011815,20.24487197042032,85.84487388266561,['875004049'],['875004049']
619,300173742,269.0,primary,71.8439994835778,20.33092055,85.82127205,['300173742'],['300173742']
620,478371821,270.0,primary,71.30308057455646,20.26798305,85.8481798,['478371821'],['478371821']
621,1069546778,271.0,secondary,70.70134577826715,20.28290119405398,85.83518939498396,['1069546778'],['1069546778']
622,746487579,272.0,secondary,70.40399314750526,20.295353870049286,85.84201727004343,['746487579'],['746487579']
623,865024248,273.0,primary,70.35092387073752,20.2924419288294,85.78051974451752,['865024248'],['865024248']
624,300173742,274.0,primary,70.33925676472191,20.32593909886401,85.82062525770813,['300173742'],['300173742']
625,1209072902,275.0,secondary,70.2197771050809,20.25685825,85.83309575,['1209072902'],['1209072902']
626,746487559,276.0,primary,70.21446664791772,20.26059484886833,85.84349012081732,['746487559'],['746487559']
627,1069546779,277.0,secondary,70.02143194497546,20.2917471,85.8339703,['1069546779'],['1069546779']
628,1069546779,278.0,secondary,70.02143194497546,20.2917471,85.8339703,['1069546779'],['1069546779']
629,264753949,279.0,secondary,69.92228678623202,20.2698713,85.8415983,['264753949'],['264753949']
630,865024248,280.0,primary,69.63187548977514,20.28830715,85.78112279999999,['865024248'],['865024248']
631,"[464097500, 456959532]",281.0,secondary,69.62521597412191,20.26868653527628,85.84067959901596,"['464097500', '456959532']","['464097500', '456959532']"
632,1208988381,282.0,secondary,68.92511636801719,20.2796952,85.83511415000001,['1208988381'],['1208988381']
633,876473604,283.0,secondary,68.89941288296072,20.27969425,85.83518095,['876473604'],['876473604']
634,879562787,284.0,secondary,68.79122797512909,20.2819995,85.84394764999999,['879562787'],['879562787']
635,1210210285,285.0,primary,68.70819694472011,20.2747487,85.8519489,['1210210285'],['1210210285']
636,776295454,286.0,secondary,68.57922102488006,20.25689625,85.79624125000001,['776295454'],['776295454']
637,776295454,287.0,secondary,68.57922102488006,20.25689625,85.79624125000001,['776295454'],['776295454']
638,876134933,288.0,secondary,68.53403695961849,20.31374805,85.82847534999999,['876134933'],['876134933']
639,865024248,289.0,primary,68.47069528602644,20.2907166,85.78077504999999,['865024248'],['865024248']
640,874644320,290.0,primary,68.3810791273995,20.22490145,85.8432034,['874644320'],['874644320']
641,264753949,291.0,secondary,68.21729022284364,20.26929225,85.84135864999999,['264753949'],['264753949']
642,742084228,292.0,trunk,68.18614962368711,20.322648945248577,85.88256900664368,['742084228'],['742084228']
643,874594465,293.0,trunk,67.89512375542482,20.2131842,85.85338279999999,['874594465'],['874594465']
644,746487559,294.0,primary,67.7005083194458,20.263369841523247,85.84525275854583,['746487559'],['746487559']
645,1209433726,295.0,secondary,67.6262946331855,20.24480095,85.8426862,['1209433726'],['1209433726']
646,1209433726,296.0,secondary,67.6262946331855,20.24480095,85.8426862,['1209433726'],['1209433726']
647,1141889036,297.0,primary,67.53572053080278,20.25209812298477,85.84112056354039,['1141889036'],['1141889036']
648,279088748,298.0,secondary,67.43744301005415,20.261938751225525,85.8371094022399,['279088748'],['279088748']
649,1208785499,299.0,primary,67.3815774180633,20.34301355,85.8161769,['1208785499'],['1208785499']
650,1014003072,300.0,secondary,67.28666428664424,20.295539335601443,85.84214329201816,['1014003072'],['1014003072']
651,870242503,301.0,trunk,67.26907640328514,20.30082160041728,85.8712847713272,['870242503'],['870242503']
652,874459840,302.0,primary,67.24900013487127,20.2804996,85.85522575,['874459840'],['874459840']
653,279088743,303.0,primary,67.13933422814407,20.26384967197077,85.83339053094252,['279088743'],['279088743']
654,874056882,304.0,primary,67.04268960574902,20.35902865,85.82806529999999,['874056882'],['874056882']
655,279088748,305.0,secondary,66.70520712362648,20.264484989092846,85.83890463287636,['279088748'],['279088748']
656,1208795197,306.0,primary,66.70235533323444,20.33828735,85.8223352,['1208795197'],['1208795197']
657,880075598,307.0,secondary,66.65680051718257,20.271666873266987,85.8333951881121,['880075598'],['880075598']
658,279088746,308.0,primary,66.60370752964253,20.261493857203018,85.83715986635791,['279088746'],['279088746']
659,478372781,309.0,primary,66.5395391057829,20.26038274596368,85.84345168690167,['478372781'],['478372781']
660,876451409,310.0,primary,66.29723424228578,20.36393124372287,85.82886098058074,['876451409'],['876451409']
661,874644320,311.0,primary,66.29147495325302,20.221075870893365,85.84625843476937,['874644320'],['874644320']
662,464650415,312.0,primary,66.24445559444874,20.28528235,85.82681260000001,['464650415'],['464650415']
663,880075597,313.0,secondary,66.15076346765119,20.27173667510089,85.83342461999705,['880075597'],['880075597']
664,1105211172,314.0,primary,66.06337197043854,20.24178217895773,85.84108667482901,['1105211172'],['1105211172']
665,1203852633,315.0,primary,65.83410261113927,20.33409365,85.82178965,['1203852633'],['1203852633']
666,1208795201,316.0,primary,65.80279448132725,20.34322569329477,85.8231824751072,['1208795201'],['1208795201']
667,279088748,317.0,secondary,65.59898431394345,20.2668286,85.8402508,['279088748'],['279088748']
668,1209004191,318.0,primary,65.51829135071483,20.260305996632272,85.83860666960207,['1209004191'],['1209004191']
669,368712589,319.0,secondary,65.47185317531397,20.31303638517433,85.88114298200288,['368712589'],['368712589']
670,368712589,320.0,secondary,65.47185317531397,20.31303638517433,85.88114298200288,['368712589'],['368712589']
671,875007028,321.0,secondary,65.42149091582739,20.24660944241097,85.83609590555864,['875007028'],['875007028']
672,1209072902,322.0,secondary,65.05062878754624,20.2555575,85.83213665,['1209072902'],['1209072902']
673,875004053,323.0,secondary,65.03740747541934,20.243838721622488,85.85520723675646,['875004053'],['875004053']
674,478257595,324.0,primary,65.02905364273228,20.23859665,85.84118269999999,['478257595'],['478257595']
675,368721302,325.0,primary,64.80364187891419,20.342998664734267,85.81057888456992,['368721302'],['368721302']
676,"[1209433725, 1249542286]",326.0,primary,64.306059850183,20.244332999030163,85.84105306463591,"['1209433725', '1249542286']","['1209433725', '1249542286']"
677,875007028,327.0,secondary,64.0240951230932,20.24948925,85.836263,['875007028'],['875007028']
678,1141889036,328.0,primary,63.938236476486495,20.254728323888045,85.84076558935882,['1141889036'],['1141889036']
679,470103540,329.0,primary,63.57053301373808,20.34284102126026,85.81059278314979,['470103540'],['470103540']
680,1209072881,330.0,secondary,63.42674662549082,20.2556377,85.8320052,['1209072881'],['1209072881']
681,"[1208986537, 1208986538]",331.0,secondary,63.40995936736333,20.26854058297073,85.8408343793287,"['1208986537', '1208986538']","['1208986537', '1208986538']"
682,40016878,332.0,primary,63.34287450597982,20.289698040869062,85.85746190686119,['40016878'],['40016878']
683,746487581,333.0,secondary,62.91702297753602,20.311601132967063,85.8341057994827,['746487581'],['746487581']
684,1208791971,334.0,primary,62.88910034855539,20.3527536,85.8263753,['1208791971'],['1208791971']
685,232511043,335.0,primary,62.871657968913176,20.27066875,85.78400769999999,['232511043'],['232511043']
686,367555141,336.0,secondary,62.80076167923156,20.243777144466005,85.85519331313522,['367555141'],['367555141']
687,746487560,337.0,primary,62.7974093806127,20.25797731064939,85.84126868520211,['746487560'],['746487560']
688,874644320,338.0,primary,62.76526774094566,20.2206449,85.8466696,['874644320'],['874644320']
689,874056882,339.0,primary,62.208475198467184,20.35777424512435,85.8278609214031,['874056882'],['874056882']
690,279088748,340.0,secondary,61.82178666660269,20.2663183005252,85.83997360686084,['279088748'],['279088748']
691,264753949,341.0,secondary,61.61786616520726,20.2711115,85.84211429999999,['264753949'],['264753949']
692,876451409,342.0,primary,61.552714374238654,20.35399595,85.8268256,['876451409'],['876451409']
693,1203852633,343.0,primary,61.51758168229616,20.3335256,85.8217124,['1203852633'],['1203852633']
694,292410140,344.0,trunk,61.13548247477992,20.30119287730161,85.86407423013047,['292410140'],['292410140']
695,876473604,345.0,secondary,61.03508199396885,20.28027675,85.8352277,['876473604'],['876473604']
696,1141889036,346.0,primary,61.034692436091326,20.25609867314088,85.84014714090301,['1141889036'],['1141889036']
697,1069546778,347.0,secondary,60.94294021137681,20.28402675637364,85.83506922144088,['1069546778'],['1069546778']
698,1208795197,348.0,primary,60.63372269388464,20.338855573667555,85.82241035188981,['1208795197'],['1208795197']
699,865024248,349.0,primary,60.36897279670646,20.29406344536884,85.78039299060175,['865024248'],['865024248']
