policy,threshold_seconds,threshold_percent,sample_count,reroute_count,reroute_frequency_pct,beneficial_reroutes_count,detrimental_reroutes_count,beneficial_reroute_rate_pct,detrimental_reroute_rate_pct,mean_saving_seconds_overall,median_saving_seconds_overall,mean_improvement_pct_overall,median_improvement_pct_overall,mean_saving_seconds_when_rerouted,mean_improvement_pct_when_rerouted,mean_journey_time_s,mean_route_overlap,mean_changed_edges,is_default_geopulse
"Unconstrained (0s, 0%)",0.0,0.0,20,10,50.0,10,0,100.0,0.0,35.27,4.34,2.44,0.28,70.53,4.89,1190.7,0.8775,0.4,False
5s + 1%,5.0,1.0,20,9,45.0,9,0,100.0,0.0,34.83,0.0,2.42,0.0,77.4,5.37,1191.14,0.8775,0.4,False
5s + 2%,5.0,2.0,20,8,40.0,8,0,100.0,0.0,33.96,0.0,2.35,0.0,84.91,5.88,1192.0,0.8775,0.4,False
5s + 3%,5.0,3.0,20,8,40.0,8,0,100.0,0.0,33.96,0.0,2.35,0.0,84.91,5.88,1192.0,0.8775,0.4,False
5s + 5%,5.0,5.0,20,8,40.0,8,0,100.0,0.0,33.96,0.0,2.35,0.0,84.91,5.88,1192.0,0.8775,0.4,False
5s + 10%,5.0,10.0,20,0,0.0,0,0,0.0,0.0,0.0,0.0,0.0,0.0,0.0,0.0,1225.97,1.0,0.0,False
10s + 1%,10.0,1.0,20,9,45.0,9,0,100.0,0.0,34.83,0.0,2.42,0.0,77.4,5.37,1191.14,0.8775,0.4,False
10s + 2%,10.0,2.0,20,8,40.0,8,0,100.0,0.0,33.96,0.0,2.35,0.0,84.91,5.88,1192.0,0.8775,0.4,False
10s + 3% [GeoPulse Default],10.0,3.0,20,8,40.0,8,0,100.0,0.0,33.96,0.0,2.35,0.0,84.91,5.88,1192.0,0.8775,0.4,True
10s + 5%,10.0,5.0,20,8,40.0,8,0,100.0,0.0,33.96,0.0,2.35,0.0,84.91,5.88,1192.0,0.8775,0.4,False
10s + 10%,10.0,10.0,20,0,0.0,0,0,0.0,0.0,0.0,0.0,0.0,0.0,0.0,0.0,1225.97,1.0,0.0,False
20s + 1%,20.0,1.0,20,8,40.0,8,0,100.0,0.0,33.96,0.0,2.35,0.0,84.91,5.88,1192.0,0.8775,0.4,False
20s + 2%,20.0,2.0,20,8,40.0,8,0,100.0,0.0,33.96,0.0,2.35,0.0,84.91,5.88,1192.0,0.8775,0.4,False
20s + 3%,20.0,3.0,20,8,40.0,8,0,100.0,0.0,33.96,0.0,2.35,0.0,84.91,5.88,1192.0,0.8775,0.4,False
20s + 5%,20.0,5.0,20,8,40.0,8,0,100.0,0.0,33.96,0.0,2.35,0.0,84.91,5.88,1192.0,0.8775,0.4,False
20s + 10%,20.0,10.0,20,0,0.0,0,0,0.0,0.0,0.0,0.0,0.0,0.0,0.0,0.0,1225.97,1.0,0.0,False
30s + 1%,30.0,1.0,20,8,40.0,8,0,100.0,0.0,33.96,0.0,2.35,0.0,84.91,5.88,1192.0,0.8775,0.4,False
30s + 2%,30.0,2.0,20,8,40.0,8,0,100.0,0.0,33.96,0.0,2.35,0.0,84.91,5.88,1192.0,0.8775,0.4,False
30s + 3%,30.0,3.0,20,8,40.0,8,0,100.0,0.0,33.96,0.0,2.35,0.0,84.91,5.88,1192.0,0.8775,0.4,False
30s + 5%,30.0,5.0,20,8,40.0,8,0,100.0,0.0,33.96,0.0,2.35,0.0,84.91,5.88,1192.0,0.8775,0.4,False
30s + 10%,30.0,10.0,20,0,0.0,0,0,0.0,0.0,0.0,0.0,0.0,0.0,0.0,0.0,1225.97,1.0,0.0,False
