timestamp,event,current_node,edge_index,progress_pct,elapsed_time_s,accumulated_dist_m,description
2026-01-15 19:30:00+05:30,DEPARTURE,3725764138,0,0.0,0.0,0.0,Departed origin 3725764138 on initial route R0 (69 links)
2026-01-15 20:30:00+05:30,LINK_TRAVERSAL,8153479957,1,1.45,24.96,171.42,Traversed edge 3725764138 -> 8153479957 in 25.0s (171.4m)
2026-01-15 20:30:00+05:30,LINK_TRAVERSAL,6950332807,2,2.9,26.95,193.49,Traversed edge 8153479957 -> 6950332807 in 2.0s (22.1m)
2026-01-15 20:30:00+05:30,LINK_TRAVERSAL,6604456764,3,4.35,41.22,288.99,Traversed edge 6950332807 -> 6604456764 in 14.3s (95.5m)
2026-01-15 20:30:00+05:30,LINK_TRAVERSAL,3726939998,4,5.8,46.43,346.87,Traversed edge 6604456764 -> 3726939998 in 5.2s (57.9m)
2026-01-15 20:30:00+05:30,LINK_TRAVERSAL,6604456763,5,7.25,71.37,518.15,Traversed edge 3726939998 -> 6604456763 in 24.9s (171.3m)
2026-01-15 20:30:00+05:30,LINK_TRAVERSAL,3726939997,6,8.7,82.03,590.24,Traversed edge 6604456763 -> 3726939997 in 10.7s (72.1m)
2026-01-15 20:30:00+05:30,LINK_TRAVERSAL,6605170431,7,10.14,101.58,719.92,Traversed edge 3726939997 -> 6605170431 in 19.5s (129.7m)
2026-01-15 20:30:00+05:30,LINK_TRAVERSAL,3726944827,8,11.59,106.97,779.87,Traversed edge 6605170431 -> 3726944827 in 5.4s (59.9m)
2026-01-15 20:30:00+05:30,LINK_TRAVERSAL,13957674836,9,13.04,130.98,942.31,Traversed edge 3726944827 -> 13957674836 in 24.0s (162.4m)
2026-01-15 20:30:00+05:30,LINK_TRAVERSAL,6604385662,10,14.49,151.2,1076.41,Traversed edge 13957674836 -> 6604385662 in 20.2s (134.1m)
2026-01-15 20:30:00+05:30,LINK_TRAVERSAL,3726944825,11,15.94,154.71,1115.48,Traversed edge 6604385662 -> 3726944825 in 3.5s (39.1m)
2026-01-15 20:30:00+05:30,LINK_TRAVERSAL,3725763954,12,17.39,175.07,1250.52,Traversed edge 3726944825 -> 3725763954 in 20.4s (135.0m)
2026-01-15 20:30:00+05:30,LINK_TRAVERSAL,6604385664,13,18.84,175.79,1258.55,Traversed edge 3725763954 -> 6604385664 in 0.7s (8.0m)
2026-01-15 20:30:00+05:30,LINK_TRAVERSAL,6604385665,14,20.29,177.27,1274.97,Traversed edge 6604385664 -> 6604385665 in 1.5s (16.4m)
2026-01-15 20:30:00+05:30,REROUTE_SWITCH,6604385665,14,20.29,177.27,1274.97,"Switched to dynamic bypass R1 at Node 6604385665 (Degradation detected: Alternative saves 47.6s (5.6%), exceeding gates (10.0s / 3.0%).)"
2026-01-15 20:30:00+05:30,LINK_TRAVERSAL,10168649545,15,19.23,198.92,1497.55,Traversed edge 6604385665 -> 10168649545 in 21.7s (222.6m)
2026-01-15 20:30:00+05:30,LINK_TRAVERSAL,10230224084,16,20.51,203.04,1543.34,Traversed edge 10168649545 -> 10230224084 in 4.1s (45.8m)
2026-01-15 20:30:00+05:30,LINK_TRAVERSAL,10113293654,17,21.79,206.72,1584.21,Traversed edge 10230224084 -> 10113293654 in 3.7s (40.9m)
2026-01-15 20:30:00+05:30,LINK_TRAVERSAL,10230224085,18,23.08,211.07,1632.53,Traversed edge 10113293654 -> 10230224085 in 4.3s (48.3m)
2026-01-15 20:30:00+05:30,LINK_TRAVERSAL,4594183933,19,24.36,216.97,1693.17,Traversed edge 10230224085 -> 4594183933 in 5.9s (60.6m)
2026-01-15 20:30:00+05:30,LINK_TRAVERSAL,4594183932,20,25.64,223.46,1759.87,Traversed edge 4594183933 -> 4594183932 in 6.5s (66.7m)
2026-01-15 20:30:00+05:30,LINK_TRAVERSAL,4594183924,21,26.92,253.24,2065.91,Traversed edge 4594183932 -> 4594183924 in 29.8s (306.0m)
2026-01-15 20:30:00+05:30,LINK_TRAVERSAL,4594181070,22,28.21,262.72,2163.38,Traversed edge 4594183924 -> 4594181070 in 9.5s (97.5m)
2026-01-15 20:30:00+05:30,LINK_TRAVERSAL,4594181069,23,29.49,269.13,2229.21,Traversed edge 4594181070 -> 4594181069 in 6.4s (65.8m)
2026-01-15 20:30:00+05:30,LINK_TRAVERSAL,4594181068,24,30.77,275.11,2290.73,Traversed edge 4594181069 -> 4594181068 in 6.0s (61.5m)
2026-01-15 20:30:00+05:30,LINK_TRAVERSAL,6166520809,25,32.05,283.98,2381.89,Traversed edge 4594181068 -> 6166520809 in 8.9s (91.2m)
2026-01-15 20:30:00+05:30,LINK_TRAVERSAL,6605237341,26,33.33,304.13,2588.93,Traversed edge 6166520809 -> 6605237341 in 20.1s (207.0m)
2026-01-15 20:30:00+05:30,LINK_TRAVERSAL,4594181067,27,34.62,313.38,2684.01,Traversed edge 6605237341 -> 4594181067 in 9.3s (95.1m)
2026-01-15 20:30:00+05:30,LINK_TRAVERSAL,4594181065,28,35.9,333.51,2890.95,Traversed edge 4594181067 -> 4594181065 in 20.1s (206.9m)
2026-01-15 20:30:00+05:30,LINK_TRAVERSAL,6604714345,29,37.18,334.39,2900.68,Traversed edge 4594181065 -> 6604714345 in 0.9s (9.7m)
2026-01-15 20:30:00+05:30,LINK_TRAVERSAL,6604381556,30,38.46,370.2,3268.78,Traversed edge 6604714345 -> 6604381556 in 35.8s (368.1m)
2026-01-15 20:30:00+05:30,LINK_TRAVERSAL,4594181064,31,39.74,373.21,3302.18,Traversed edge 6604381556 -> 4594181064 in 3.0s (33.4m)
2026-01-15 20:30:00+05:30,LINK_TRAVERSAL,3725790780,32,41.03,377.03,3344.69,Traversed edge 4594181064 -> 3725790780 in 3.8s (42.5m)
2026-01-15 20:30:00+05:30,LINK_TRAVERSAL,8156993031,33,42.31,417.85,3764.2,Traversed edge 3725790780 -> 8156993031 in 40.8s (419.5m)
2026-01-15 20:30:00+05:30,LINK_TRAVERSAL,4601195799,34,43.59,419.2,3779.24,Traversed edge 8156993031 -> 4601195799 in 1.4s (15.0m)
2026-01-15 20:30:00+05:30,LINK_TRAVERSAL,8157194822,35,44.87,458.4,4182.03,Traversed edge 4601195799 -> 8157194822 in 39.2s (402.8m)
2026-01-15 20:30:00+05:30,LINK_TRAVERSAL,8157194827,36,46.15,462.96,4232.76,Traversed edge 8157194822 -> 8157194827 in 4.6s (50.7m)
2026-01-15 20:30:00+05:30,LINK_TRAVERSAL,4877965174,37,47.44,464.85,4253.71,Traversed edge 8157194827 -> 4877965174 in 1.9s (21.0m)
2026-01-15 20:30:00+05:30,LINK_TRAVERSAL,4877965172,38,48.72,468.93,4299.08,Traversed edge 4877965174 -> 4877965172 in 4.1s (45.4m)
2026-01-15 20:30:00+05:30,LINK_TRAVERSAL,3042737264,39,50.0,473.99,4355.32,Traversed edge 4877965172 -> 3042737264 in 5.1s (56.2m)
2026-01-15 20:30:00+05:30,LINK_TRAVERSAL,3725789268,40,51.28,504.09,4639.61,Traversed edge 3042737264 -> 3725789268 in 30.1s (284.3m)
2026-01-15 20:30:00+05:30,LINK_TRAVERSAL,3725656912,41,52.56,533.67,4918.97,Traversed edge 3725789268 -> 3725656912 in 29.6s (279.4m)
2026-01-15 20:30:00+05:30,LINK_TRAVERSAL,293466258,42,53.85,550.14,5074.51,Traversed edge 3725656912 -> 293466258 in 16.5s (155.5m)
2026-01-15 20:30:00+05:30,LINK_TRAVERSAL,3478668910,43,55.13,551.57,5086.38,Traversed edge 293466258 -> 3478668910 in 1.4s (11.9m)
2026-01-15 20:30:00+05:30,LINK_TRAVERSAL,3725652953,44,56.41,579.63,5351.42,Traversed edge 3478668910 -> 3725652953 in 28.1s (265.0m)
2026-01-15 20:30:00+05:30,LINK_TRAVERSAL,6944073187,45,57.69,584.08,5388.48,Traversed edge 3725652953 -> 6944073187 in 4.4s (37.1m)
2026-01-15 20:30:00+05:30,LINK_TRAVERSAL,293466264,46,58.97,591.15,5447.4,Traversed edge 6944073187 -> 293466264 in 7.1s (58.9m)
2026-01-15 20:30:00+05:30,LINK_TRAVERSAL,293466272,47,60.26,632.34,5836.44,Traversed edge 293466264 -> 293466272 in 41.2s (389.0m)
2026-01-15 20:30:00+05:30,LINK_TRAVERSAL,6944073200,48,61.54,639.0,5899.36,Traversed edge 293466272 -> 6944073200 in 6.7s (62.9m)
2026-01-15 20:30:00+05:30,LINK_TRAVERSAL,10991919752,49,62.82,647.13,5976.18,Traversed edge 6944073200 -> 10991919752 in 8.1s (76.8m)
2026-01-15 20:30:00+05:30,LINK_TRAVERSAL,9798857327,50,64.1,654.0,6033.39,Traversed edge 10991919752 -> 9798857327 in 6.9s (57.2m)
2026-01-15 20:30:00+05:30,LINK_TRAVERSAL,6944073199,51,65.38,656.4,6053.35,Traversed edge 9798857327 -> 6944073199 in 2.4s (20.0m)
2026-01-15 20:30:00+05:30,LINK_TRAVERSAL,12702159517,52,66.67,694.85,6416.52,Traversed edge 6944073199 -> 12702159517 in 38.5s (363.2m)
2026-01-15 20:30:00+05:30,LINK_TRAVERSAL,2841407764,53,67.95,807.64,7481.75,Traversed edge 12702159517 -> 2841407764 in 112.8s (1065.2m)
2026-01-15 20:30:00+05:30,LINK_TRAVERSAL,2841407758,54,69.23,812.31,7520.71,Traversed edge 2841407764 -> 2841407758 in 4.7s (39.0m)
2026-01-15 20:30:00+05:30,LINK_TRAVERSAL,9816859457,55,70.51,822.11,7613.26,Traversed edge 2841407758 -> 9816859457 in 9.8s (92.6m)
2026-01-15 20:30:00+05:30,LINK_TRAVERSAL,8166899537,56,71.79,824.55,7633.54,Traversed edge 9816859457 -> 8166899537 in 2.4s (20.3m)
2026-01-15 20:30:00+05:30,LINK_TRAVERSAL,293464690,57,73.08,836.29,7737.94,Traversed edge 8166899537 -> 293464690 in 11.7s (104.4m)
2026-01-15 20:30:00+05:30,LINK_TRAVERSAL,8166852630,58,74.36,837.7,7749.68,Traversed edge 293464690 -> 8166852630 in 1.4s (11.7m)
2026-01-15 20:30:00+05:30,LINK_TRAVERSAL,293464703,59,75.64,847.28,7834.85,Traversed edge 8166852630 -> 293464703 in 9.6s (85.2m)
2026-01-15 20:30:00+05:30,LINK_TRAVERSAL,8166899540,60,76.92,851.93,7873.55,Traversed edge 293464703 -> 8166899540 in 4.6s (38.7m)
2026-01-15 20:30:00+05:30,LINK_TRAVERSAL,293464723,61,78.21,862.32,7965.96,Traversed edge 8166899540 -> 293464723 in 10.4s (92.4m)
2026-01-15 20:30:00+05:30,LINK_TRAVERSAL,293464729,62,79.49,872.06,8052.56,Traversed edge 293464723 -> 293464729 in 9.7s (86.6m)
2026-01-15 20:30:00+05:30,LINK_TRAVERSAL,293464736,63,80.77,879.94,8122.59,Traversed edge 293464729 -> 293464736 in 7.9s (70.0m)
2026-01-15 20:30:00+05:30,LINK_TRAVERSAL,293464753,64,82.05,885.92,8172.41,Traversed edge 293464736 -> 293464753 in 6.0s (49.8m)
2026-01-15 20:30:00+05:30,LINK_TRAVERSAL,293464758,65,83.33,894.95,8252.65,Traversed edge 293464753 -> 293464758 in 9.0s (80.2m)
2026-01-15 20:30:00+05:30,LINK_TRAVERSAL,293464760,66,84.62,904.81,8340.35,Traversed edge 293464758 -> 293464760 in 9.9s (87.7m)
2026-01-15 20:30:00+05:30,LINK_TRAVERSAL,293464762,67,85.9,912.05,8400.68,Traversed edge 293464760 -> 293464762 in 7.2s (60.3m)
2026-01-15 20:30:00+05:30,LINK_TRAVERSAL,293464763,68,87.18,918.64,8455.56,Traversed edge 293464762 -> 293464763 in 6.6s (54.9m)
2026-01-15 20:30:00+05:30,LINK_TRAVERSAL,9816859455,69,88.46,919.33,8461.34,Traversed edge 293464763 -> 9816859455 in 0.7s (5.8m)
2026-01-15 20:30:00+05:30,LINK_TRAVERSAL,3240828570,70,89.74,924.22,8502.08,Traversed edge 9816859455 -> 3240828570 in 4.9s (40.7m)
2026-01-15 20:30:00+05:30,LINK_TRAVERSAL,293464764,71,91.03,937.0,8622.75,Traversed edge 3240828570 -> 293464764 in 12.8s (120.7m)
2026-01-15 20:30:00+05:30,LINK_TRAVERSAL,293464778,72,92.31,943.39,8675.98,Traversed edge 293464764 -> 293464778 in 6.4s (53.2m)
2026-01-15 20:30:00+05:30,LINK_TRAVERSAL,293464784,73,93.59,963.89,8869.67,Traversed edge 293464778 -> 293464784 in 20.5s (193.7m)
2026-01-15 20:30:00+05:30,LINK_TRAVERSAL,293464799,74,94.87,966.91,8894.84,Traversed edge 293464784 -> 293464799 in 3.0s (25.2m)
2026-01-15 20:30:00+05:30,LINK_TRAVERSAL,8164114904,75,96.15,970.51,8924.78,Traversed edge 293464799 -> 8164114904 in 3.6s (29.9m)
2026-01-15 20:30:00+05:30,LINK_TRAVERSAL,293464823,76,97.44,971.54,8933.35,Traversed edge 8164114904 -> 293464823 in 1.0s (8.6m)
2026-01-15 20:30:00+05:30,LINK_TRAVERSAL,293464840,77,98.72,977.8,8985.58,Traversed edge 293464823 -> 293464840 in 6.3s (52.2m)
2026-01-15 20:30:00+05:30,LINK_TRAVERSAL,8166852625,78,100.0,978.9,8991.66,Traversed edge 293464840 -> 8166852625 in 1.1s (6.1m)
2026-01-15 20:30:00+05:30,ARRIVAL,8166852625,78,100.0,978.9,8991.66,Arrived at destination 8166852625 in 978.9s (8991.7m)
