od_id,source_node,destination_node,source_lat,source_lon,destination_lat,destination_lon,haversine_dist_m
0,3722327026,2443921849,20.28576,85.8575642,20.2697733,85.780668,8215.17
1,2283167591,293464723,20.2645846,85.8464999,20.2928308,85.8338132,3408.2
2,3727013594,2392383587,20.3617507,85.8283962,20.2644315,85.7912261,11494.64
3,8144958910,5875519688,20.2443884,85.8486642,20.2841885,85.8436538,4456.32
4,8167025447,8166852655,20.3087158,85.872663,20.2832163,85.8351463,4832.03
5,3725763498,293464962,20.3427353,85.8191053,20.2729805,85.8241768,7774.39
6,2841381812,8182316367,20.29598,85.8246861,20.2956176,85.8488957,2525.17
7,8124118501,293464897,20.2539062,85.8039315,20.2644548,85.8324884,3201.55
8,3725657841,6986305647,20.3194478,85.833801,20.2755447,85.8255703,4956.69
9,3725560599,2443937252,20.2903907,85.8724744,20.2572246,85.7761635,10701.36
10,3706277194,1812432274,20.2563429,85.7979811,20.2664075,85.8301527,3537.65
11,4620986372,12194086396,20.2787083,85.8364927,20.2969509,85.8286427,2187.48
12,8151182352,4963335999,20.2785617,85.8380484,20.306415,85.8211702,3562.43
13,293458413,8154498107,20.3337508,85.8216385,20.3138814,85.8281791,2312.24
14,2962277961,6604456762,20.2914801,85.8109521,20.3430086,85.8158538,5752.46
15,2277412755,8146129661,20.3413202,85.8833899,20.3544271,85.8080104,7992.78
16,8153425846,3722327558,20.33583,85.8732697,20.2961305,85.8665706,4469.31
17,4720174514,3725763954,20.2755968,85.8553855,20.3424736,85.8228334,8174.52
18,13108436171,4714939571,20.3019645,85.8648474,20.2106414,85.8522508,10239.33
19,3725764138,8166852625,20.342975,85.810882,20.283755,85.8351067,7052.88
20,3719620426,8142092830,20.2682676,85.8483373,20.2173218,85.8468541,5667.03
21,8133384806,9833884593,20.2458857,85.8320861,20.2884445,85.8573762,5417.94
22,9919058606,8157084568,20.2214884,85.845936,20.3222321,85.8131948,11711.2
23,3714709032,10132690705,20.2442686,85.8492517,20.3538122,85.8174359,12624.53
24,3722532375,8127692776,20.2965191,85.8066256,20.2199348,85.8476861,9532.32
25,10254604783,569909799,20.2403662,85.8486498,20.3520897,85.8895356,13134.49
26,4713176922,4714939512,20.2600722,85.7877833,20.2163967,85.8520973,8283.0
27,2365788091,10267000474,20.261513,85.7860542,20.2342992,85.8411151,6492.47
28,4478448738,6604714345,20.2786462,85.8264929,20.3278051,85.8209771,5496.4
29,4721825589,10132690705,20.2606372,85.8436196,20.3538122,85.8174359,10714.36
30,8144960921,293466286,20.2439003,85.8537436,20.3067033,85.8334864,7296.03
31,3714708555,4714694214,20.2438128,85.8544332,20.2835262,85.8185428,5789.36
32,8156864973,2841381812,20.2655472,85.8176995,20.29598,85.8246861,3461.55
33,293466245,3711673309,20.3262524,85.8206715,20.2411775,85.809839,9527.13
34,3717989697,3706277268,20.2438369,85.8297737,20.2544561,85.802517,3078.92
35,4643407218,6010327769,20.3428598,85.8102928,20.2949329,85.8714507,8310.86
36,2392383587,8151563209,20.2644315,85.7912261,20.2794735,85.8555006,6909.79
37,3725789278,1051669449,20.3151834,85.8117994,20.2688551,85.8399513,5929.43
38,9798857326,3714706440,20.3101463,85.8338008,20.2379587,85.8404674,8056.96
39,12194086396,3184375377,20.2969509,85.8286427,20.3542143,85.8117316,6607.05
40,3724383608,6985772815,20.2667432,85.7573952,20.233216,85.8162748,7185.26
41,3724390367,569909799,20.289784,85.7809019,20.3520897,85.8895356,13278.38
42,9865971847,13108436169,20.326779,85.8140032,20.3013923,85.8642759,5954.09
43,3724390901,13957674836,20.2981662,85.780607,20.342744,85.8198922,6430.48
44,6985772828,10091564873,20.2372779,85.8111465,20.258542,85.841163,3923.84
45,3716311743,6608882862,20.2508167,85.8518578,20.2922227,85.819981,5679.23
46,3726941715,3724390734,20.3612596,85.8187935,20.2927563,85.780482,8601.17
47,2283167672,12201173657,20.2934925,85.857315,20.2381157,85.8410854,6386.1
48,293453627,3706277194,20.2729217,85.8092841,20.2563429,85.7979811,2188.28
49,2443937217,4620986372,20.2581686,85.7769958,20.2787083,85.8364927,6613.02
