scenario_id,od_id,t0_utc,t1_utc,t0_ist,t1_ist,hour_ist,is_evening_peak,is_morning_peak,source_node,destination_node,decision_node,decision_step,decision_frac,r0_edge_count,r1_edge_count,changed_edges_count,route_overlap,total_distance_no_reroute_m,total_distance_dynamic_m,total_time_no_reroute_s,total_time_dynamic_s,time_saved_s,improvement_pct
0,0,2026-01-15 14:00:00+00:00,2026-01-15 15:00:00+00:00,2026-01-15 19:30:00+05:30,2026-01-15 20:30:00+05:30,19,1,0,3722327026,2443921849,3320289784,15,0.2,74,46,1,0.5,10981.64,10984.73,1287.06,1202.15,84.9,6.6
1,0,2026-01-16 14:00:00+00:00,2026-01-16 15:00:00+00:00,2026-01-16 19:30:00+05:30,2026-01-16 20:30:00+05:30,19,1,0,3722327026,2443921849,3320289784,15,0.2,74,46,1,0.5,10981.64,10984.73,1301.84,1216.93,84.9,6.52
2,0,2026-01-15 13:00:00+00:00,2026-01-15 14:00:00+00:00,2026-01-15 18:30:00+05:30,2026-01-15 19:30:00+05:30,18,1,0,3722327026,2443921849,3320289784,15,0.2,74,46,1,0.5,10981.64,10984.73,1315.77,1230.86,84.9,6.45
3,2,2026-01-15 14:00:00+00:00,2026-01-15 15:00:00+00:00,2026-01-15 19:30:00+05:30,2026-01-15 20:30:00+05:30,19,1,0,3727013594,2392383587,4594197577,24,0.2,119,91,1,0.6875,14321.82,14324.92,1534.06,1449.16,84.9,5.53
4,2,2026-01-15 14:00:00+00:00,2026-01-15 15:00:00+00:00,2026-01-15 19:30:00+05:30,2026-01-15 20:30:00+05:30,19,1,0,3727013594,2392383587,10113293654,36,0.3,119,91,1,0.6429,14321.82,14324.92,1536.35,1451.45,84.9,5.53
5,2,2026-01-15 14:00:00+00:00,2026-01-15 15:00:00+00:00,2026-01-15 19:30:00+05:30,2026-01-15 20:30:00+05:30,19,1,0,3727013594,2392383587,6604714345,48,0.4,119,91,1,0.5833,14321.82,14324.92,1539.03,1454.12,84.9,5.52
6,2,2026-01-16 14:00:00+00:00,2026-01-16 15:00:00+00:00,2026-01-16 19:30:00+05:30,2026-01-16 20:30:00+05:30,19,1,0,3727013594,2392383587,6604714345,48,0.4,119,91,1,0.5833,14321.82,14324.92,1554.54,1469.64,84.9,5.46
7,2,2026-01-16 14:00:00+00:00,2026-01-16 15:00:00+00:00,2026-01-16 19:30:00+05:30,2026-01-16 20:30:00+05:30,19,1,0,3727013594,2392383587,10113293654,36,0.3,119,91,1,0.6429,14321.82,14324.92,1563.47,1478.56,84.9,5.43
8,2,2026-01-16 14:00:00+00:00,2026-01-16 15:00:00+00:00,2026-01-16 19:30:00+05:30,2026-01-16 20:30:00+05:30,19,1,0,3727013594,2392383587,4594197577,24,0.2,119,91,1,0.6875,14321.82,14324.92,1569.68,1484.77,84.9,5.41
9,2,2026-01-15 13:00:00+00:00,2026-01-15 14:00:00+00:00,2026-01-15 18:30:00+05:30,2026-01-15 19:30:00+05:30,18,1,0,3727013594,2392383587,4594197577,24,0.2,119,91,1,0.6875,14321.82,14324.92,1576.09,1491.18,84.9,5.39
10,2,2026-01-15 13:00:00+00:00,2026-01-15 14:00:00+00:00,2026-01-15 18:30:00+05:30,2026-01-15 19:30:00+05:30,18,1,0,3727013594,2392383587,10113293654,36,0.3,119,91,1,0.6429,14321.82,14324.92,1581.34,1496.44,84.9,5.37
11,2,2026-01-15 13:00:00+00:00,2026-01-15 14:00:00+00:00,2026-01-15 18:30:00+05:30,2026-01-15 19:30:00+05:30,18,1,0,3727013594,2392383587,6604714345,48,0.4,119,91,1,0.5833,14321.82,14324.92,1587.3,1502.4,84.9,5.35
12,9,2026-01-15 14:00:00+00:00,2026-01-15 15:00:00+00:00,2026-01-15 19:30:00+05:30,2026-01-15 20:30:00+05:30,19,1,0,3725560599,2443937252,3722327661,18,0.2,93,65,1,0.6053,14311.86,14314.96,1597.08,1512.17,84.9,5.32
13,9,2026-01-15 13:00:00+00:00,2026-01-15 14:00:00+00:00,2026-01-15 18:30:00+05:30,2026-01-15 19:30:00+05:30,18,1,0,3725560599,2443937252,3722327661,18,0.2,93,65,1,0.6053,14311.86,14314.96,1606.07,1521.17,84.9,5.29
14,9,2026-01-16 14:00:00+00:00,2026-01-16 15:00:00+00:00,2026-01-16 19:30:00+05:30,2026-01-16 20:30:00+05:30,19,1,0,3725560599,2443937252,3722327661,18,0.2,93,65,1,0.6053,14311.86,14314.96,1604.42,1519.52,84.9,5.29
15,33,2026-01-15 14:00:00+00:00,2026-01-15 15:00:00+00:00,2026-01-15 19:30:00+05:30,2026-01-15 20:30:00+05:30,19,1,0,293466245,3711673309,3042737299,25,0.2,128,100,1,0.7115,13354.32,13357.42,1695.31,1610.41,84.9,5.01
16,33,2026-01-16 14:00:00+00:00,2026-01-16 15:00:00+00:00,2026-01-16 19:30:00+05:30,2026-01-16 20:30:00+05:30,19,1,0,293466245,3711673309,3042737299,25,0.2,128,100,1,0.7115,13354.32,13357.42,1693.2,1608.29,84.9,5.01
17,33,2026-01-15 14:00:00+00:00,2026-01-15 15:00:00+00:00,2026-01-15 19:30:00+05:30,2026-01-15 20:30:00+05:30,19,1,0,293466245,3711673309,6608882870,38,0.3,128,100,1,0.6703,13354.32,13357.42,1709.77,1624.87,84.9,4.97
18,33,2026-01-16 14:00:00+00:00,2026-01-16 15:00:00+00:00,2026-01-16 19:30:00+05:30,2026-01-16 20:30:00+05:30,19,1,0,293466245,3711673309,6608882870,38,0.3,128,100,1,0.6703,13354.32,13357.42,1707.63,1622.73,84.9,4.97
19,33,2026-01-15 13:00:00+00:00,2026-01-15 14:00:00+00:00,2026-01-15 18:30:00+05:30,2026-01-15 19:30:00+05:30,18,1,0,293466245,3711673309,3042737299,25,0.2,128,100,1,0.7115,13354.32,13357.42,1726.48,1641.57,84.9,4.92
20,33,2026-01-15 13:00:00+00:00,2026-01-15 14:00:00+00:00,2026-01-15 18:30:00+05:30,2026-01-15 19:30:00+05:30,18,1,0,293466245,3711673309,6608882870,38,0.3,128,100,1,0.6703,13354.32,13357.42,1752.91,1668.01,84.9,4.84
21,15,2026-01-16 14:00:00+00:00,2026-01-16 15:00:00+00:00,2026-01-16 19:30:00+05:30,2026-01-16 20:30:00+05:30,19,1,0,2277412755,8146129661,8182316367,21,0.2,106,126,38,0.5447,18198.35,18361.61,1924.98,1862.18,62.8,3.26
22,15,2026-01-16 14:00:00+00:00,2026-01-16 15:00:00+00:00,2026-01-16 19:30:00+05:30,2026-01-16 20:30:00+05:30,19,1,0,2277412755,8146129661,8169297488,32,0.3,106,126,38,0.5,18198.35,18361.61,1925.17,1862.37,62.8,3.26
23,15,2026-01-16 14:00:00+00:00,2026-01-16 15:00:00+00:00,2026-01-16 19:30:00+05:30,2026-01-16 20:30:00+05:30,19,1,0,2277412755,8146129661,2841381808,42,0.4,106,126,38,0.451,18198.35,18361.61,1925.17,1862.37,62.8,3.26
24,15,2026-01-16 13:00:00+00:00,2026-01-16 14:00:00+00:00,2026-01-16 18:30:00+05:30,2026-01-16 19:30:00+05:30,18,1,0,2277412755,8146129661,3722327661,24,0.2,121,133,45,0.4507,17996.92,18366.7,2000.12,1947.95,52.17,2.61
25,15,2026-01-16 13:00:00+00:00,2026-01-16 14:00:00+00:00,2026-01-16 18:30:00+05:30,2026-01-16 19:30:00+05:30,18,1,0,2277412755,8146129661,7242837940,36,0.3,121,133,45,0.4,17996.92,18366.7,2001.64,1949.47,52.17,2.61
26,15,2026-01-16 13:00:00+00:00,2026-01-16 14:00:00+00:00,2026-01-16 18:30:00+05:30,2026-01-16 19:30:00+05:30,18,1,0,2277412755,8146129661,2277623745,48,0.4,121,133,45,0.339,17996.92,18366.7,2001.64,1949.47,52.17,2.61
27,19,2026-01-15 14:00:00+00:00,2026-01-15 15:00:00+00:00,2026-01-15 19:30:00+05:30,2026-01-15 20:30:00+05:30,19,1,0,3725764138,8166852625,6604385665,14,0.2,69,78,39,0.266,8876.62,8991.66,1026.53,978.9,47.63,4.64
28,19,2026-01-15 14:00:00+00:00,2026-01-15 15:00:00+00:00,2026-01-15 19:30:00+05:30,2026-01-15 20:30:00+05:30,19,1,0,3725764138,8166852625,4594183924,21,0.3,69,78,39,0.2069,8876.62,8991.66,1028.11,980.47,47.63,4.63
29,19,2026-01-15 14:00:00+00:00,2026-01-15 15:00:00+00:00,2026-01-15 19:30:00+05:30,2026-01-15 20:30:00+05:30,19,1,0,3725764138,8166852625,4594181065,28,0.4,69,78,39,0.1375,8876.62,8991.66,1030.01,982.38,47.63,4.62
30,3,2026-01-15 14:00:00+00:00,2026-01-15 15:00:00+00:00,2026-01-15 19:30:00+05:30,2026-01-15 20:30:00+05:30,19,1,0,8144958910,5875519688,293463599,18,0.2,89,75,38,0.1743,6792.17,6210.28,785.62,744.66,40.96,5.21
31,3,2026-01-15 14:00:00+00:00,2026-01-15 15:00:00+00:00,2026-01-15 19:30:00+05:30,2026-01-15 20:30:00+05:30,19,1,0,8144958910,5875519688,11010006278,27,0.3,89,75,38,0.1,6792.17,6210.28,792.55,751.58,40.96,5.17
32,3,2026-01-15 14:00:00+00:00,2026-01-15 15:00:00+00:00,2026-01-15 19:30:00+05:30,2026-01-15 20:30:00+05:30,19,1,0,8144958910,5875519688,293463399,36,0.4,89,75,38,0.011,6792.17,6210.28,800.28,759.32,40.96,5.12
33,42,2026-01-15 14:00:00+00:00,2026-01-15 15:00:00+00:00,2026-01-15 19:30:00+05:30,2026-01-15 20:30:00+05:30,19,1,0,9865971847,13108436169,6604339618,13,0.2,64,58,14,0.4769,9746.17,9758.07,1118.5,1081.45,37.04,3.31
34,42,2026-01-15 14:00:00+00:00,2026-01-15 15:00:00+00:00,2026-01-15 19:30:00+05:30,2026-01-15 20:30:00+05:30,19,1,0,9865971847,13108436169,8156993031,19,0.3,64,58,14,0.4237,9746.17,9758.07,1119.43,1082.38,37.04,3.31
35,35,2026-01-15 14:00:00+00:00,2026-01-15 15:00:00+00:00,2026-01-15 19:30:00+05:30,2026-01-15 20:30:00+05:30,19,1,0,4643407218,6010327769,10168649545,17,0.2,87,81,14,0.5952,13994.27,14006.17,1432.12,1395.08,37.04,2.59
36,35,2026-01-15 14:00:00+00:00,2026-01-15 15:00:00+00:00,2026-01-15 19:30:00+05:30,2026-01-15 20:30:00+05:30,19,1,0,4643407218,6010327769,4594181068,26,0.3,87,81,14,0.5467,13994.27,14006.17,1433.22,1396.17,37.04,2.58
37,35,2026-01-15 14:00:00+00:00,2026-01-15 15:00:00+00:00,2026-01-15 19:30:00+05:30,2026-01-15 20:30:00+05:30,19,1,0,4643407218,6010327769,8156993031,35,0.4,87,81,14,0.4848,13994.27,14006.17,1436.54,1399.5,37.04,2.58
38,35,2026-01-16 12:00:00+00:00,2026-01-16 13:00:00+00:00,2026-01-16 17:30:00+05:30,2026-01-16 18:30:00+05:30,17,1,0,4643407218,6010327769,10230224084,18,0.2,91,87,44,0.2137,11881.61,13994.27,1553.65,1519.48,34.17,2.2
39,42,2026-01-15 14:00:00+00:00,2026-01-15 15:00:00+00:00,2026-01-15 19:30:00+05:30,2026-01-15 20:30:00+05:30,19,1,0,9865971847,13108436169,8154498079,26,0.4,64,62,17,0.3455,9746.17,9807.8,1120.32,1088.55,31.77,2.84
40,35,2026-01-15 12:00:00+00:00,2026-01-15 13:00:00+00:00,2026-01-15 17:30:00+05:30,2026-01-15 18:30:00+05:30,17,1,0,4643407218,6010327769,10230224084,18,0.2,91,87,43,0.2241,11958.91,13994.27,1550.2,1526.68,23.52,1.52
41,35,2026-01-15 12:00:00+00:00,2026-01-15 13:00:00+00:00,2026-01-15 17:30:00+05:30,2026-01-15 18:30:00+05:30,17,1,0,4643407218,6010327769,6166520809,27,0.3,91,87,43,0.1589,11958.91,13994.27,1553.38,1529.86,23.52,1.51
42,45,2026-01-16 13:00:00+00:00,2026-01-16 14:00:00+00:00,2026-01-16 18:30:00+05:30,2026-01-16 19:30:00+05:30,18,1,0,3716311743,6608882862,293465681,15,0.2,75,85,25,0.5294,7397.16,7557.35,965.77,942.45,23.31,2.41
43,45,2026-01-16 13:00:00+00:00,2026-01-16 14:00:00+00:00,2026-01-16 18:30:00+05:30,2026-01-16 19:30:00+05:30,18,1,0,3716311743,6608882862,4716027735,22,0.3,75,85,25,0.4872,7397.16,7557.35,966.22,942.9,23.31,2.41
44,31,2026-01-16 13:00:00+00:00,2026-01-16 14:00:00+00:00,2026-01-16 18:30:00+05:30,2026-01-16 19:30:00+05:30,18,1,0,3714708555,4714694214,10618414232,20,0.2,103,113,25,0.6296,8398.26,8558.45,1135.36,1112.05,23.31,2.05
45,31,2026-01-16 13:00:00+00:00,2026-01-16 14:00:00+00:00,2026-01-16 18:30:00+05:30,2026-01-16 19:30:00+05:30,18,1,0,3714708555,4714694214,293463349,31,0.3,103,113,25,0.5876,8398.26,8558.45,1139.2,1115.88,23.31,2.05
46,31,2026-01-16 13:00:00+00:00,2026-01-16 14:00:00+00:00,2026-01-16 18:30:00+05:30,2026-01-16 19:30:00+05:30,18,1,0,3714708555,4714694214,293463399,41,0.4,103,113,25,0.5402,8398.26,8558.45,1144.56,1121.24,23.31,2.04
47,22,2026-01-16 13:00:00+00:00,2026-01-16 14:00:00+00:00,2026-01-16 18:30:00+05:30,2026-01-16 19:30:00+05:30,18,1,0,9919058606,8157084568,293463328,24,0.2,123,133,25,0.6774,13361.36,13521.54,1506.1,1482.78,23.31,1.55
48,22,2026-01-16 13:00:00+00:00,2026-01-16 14:00:00+00:00,2026-01-16 18:30:00+05:30,2026-01-16 19:30:00+05:30,18,1,0,9919058606,8157084568,293463385,37,0.3,123,133,25,0.6396,13361.36,13521.54,1513.58,1490.27,23.31,1.54
49,23,2026-01-16 13:00:00+00:00,2026-01-16 14:00:00+00:00,2026-01-16 18:30:00+05:30,2026-01-16 19:30:00+05:30,18,1,0,3714709032,10132690705,293463471,31,0.2,158,168,25,0.7368,15255.46,15415.64,1789.28,1765.96,23.31,1.3
50,30,2026-01-16 13:00:00+00:00,2026-01-16 14:00:00+00:00,2026-01-16 18:30:00+05:30,2026-01-16 19:30:00+05:30,18,1,0,8144960921,293466286,3716311667,21,0.2,108,116,9,0.8958,8783.52,8796.22,1184.86,1165.97,18.89,1.59
51,30,2026-01-16 13:00:00+00:00,2026-01-16 14:00:00+00:00,2026-01-16 18:30:00+05:30,2026-01-16 19:30:00+05:30,18,1,0,8144960921,293466286,3713297736,32,0.3,108,116,9,0.8824,8783.52,8796.22,1184.86,1165.97,18.89,1.59
52,30,2026-01-16 13:00:00+00:00,2026-01-16 14:00:00+00:00,2026-01-16 18:30:00+05:30,2026-01-16 19:30:00+05:30,18,1,0,8144960921,293466286,3717990089,43,0.4,108,116,9,0.8649,8783.52,8796.22,1184.86,1165.97,18.89,1.59
53,19,2026-01-15 15:00:00+00:00,2026-01-15 16:00:00+00:00,2026-01-15 20:30:00+05:30,2026-01-15 21:30:00+05:30,20,1,0,3725764138,8166852625,6604385665,14,0.2,69,78,39,0.266,8876.62,8991.66,990.72,972.71,18.01,1.82
54,19,2026-01-15 15:00:00+00:00,2026-01-15 16:00:00+00:00,2026-01-15 20:30:00+05:30,2026-01-15 21:30:00+05:30,20,1,0,3725764138,8166852625,4594183924,21,0.3,69,78,39,0.2069,8876.62,8991.66,992.27,974.25,18.01,1.82
55,19,2026-01-16 15:00:00+00:00,2026-01-16 16:00:00+00:00,2026-01-16 20:30:00+05:30,2026-01-16 21:30:00+05:30,20,1,0,3725764138,8166852625,6604385665,14,0.2,69,78,39,0.266,8876.62,8991.66,991.39,973.37,18.01,1.82
56,19,2026-01-15 15:00:00+00:00,2026-01-15 16:00:00+00:00,2026-01-15 20:30:00+05:30,2026-01-15 21:30:00+05:30,20,1,0,3725764138,8166852625,4594181065,28,0.4,69,78,39,0.1375,8876.62,8991.66,993.36,975.35,18.01,1.81
57,19,2026-01-16 15:00:00+00:00,2026-01-16 16:00:00+00:00,2026-01-16 20:30:00+05:30,2026-01-16 21:30:00+05:30,20,1,0,3725764138,8166852625,4594183924,21,0.3,69,78,39,0.2069,8876.62,8991.66,993.16,975.15,18.01,1.81
58,19,2026-01-16 15:00:00+00:00,2026-01-16 16:00:00+00:00,2026-01-16 20:30:00+05:30,2026-01-16 21:30:00+05:30,20,1,0,3725764138,8166852625,4594181065,28,0.4,69,78,39,0.1375,8876.62,8991.66,994.78,976.76,18.01,1.81
59,39,2026-01-15 12:00:00+00:00,2026-01-15 13:00:00+00:00,2026-01-15 17:30:00+05:30,2026-01-15 18:30:00+05:30,17,1,0,12194086396,3184375377,3722532411,16,0.2,79,92,35,0.4184,9222.37,9561.4,1157.6,1139.94,17.66,1.53
60,39,2026-01-15 12:00:00+00:00,2026-01-15 13:00:00+00:00,2026-01-15 17:30:00+05:30,2026-01-15 18:30:00+05:30,17,1,0,12194086396,3184375377,8156905418,24,0.3,79,92,35,0.3667,9222.37,9561.4,1158.01,1140.34,17.66,1.53
61,39,2026-01-15 12:00:00+00:00,2026-01-15 13:00:00+00:00,2026-01-15 17:30:00+05:30,2026-01-15 18:30:00+05:30,17,1,0,12194086396,3184375377,4814206874,32,0.4,79,92,35,0.3049,9222.37,9561.4,1160.64,1142.98,17.66,1.52
62,42,2026-01-15 15:00:00+00:00,2026-01-15 16:00:00+00:00,2026-01-15 20:30:00+05:30,2026-01-15 21:30:00+05:30,20,1,0,9865971847,13108436169,6604339618,13,0.2,64,58,14,0.4769,9746.17,9758.07,1098.79,1081.45,17.34,1.58
63,42,2026-01-15 15:00:00+00:00,2026-01-15 16:00:00+00:00,2026-01-15 20:30:00+05:30,2026-01-15 21:30:00+05:30,20,1,0,9865971847,13108436169,8156993031,19,0.3,64,58,14,0.4237,9746.17,9758.07,1100.37,1083.03,17.34,1.58
64,42,2026-01-16 15:00:00+00:00,2026-01-16 16:00:00+00:00,2026-01-16 20:30:00+05:30,2026-01-16 21:30:00+05:30,20,1,0,9865971847,13108436169,6604339618,13,0.2,64,58,14,0.4769,9746.17,9758.07,1098.79,1081.45,17.34,1.58
65,42,2026-01-16 15:00:00+00:00,2026-01-16 16:00:00+00:00,2026-01-16 20:30:00+05:30,2026-01-16 21:30:00+05:30,20,1,0,9865971847,13108436169,8156993031,19,0.3,64,58,14,0.4237,9746.17,9758.07,1100.4,1083.06,17.34,1.58
66,35,2026-01-15 15:00:00+00:00,2026-01-15 16:00:00+00:00,2026-01-15 20:30:00+05:30,2026-01-15 21:30:00+05:30,20,1,0,4643407218,6010327769,10168649545,17,0.2,87,81,14,0.5952,13994.27,14006.17,1405.11,1387.77,17.34,1.23
67,35,2026-01-15 15:00:00+00:00,2026-01-15 16:00:00+00:00,2026-01-15 20:30:00+05:30,2026-01-15 21:30:00+05:30,20,1,0,4643407218,6010327769,4594181068,26,0.3,87,81,14,0.5467,13994.27,14006.17,1407.0,1389.66,17.34,1.23
68,35,2026-01-15 15:00:00+00:00,2026-01-15 16:00:00+00:00,2026-01-15 20:30:00+05:30,2026-01-15 21:30:00+05:30,20,1,0,4643407218,6010327769,8156993031,35,0.4,87,81,14,0.4848,13994.27,14006.17,1410.41,1393.07,17.34,1.23
69,35,2026-01-16 15:00:00+00:00,2026-01-16 16:00:00+00:00,2026-01-16 20:30:00+05:30,2026-01-16 21:30:00+05:30,20,1,0,4643407218,6010327769,10168649545,17,0.2,87,81,14,0.5952,13994.27,14006.17,1409.18,1391.84,17.34,1.23
70,35,2026-01-16 15:00:00+00:00,2026-01-16 16:00:00+00:00,2026-01-16 20:30:00+05:30,2026-01-16 21:30:00+05:30,20,1,0,4643407218,6010327769,4594181068,26,0.3,87,81,14,0.5467,13994.27,14006.17,1411.1,1393.76,17.34,1.23
71,35,2026-01-16 15:00:00+00:00,2026-01-16 16:00:00+00:00,2026-01-16 20:30:00+05:30,2026-01-16 21:30:00+05:30,20,1,0,4643407218,6010327769,8156993031,35,0.4,87,81,14,0.4848,13994.27,14006.17,1415.05,1397.71,17.34,1.23
72,19,2026-01-16 13:00:00+00:00,2026-01-16 14:00:00+00:00,2026-01-16 18:30:00+05:30,2026-01-16 19:30:00+05:30,18,1,0,3725764138,8166852625,6604385665,14,0.2,71,84,24,0.5679,8833.32,8979.76,1060.16,1043.91,16.25,1.53
73,19,2026-01-16 13:00:00+00:00,2026-01-16 14:00:00+00:00,2026-01-16 18:30:00+05:30,2026-01-16 19:30:00+05:30,18,1,0,3725764138,8166852625,4594183924,21,0.3,71,84,24,0.527,8833.32,8979.76,1066.76,1050.51,16.25,1.52
74,19,2026-01-16 13:00:00+00:00,2026-01-16 14:00:00+00:00,2026-01-16 18:30:00+05:30,2026-01-16 19:30:00+05:30,18,1,0,3725764138,8166852625,4594181065,28,0.4,71,84,24,0.4776,8833.32,8979.76,1074.53,1058.29,16.25,1.51
75,1,2026-01-16 14:00:00+00:00,2026-01-16 15:00:00+00:00,2026-01-16 19:30:00+05:30,2026-01-16 20:30:00+05:30,19,1,0,2283167591,293464723,4720132984,12,0.2,61,61,16,0.5077,5284.54,5482.36,701.56,687.98,13.58,1.94
76,1,2026-01-16 14:00:00+00:00,2026-01-16 15:00:00+00:00,2026-01-16 19:30:00+05:30,2026-01-16 20:30:00+05:30,19,1,0,2283167591,293464723,4613798601,18,0.3,61,61,16,0.4576,5284.54,5482.36,703.85,690.27,13.58,1.93
77,1,2026-01-16 14:00:00+00:00,2026-01-16 15:00:00+00:00,2026-01-16 19:30:00+05:30,2026-01-16 20:30:00+05:30,19,1,0,2283167591,293464723,8151563199,24,0.4,61,61,16,0.3962,5284.54,5482.36,703.85,690.27,13.58,1.93
78,3,2026-01-16 14:00:00+00:00,2026-01-16 15:00:00+00:00,2026-01-16 19:30:00+05:30,2026-01-16 20:30:00+05:30,19,1,0,8144958910,5875519688,293463599,18,0.2,89,89,11,0.7317,6792.17,6940.12,795.8,783.17,12.62,1.59
79,3,2026-01-16 14:00:00+00:00,2026-01-16 15:00:00+00:00,2026-01-16 19:30:00+05:30,2026-01-16 20:30:00+05:30,19,1,0,8144958910,5875519688,11010006278,27,0.3,89,89,11,0.6986,6792.17,6940.12,801.68,789.06,12.62,1.57
80,3,2026-01-16 14:00:00+00:00,2026-01-16 15:00:00+00:00,2026-01-16 19:30:00+05:30,2026-01-16 20:30:00+05:30,19,1,0,8144958910,5875519688,293463399,36,0.4,89,89,11,0.6562,6792.17,6940.12,806.58,793.96,12.62,1.56
81,42,2026-01-15 15:00:00+00:00,2026-01-15 16:00:00+00:00,2026-01-15 20:30:00+05:30,2026-01-15 21:30:00+05:30,20,1,0,9865971847,13108436169,8154498079,26,0.4,64,62,17,0.3455,9746.17,9807.8,1101.89,1089.83,12.06,1.09
82,42,2026-01-16 15:00:00+00:00,2026-01-16 16:00:00+00:00,2026-01-16 20:30:00+05:30,2026-01-16 21:30:00+05:30,20,1,0,9865971847,13108436169,8154498079,26,0.4,64,62,17,0.3455,9746.17,9807.8,1101.95,1089.88,12.06,1.09
83,42,2026-01-16 14:00:00+00:00,2026-01-16 15:00:00+00:00,2026-01-16 19:30:00+05:30,2026-01-16 20:30:00+05:30,19,1,0,9865971847,13108436169,6604339618,13,0.2,64,58,14,0.4769,9746.17,9758.07,1131.62,1119.99,11.63,1.03
84,42,2026-01-16 14:00:00+00:00,2026-01-16 15:00:00+00:00,2026-01-16 19:30:00+05:30,2026-01-16 20:30:00+05:30,19,1,0,9865971847,13108436169,8156993031,19,0.3,64,58,14,0.4237,9746.17,9758.07,1132.34,1120.71,11.63,1.03
85,4,2026-01-16 14:00:00+00:00,2026-01-16 15:00:00+00:00,2026-01-16 19:30:00+05:30,2026-01-16 20:30:00+05:30,19,1,0,8167025447,8166852655,3722327657,9,0.2,48,47,25,0.2031,6286.44,6039.21,629.8,619.16,10.65,1.69
86,4,2026-01-16 14:00:00+00:00,2026-01-16 15:00:00+00:00,2026-01-16 19:30:00+05:30,2026-01-16 20:30:00+05:30,19,1,0,8167025447,8166852655,2841407761,14,0.3,48,47,25,0.1356,6286.44,6039.21,630.59,619.94,10.65,1.69
87,0,2026-01-16 06:00:00+00:00,2026-01-16 07:00:00+00:00,2026-01-16 11:30:00+05:30,2026-01-16 12:30:00+05:30,11,0,1,3722327026,2443921849,3320289784,15,0.2,74,46,1,0.5,10981.64,10984.73,1297.09,1212.19,84.9,6.55
88,0,2026-01-16 05:00:00+00:00,2026-01-16 06:00:00+00:00,2026-01-16 10:30:00+05:30,2026-01-16 11:30:00+05:30,10,0,1,3722327026,2443921849,3320289784,15,0.2,74,46,1,0.5,10981.64,10984.73,1301.46,1216.56,84.9,6.52
89,0,2026-01-15 10:00:00+00:00,2026-01-15 11:00:00+00:00,2026-01-15 15:30:00+05:30,2026-01-15 16:30:00+05:30,15,0,0,3722327026,2443921849,3320289784,15,0.2,74,46,1,0.5,10981.64,10984.73,1306.75,1221.84,84.9,6.5
90,2,2026-01-16 06:00:00+00:00,2026-01-16 07:00:00+00:00,2026-01-16 11:30:00+05:30,2026-01-16 12:30:00+05:30,11,0,1,3727013594,2392383587,4594197577,24,0.2,119,91,1,0.6875,14321.82,14324.92,1575.05,1490.15,84.9,5.39
91,2,2026-01-16 06:00:00+00:00,2026-01-16 07:00:00+00:00,2026-01-16 11:30:00+05:30,2026-01-16 12:30:00+05:30,11,0,1,3727013594,2392383587,10113293654,36,0.3,119,91,1,0.6429,14321.82,14324.92,1582.6,1497.7,84.9,5.36
92,2,2026-01-16 06:00:00+00:00,2026-01-16 07:00:00+00:00,2026-01-16 11:30:00+05:30,2026-01-16 12:30:00+05:30,11,0,1,3727013594,2392383587,6604714345,48,0.4,119,91,1,0.5833,14321.82,14324.92,1590.66,1505.76,84.9,5.34
93,2,2026-01-15 10:00:00+00:00,2026-01-15 11:00:00+00:00,2026-01-15 15:30:00+05:30,2026-01-15 16:30:00+05:30,15,0,0,3727013594,2392383587,6604714345,48,0.4,119,91,1,0.5833,14321.82,14324.92,1592.26,1507.36,84.9,5.33
94,2,2026-01-16 05:00:00+00:00,2026-01-16 06:00:00+00:00,2026-01-16 10:30:00+05:30,2026-01-16 11:30:00+05:30,10,0,1,3727013594,2392383587,6604714345,48,0.4,119,91,1,0.5833,14321.82,14324.92,1599.37,1514.46,84.9,5.31
95,9,2026-01-16 06:00:00+00:00,2026-01-16 07:00:00+00:00,2026-01-16 11:30:00+05:30,2026-01-16 12:30:00+05:30,11,0,1,3725560599,2443937252,3722327661,18,0.2,93,65,1,0.6053,14311.86,14314.96,1599.72,1514.82,84.9,5.31
96,2,2026-01-15 10:00:00+00:00,2026-01-15 11:00:00+00:00,2026-01-15 15:30:00+05:30,2026-01-15 16:30:00+05:30,15,0,0,3727013594,2392383587,10113293654,36,0.3,119,91,1,0.6429,14321.82,14324.92,1601.03,1516.13,84.9,5.3
97,9,2026-01-15 10:00:00+00:00,2026-01-15 11:00:00+00:00,2026-01-15 15:30:00+05:30,2026-01-15 16:30:00+05:30,15,0,0,3725560599,2443937252,3722327661,18,0.2,93,65,1,0.6053,14311.86,14314.96,1606.2,1521.3,84.9,5.29
98,9,2026-01-16 05:00:00+00:00,2026-01-16 06:00:00+00:00,2026-01-16 10:30:00+05:30,2026-01-16 11:30:00+05:30,10,0,1,3725560599,2443937252,3722327661,18,0.2,93,65,1,0.6053,14311.86,14314.96,1605.82,1520.92,84.9,5.29
99,2,2026-01-15 10:00:00+00:00,2026-01-15 11:00:00+00:00,2026-01-15 15:30:00+05:30,2026-01-15 16:30:00+05:30,15,0,0,3727013594,2392383587,4594197577,24,0.2,119,91,1,0.6875,14321.82,14324.92,1607.33,1522.43,84.9,5.28
100,2,2026-01-16 05:00:00+00:00,2026-01-16 06:00:00+00:00,2026-01-16 10:30:00+05:30,2026-01-16 11:30:00+05:30,10,0,1,3727013594,2392383587,10113293654,36,0.3,119,91,1,0.6429,14321.82,14324.92,1608.16,1523.26,84.9,5.28
101,2,2026-01-16 05:00:00+00:00,2026-01-16 06:00:00+00:00,2026-01-16 10:30:00+05:30,2026-01-16 11:30:00+05:30,10,0,1,3727013594,2392383587,4594197577,24,0.2,119,91,1,0.6875,14321.82,14324.92,1612.29,1527.39,84.9,5.27
102,33,2026-01-16 05:00:00+00:00,2026-01-16 06:00:00+00:00,2026-01-16 10:30:00+05:30,2026-01-16 11:30:00+05:30,10,0,1,293466245,3711673309,6608882870,38,0.3,128,100,1,0.6703,13354.32,13357.42,1702.45,1617.54,84.9,4.99
103,33,2026-01-15 10:00:00+00:00,2026-01-15 11:00:00+00:00,2026-01-15 15:30:00+05:30,2026-01-15 16:30:00+05:30,15,0,0,293466245,3711673309,6608882870,38,0.3,128,100,1,0.6703,13354.32,13357.42,1707.48,1622.58,84.9,4.97
104,33,2026-01-16 05:00:00+00:00,2026-01-16 06:00:00+00:00,2026-01-16 10:30:00+05:30,2026-01-16 11:30:00+05:30,10,0,1,293466245,3711673309,3042737299,25,0.2,128,100,1,0.7115,13354.32,13357.42,1710.22,1625.32,84.9,4.96
105,33,2026-01-16 06:00:00+00:00,2026-01-16 07:00:00+00:00,2026-01-16 11:30:00+05:30,2026-01-16 12:30:00+05:30,11,0,1,293466245,3711673309,6608882870,38,0.3,128,100,1,0.6703,13354.32,13357.42,1715.69,1630.79,84.9,4.95
106,33,2026-01-15 10:00:00+00:00,2026-01-15 11:00:00+00:00,2026-01-15 15:30:00+05:30,2026-01-15 16:30:00+05:30,15,0,0,293466245,3711673309,3042737299,25,0.2,128,100,1,0.7115,13354.32,13357.42,1718.86,1633.96,84.9,4.94
107,33,2026-01-16 06:00:00+00:00,2026-01-16 07:00:00+00:00,2026-01-16 11:30:00+05:30,2026-01-16 12:30:00+05:30,11,0,1,293466245,3711673309,3042737299,25,0.2,128,100,1,0.7115,13354.32,13357.42,1724.47,1639.57,84.9,4.92
108,15,2026-01-16 11:00:00+00:00,2026-01-16 12:00:00+00:00,2026-01-16 16:30:00+05:30,2026-01-16 17:30:00+05:30,16,0,0,2277412755,8146129661,13108436171,22,0.2,113,122,27,0.6186,18203.44,17885.06,2136.11,2070.54,65.57,3.07
109,15,2026-01-16 11:00:00+00:00,2026-01-16 12:00:00+00:00,2026-01-16 16:30:00+05:30,2026-01-16 17:30:00+05:30,16,0,0,2277412755,8146129661,2841407754,34,0.3,113,122,27,0.5755,18203.44,17885.06,2136.5,2070.93,65.57,3.07
110,15,2026-01-16 11:00:00+00:00,2026-01-16 12:00:00+00:00,2026-01-16 16:30:00+05:30,2026-01-16 17:30:00+05:30,16,0,0,2277412755,8146129661,3320289783,45,0.4,113,122,27,0.5263,18203.44,17885.06,2136.5,2070.93,65.57,3.07
111,0,2026-01-17 02:00:00+00:00,2026-01-17 03:00:00+00:00,2026-01-17 07:30:00+05:30,2026-01-17 08:30:00+05:30,7,0,0,3722327026,2443921849,2845389637,18,0.4,46,74,29,0.4737,10984.73,10981.64,1313.09,1267.19,45.9,3.5
112,0,2026-01-17 02:00:00+00:00,2026-01-17 03:00:00+00:00,2026-01-17 07:30:00+05:30,2026-01-17 08:30:00+05:30,7,0,0,3722327026,2443921849,8141910054,9,0.2,46,74,29,0.5455,10984.73,10981.64,1326.91,1281.01,45.9,3.46
113,0,2026-01-17 02:00:00+00:00,2026-01-17 03:00:00+00:00,2026-01-17 07:30:00+05:30,2026-01-17 08:30:00+05:30,7,0,0,3722327026,2443921849,8182316352,14,0.3,46,74,29,0.5082,10984.73,10981.64,1327.41,1281.52,45.9,3.46
114,0,2026-01-16 09:00:00+00:00,2026-01-16 10:00:00+00:00,2026-01-16 14:30:00+05:30,2026-01-16 15:30:00+05:30,14,0,0,3722327026,2443921849,2845389637,18,0.4,46,74,29,0.4737,10984.73,10981.64,1333.88,1287.99,45.9,3.44
115,0,2026-01-16 07:00:00+00:00,2026-01-16 08:00:00+00:00,2026-01-16 12:30:00+05:30,2026-01-16 13:30:00+05:30,12,0,0,3722327026,2443921849,8141910054,9,0.2,46,74,29,0.5455,10984.73,10981.64,1338.29,1292.39,45.9,3.43
116,0,2026-01-16 07:00:00+00:00,2026-01-16 08:00:00+00:00,2026-01-16 12:30:00+05:30,2026-01-16 13:30:00+05:30,12,0,0,3722327026,2443921849,8182316352,14,0.3,46,74,29,0.5082,10984.73,10981.64,1338.8,1292.9,45.9,3.43
117,0,2026-01-16 07:00:00+00:00,2026-01-16 08:00:00+00:00,2026-01-16 12:30:00+05:30,2026-01-16 13:30:00+05:30,12,0,0,3722327026,2443921849,2845389637,18,0.4,46,74,29,0.4737,10984.73,10981.64,1339.42,1293.52,45.9,3.43
118,0,2026-01-16 09:00:00+00:00,2026-01-16 10:00:00+00:00,2026-01-16 14:30:00+05:30,2026-01-16 15:30:00+05:30,14,0,0,3722327026,2443921849,8141910054,9,0.2,46,74,29,0.5455,10984.73,10981.64,1341.73,1295.83,45.9,3.42
119,0,2026-01-16 09:00:00+00:00,2026-01-16 10:00:00+00:00,2026-01-16 14:30:00+05:30,2026-01-16 15:30:00+05:30,14,0,0,3722327026,2443921849,8182316352,14,0.3,46,74,29,0.5082,10984.73,10981.64,1342.23,1296.34,45.9,3.42
120,2,2026-01-16 07:00:00+00:00,2026-01-16 08:00:00+00:00,2026-01-16 12:30:00+05:30,2026-01-16 13:30:00+05:30,12,0,0,3727013594,2392383587,4594259889,18,0.2,91,119,29,0.7059,14324.92,14321.82,1592.76,1546.86,45.9,2.88
121,2,2026-01-16 07:00:00+00:00,2026-01-16 08:00:00+00:00,2026-01-16 12:30:00+05:30,2026-01-16 13:30:00+05:30,12,0,0,3727013594,2392383587,3727011926,27,0.3,91,119,29,0.6774,14324.92,14321.82,1594.78,1548.88,45.9,2.88
122,2,2026-01-16 07:00:00+00:00,2026-01-16 08:00:00+00:00,2026-01-16 12:30:00+05:30,2026-01-16 13:30:00+05:30,12,0,0,3727013594,2392383587,10113293654,36,0.4,91,119,29,0.6429,14324.92,14321.82,1601.45,1555.55,45.9,2.87
123,2,2026-01-16 09:00:00+00:00,2026-01-16 10:00:00+00:00,2026-01-16 14:30:00+05:30,2026-01-16 15:30:00+05:30,14,0,0,3727013594,2392383587,4594259889,18,0.2,91,119,29,0.7059,14324.92,14321.82,1598.99,1553.1,45.9,2.87
124,2,2026-01-16 09:00:00+00:00,2026-01-16 10:00:00+00:00,2026-01-16 14:30:00+05:30,2026-01-16 15:30:00+05:30,14,0,0,3727013594,2392383587,3727011926,27,0.3,91,119,29,0.6774,14324.92,14321.82,1600.65,1554.75,45.9,2.87
125,2,2026-01-16 09:00:00+00:00,2026-01-16 10:00:00+00:00,2026-01-16 14:30:00+05:30,2026-01-16 15:30:00+05:30,14,0,0,3727013594,2392383587,10113293654,36,0.4,91,119,29,0.6429,14324.92,14321.82,1604.0,1558.1,45.9,2.86
126,9,2026-01-17 02:00:00+00:00,2026-01-17 03:00:00+00:00,2026-01-17 07:30:00+05:30,2026-01-17 08:30:00+05:30,7,0,0,3725560599,2443937252,6608882862,26,0.4,65,93,29,0.5588,14314.96,14311.86,1628.98,1583.08,45.9,2.82
127,2,2026-01-17 02:00:00+00:00,2026-01-17 03:00:00+00:00,2026-01-17 07:30:00+05:30,2026-01-17 08:30:00+05:30,7,0,0,3727013594,2392383587,10113293654,36,0.4,91,119,29,0.6429,14324.92,14321.82,1631.14,1585.25,45.9,2.81
128,2,2026-01-17 02:00:00+00:00,2026-01-17 03:00:00+00:00,2026-01-17 07:30:00+05:30,2026-01-17 08:30:00+05:30,7,0,0,3727013594,2392383587,3727011926,27,0.3,91,119,29,0.6774,14324.92,14321.82,1642.03,1596.13,45.9,2.8
129,9,2026-01-16 07:00:00+00:00,2026-01-16 08:00:00+00:00,2026-01-16 12:30:00+05:30,2026-01-16 13:30:00+05:30,12,0,0,3725560599,2443937252,3722327623,13,0.2,65,93,29,0.6296,14314.96,14311.86,1643.62,1597.72,45.9,2.79
130,9,2026-01-16 07:00:00+00:00,2026-01-16 08:00:00+00:00,2026-01-16 12:30:00+05:30,2026-01-16 13:30:00+05:30,12,0,0,3725560599,2443937252,13108436166,19,0.3,65,93,29,0.6,14314.96,14311.86,1643.62,1597.72,45.9,2.79
131,9,2026-01-16 07:00:00+00:00,2026-01-16 08:00:00+00:00,2026-01-16 12:30:00+05:30,2026-01-16 13:30:00+05:30,12,0,0,3725560599,2443937252,6608882862,26,0.4,65,93,29,0.5588,14314.96,14311.86,1644.81,1598.92,45.9,2.79
132,9,2026-01-16 09:00:00+00:00,2026-01-16 10:00:00+00:00,2026-01-16 14:30:00+05:30,2026-01-16 15:30:00+05:30,14,0,0,3725560599,2443937252,6608882862,26,0.4,65,93,29,0.5588,14314.96,14311.86,1643.1,1597.21,45.9,2.79
133,2,2026-01-17 02:00:00+00:00,2026-01-17 03:00:00+00:00,2026-01-17 07:30:00+05:30,2026-01-17 08:30:00+05:30,7,0,0,3727013594,2392383587,4594259889,18,0.2,91,119,29,0.7059,14324.92,14321.82,1644.34,1598.44,45.9,2.79
134,9,2026-01-17 02:00:00+00:00,2026-01-17 03:00:00+00:00,2026-01-17 07:30:00+05:30,2026-01-17 08:30:00+05:30,7,0,0,3725560599,2443937252,3722327623,13,0.2,65,93,29,0.6296,14314.96,14311.86,1642.95,1597.06,45.9,2.79
135,9,2026-01-17 02:00:00+00:00,2026-01-17 03:00:00+00:00,2026-01-17 07:30:00+05:30,2026-01-17 08:30:00+05:30,7,0,0,3725560599,2443937252,13108436166,19,0.3,65,93,29,0.6,14314.96,14311.86,1642.95,1597.06,45.9,2.79
136,9,2026-01-16 09:00:00+00:00,2026-01-16 10:00:00+00:00,2026-01-16 14:30:00+05:30,2026-01-16 15:30:00+05:30,14,0,0,3725560599,2443937252,3722327623,13,0.2,65,93,29,0.6296,14314.96,14311.86,1650.98,1605.09,45.9,2.78
137,9,2026-01-16 09:00:00+00:00,2026-01-16 10:00:00+00:00,2026-01-16 14:30:00+05:30,2026-01-16 15:30:00+05:30,14,0,0,3725560599,2443937252,13108436166,19,0.3,65,93,29,0.6,14314.96,14311.86,1650.98,1605.09,45.9,2.78
138,33,2026-01-17 02:00:00+00:00,2026-01-17 03:00:00+00:00,2026-01-17 07:30:00+05:30,2026-01-17 08:30:00+05:30,7,0,0,293466245,3711673309,6608882862,40,0.4,100,128,29,0.6629,13357.42,13354.32,1712.0,1666.1,45.9,2.68
139,33,2026-01-17 02:00:00+00:00,2026-01-17 03:00:00+00:00,2026-01-17 07:30:00+05:30,2026-01-17 08:30:00+05:30,7,0,0,293466245,3711673309,3722532540,30,0.3,100,128,29,0.697,13357.42,13354.32,1724.21,1678.31,45.9,2.66
140,33,2026-01-17 02:00:00+00:00,2026-01-17 03:00:00+00:00,2026-01-17 07:30:00+05:30,2026-01-17 08:30:00+05:30,7,0,0,293466245,3711673309,3042737256,20,0.2,100,128,29,0.7248,13357.42,13354.32,1743.76,1697.86,45.9,2.63
141,33,2026-01-16 09:00:00+00:00,2026-01-16 10:00:00+00:00,2026-01-16 14:30:00+05:30,2026-01-16 15:30:00+05:30,14,0,0,293466245,3711673309,6608882862,40,0.4,100,128,29,0.6629,13357.42,13354.32,1750.48,1704.58,45.9,2.62
142,33,2026-01-16 07:00:00+00:00,2026-01-16 08:00:00+00:00,2026-01-16 12:30:00+05:30,2026-01-16 13:30:00+05:30,12,0,0,293466245,3711673309,3042737256,20,0.2,100,128,29,0.7248,13357.42,13354.32,1758.07,1712.17,45.9,2.61
143,33,2026-01-16 07:00:00+00:00,2026-01-16 08:00:00+00:00,2026-01-16 12:30:00+05:30,2026-01-16 13:30:00+05:30,12,0,0,293466245,3711673309,3722532540,30,0.3,100,128,29,0.697,13357.42,13354.32,1760.71,1714.81,45.9,2.61
144,33,2026-01-16 07:00:00+00:00,2026-01-16 08:00:00+00:00,2026-01-16 12:30:00+05:30,2026-01-16 13:30:00+05:30,12,0,0,293466245,3711673309,6608882862,40,0.4,100,128,29,0.6629,13357.42,13354.32,1761.71,1715.82,45.9,2.61
145,33,2026-01-16 09:00:00+00:00,2026-01-16 10:00:00+00:00,2026-01-16 14:30:00+05:30,2026-01-16 15:30:00+05:30,14,0,0,293466245,3711673309,3042737256,20,0.2,100,128,29,0.7248,13357.42,13354.32,1761.39,1715.5,45.9,2.61
146,33,2026-01-16 09:00:00+00:00,2026-01-16 10:00:00+00:00,2026-01-16 14:30:00+05:30,2026-01-16 15:30:00+05:30,14,0,0,293466245,3711673309,3722532540,30,0.3,100,128,29,0.697,13357.42,13354.32,1757.67,1711.78,45.9,2.61
147,24,2026-01-16 11:00:00+00:00,2026-01-16 12:00:00+00:00,2026-01-16 16:30:00+05:30,2026-01-16 17:30:00+05:30,16,0,0,3722532375,8127692776,6947583278,21,0.2,108,114,17,0.7308,11368.81,11299.74,1583.05,1544.43,38.62,2.44
148,24,2026-01-16 11:00:00+00:00,2026-01-16 12:00:00+00:00,2026-01-16 16:30:00+05:30,2026-01-16 17:30:00+05:30,16,0,0,3722532375,8127692776,3718264481,32,0.3,108,114,17,0.6989,11368.81,11299.74,1583.05,1544.43,38.62,2.44
149,24,2026-01-16 11:00:00+00:00,2026-01-16 12:00:00+00:00,2026-01-16 16:30:00+05:30,2026-01-16 17:30:00+05:30,16,0,0,3722532375,8127692776,4602856967,43,0.4,108,114,17,0.6585,11368.81,11299.74,1583.05,1544.43,38.62,2.44
150,35,2026-01-16 11:00:00+00:00,2026-01-16 12:00:00+00:00,2026-01-16 16:30:00+05:30,2026-01-16 17:30:00+05:30,16,0,0,4643407218,6010327769,4594181068,26,0.3,87,91,47,0.1667,13994.27,11958.91,1599.38,1565.48,33.9,2.12
151,35,2026-01-16 11:00:00+00:00,2026-01-16 12:00:00+00:00,2026-01-16 16:30:00+05:30,2026-01-16 17:30:00+05:30,16,0,0,4643407218,6010327769,10168649545,17,0.2,87,91,47,0.2308,13994.27,11958.91,1603.77,1569.87,33.9,2.11
152,15,2026-01-16 07:00:00+00:00,2026-01-16 08:00:00+00:00,2026-01-16 12:30:00+05:30,2026-01-16 13:30:00+05:30,12,0,0,2277412755,8146129661,8182316367,21,0.2,106,126,38,0.5447,18198.35,18361.61,1962.08,1930.56,31.52,1.61
153,15,2026-01-16 07:00:00+00:00,2026-01-16 08:00:00+00:00,2026-01-16 12:30:00+05:30,2026-01-16 13:30:00+05:30,12,0,0,2277412755,8146129661,8169297488,32,0.3,106,126,38,0.5,18198.35,18361.61,1962.2,1930.67,31.52,1.61
154,15,2026-01-16 07:00:00+00:00,2026-01-16 08:00:00+00:00,2026-01-16 12:30:00+05:30,2026-01-16 13:30:00+05:30,12,0,0,2277412755,8146129661,2841381808,42,0.4,106,126,38,0.451,18198.35,18361.61,1962.2,1930.67,31.52,1.61
155,15,2026-01-16 10:00:00+00:00,2026-01-16 11:00:00+00:00,2026-01-16 15:30:00+05:30,2026-01-16 16:30:00+05:30,15,0,0,2277412755,8146129661,8182316367,21,0.2,106,126,38,0.5447,18198.35,18361.61,1999.29,1970.24,29.05,1.45
156,15,2026-01-16 10:00:00+00:00,2026-01-16 11:00:00+00:00,2026-01-16 15:30:00+05:30,2026-01-16 16:30:00+05:30,15,0,0,2277412755,8146129661,8169297488,32,0.3,106,126,38,0.5,18198.35,18361.61,1999.41,1970.36,29.05,1.45
157,15,2026-01-16 10:00:00+00:00,2026-01-16 11:00:00+00:00,2026-01-16 15:30:00+05:30,2026-01-16 16:30:00+05:30,15,0,0,2277412755,8146129661,2841381808,42,0.4,106,126,38,0.451,18198.35,18361.61,1999.41,1970.36,29.05,1.45
158,15,2026-01-16 05:00:00+00:00,2026-01-16 06:00:00+00:00,2026-01-16 10:30:00+05:30,2026-01-16 11:30:00+05:30,10,0,1,2277412755,8146129661,13108436171,22,0.2,113,133,38,0.5659,18203.44,18366.7,1919.66,1892.78,26.88,1.4
159,15,2026-01-16 05:00:00+00:00,2026-01-16 06:00:00+00:00,2026-01-16 10:30:00+05:30,2026-01-16 11:30:00+05:30,10,0,1,2277412755,8146129661,2841407754,34,0.3,113,133,38,0.5214,18203.44,18366.7,1919.74,1892.86,26.88,1.4
160,15,2026-01-16 05:00:00+00:00,2026-01-16 06:00:00+00:00,2026-01-16 10:30:00+05:30,2026-01-16 11:30:00+05:30,10,0,1,2277412755,8146129661,3320289783,45,0.4,113,133,38,0.4717,18203.44,18366.7,1919.74,1892.86,26.88,1.4
161,24,2026-01-15 11:00:00+00:00,2026-01-15 12:00:00+00:00,2026-01-15 16:30:00+05:30,2026-01-15 17:30:00+05:30,16,0,0,3722532375,8127692776,6947583278,21,0.2,108,115,12,0.8283,11368.81,11292.57,1549.09,1522.86,26.22,1.69
162,24,2026-01-15 11:00:00+00:00,2026-01-15 12:00:00+00:00,2026-01-15 16:30:00+05:30,2026-01-15 17:30:00+05:30,16,0,0,3722532375,8127692776,3718264481,32,0.3,108,115,12,0.8068,11368.81,11292.57,1549.09,1522.86,26.22,1.69
163,24,2026-01-15 11:00:00+00:00,2026-01-15 12:00:00+00:00,2026-01-15 16:30:00+05:30,2026-01-15 17:30:00+05:30,16,0,0,3722532375,8127692776,4602856967,43,0.4,108,115,12,0.7792,11368.81,11292.57,1549.09,1522.86,26.22,1.69
164,45,2026-01-16 11:00:00+00:00,2026-01-16 12:00:00+00:00,2026-01-16 16:30:00+05:30,2026-01-16 17:30:00+05:30,16,0,0,3716311743,6608882862,293465681,15,0.2,77,83,23,0.5294,7544.65,7409.86,1042.14,1018.8,23.34,2.24
165,45,2026-01-16 11:00:00+00:00,2026-01-16 12:00:00+00:00,2026-01-16 16:30:00+05:30,2026-01-16 17:30:00+05:30,16,0,0,3716311743,6608882862,293463405,23,0.3,77,83,23,0.4805,7544.65,7409.86,1041.16,1017.82,23.34,2.24
166,31,2026-01-16 11:00:00+00:00,2026-01-16 12:00:00+00:00,2026-01-16 16:30:00+05:30,2026-01-16 17:30:00+05:30,16,0,0,3714708555,4714694214,4716027736,42,0.4,105,111,23,0.5349,8545.75,8410.96,1182.02,1158.68,23.34,1.97
167,31,2026-01-16 11:00:00+00:00,2026-01-16 12:00:00+00:00,2026-01-16 16:30:00+05:30,2026-01-16 17:30:00+05:30,16,0,0,3714708555,4714694214,3714709074,21,0.2,105,111,23,0.6262,8545.75,8410.96,1192.36,1169.03,23.34,1.96
168,31,2026-01-16 11:00:00+00:00,2026-01-16 12:00:00+00:00,2026-01-16 16:30:00+05:30,2026-01-16 17:30:00+05:30,16,0,0,3714708555,4714694214,293463349,31,0.3,105,111,23,0.5876,8545.75,8410.96,1187.92,1164.58,23.34,1.96
169,22,2026-01-16 11:00:00+00:00,2026-01-16 12:00:00+00:00,2026-01-16 16:30:00+05:30,2026-01-16 17:30:00+05:30,16,0,0,9919058606,8157084568,293463385,37,0.3,125,131,23,0.6396,13508.84,13374.05,1614.19,1590.85,23.34,1.45
170,22,2026-01-16 11:00:00+00:00,2026-01-16 12:00:00+00:00,2026-01-16 16:30:00+05:30,2026-01-16 17:30:00+05:30,16,0,0,9919058606,8157084568,10593858513,25,0.2,125,131,23,0.6748,13508.84,13374.05,1618.08,1594.74,23.34,1.44
171,23,2026-01-16 11:00:00+00:00,2026-01-16 12:00:00+00:00,2026-01-16 16:30:00+05:30,2026-01-16 17:30:00+05:30,16,0,0,3714709032,10132690705,9913774165,32,0.2,160,166,23,0.7351,15402.94,15268.16,1957.23,1933.9,23.34,1.19
172,39,2026-01-16 11:00:00+00:00,2026-01-16 12:00:00+00:00,2026-01-16 16:30:00+05:30,2026-01-16 17:30:00+05:30,16,0,0,12194086396,3184375377,4814206874,32,0.4,79,81,24,0.3521,9222.37,9079.77,1222.49,1199.32,23.17,1.9
173,39,2026-01-16 11:00:00+00:00,2026-01-16 12:00:00+00:00,2026-01-16 16:30:00+05:30,2026-01-16 17:30:00+05:30,16,0,0,12194086396,3184375377,8156905418,24,0.3,79,81,24,0.4177,9222.37,9079.77,1235.24,1212.07,23.17,1.88
174,39,2026-01-16 11:00:00+00:00,2026-01-16 12:00:00+00:00,2026-01-16 16:30:00+05:30,2026-01-16 17:30:00+05:30,16,0,0,12194086396,3184375377,3722532411,16,0.2,79,81,24,0.4713,9222.37,9079.77,1239.38,1216.22,23.17,1.87
175,1,2026-01-16 11:00:00+00:00,2026-01-16 12:00:00+00:00,2026-01-16 16:30:00+05:30,2026-01-16 17:30:00+05:30,16,0,0,2283167591,293464723,4720132984,12,0.2,61,61,16,0.5077,5482.36,5284.54,762.62,741.81,20.81,2.73
176,1,2026-01-16 11:00:00+00:00,2026-01-16 12:00:00+00:00,2026-01-16 16:30:00+05:30,2026-01-16 17:30:00+05:30,16,0,0,2283167591,293464723,4613798601,18,0.3,61,61,16,0.4576,5482.36,5284.54,761.02,740.21,20.81,2.73
177,1,2026-01-16 11:00:00+00:00,2026-01-16 12:00:00+00:00,2026-01-16 16:30:00+05:30,2026-01-16 17:30:00+05:30,16,0,0,2283167591,293464723,8151563199,24,0.4,61,61,16,0.3962,5482.36,5284.54,761.02,740.21,20.81,2.73
178,3,2026-01-16 04:00:00+00:00,2026-01-16 05:00:00+00:00,2026-01-16 09:30:00+05:30,2026-01-16 10:30:00+05:30,9,0,1,8144958910,5875519688,10618414232,15,0.2,75,89,52,0.1964,6210.28,6792.17,847.88,829.84,18.04,2.13
179,3,2026-01-16 04:00:00+00:00,2026-01-16 05:00:00+00:00,2026-01-16 09:30:00+05:30,2026-01-16 10:30:00+05:30,9,0,1,8144958910,5875519688,293463334,22,0.3,75,89,52,0.1429,6210.28,6792.17,848.98,830.94,18.04,2.12
180,3,2026-01-16 04:00:00+00:00,2026-01-16 05:00:00+00:00,2026-01-16 09:30:00+05:30,2026-01-16 10:30:00+05:30,9,0,1,8144958910,5875519688,8145212885,30,0.4,75,89,52,0.0722,6210.28,6792.17,849.24,831.2,18.04,2.12
181,45,2026-01-16 08:00:00+00:00,2026-01-16 09:00:00+00:00,2026-01-16 13:30:00+05:30,2026-01-16 14:30:00+05:30,13,0,0,3716311743,6608882862,293460471,25,0.3,85,77,1,0.8361,7557.35,7544.65,880.28,862.89,17.39,1.98
182,45,2026-01-16 08:00:00+00:00,2026-01-16 09:00:00+00:00,2026-01-16 13:30:00+05:30,2026-01-16 14:30:00+05:30,13,0,0,3716311743,6608882862,293465735,17,0.2,85,77,1,0.8551,7557.35,7544.65,888.82,871.43,17.39,1.96
183,31,2026-01-16 08:00:00+00:00,2026-01-16 09:00:00+00:00,2026-01-16 13:30:00+05:30,2026-01-16 14:30:00+05:30,13,0,0,3714708555,4714694214,4613676969,45,0.4,113,105,1,0.8551,8558.45,8545.75,1026.25,1008.86,17.39,1.69
184,31,2026-01-16 08:00:00+00:00,2026-01-16 09:00:00+00:00,2026-01-16 13:30:00+05:30,2026-01-16 14:30:00+05:30,13,0,0,3714708555,4714694214,4723475967,22,0.2,113,105,1,0.8913,8558.45,8545.75,1034.06,1016.67,17.39,1.68
185,31,2026-01-16 08:00:00+00:00,2026-01-16 09:00:00+00:00,2026-01-16 13:30:00+05:30,2026-01-16 14:30:00+05:30,13,0,0,3714708555,4714694214,293463358,34,0.3,113,105,1,0.875,8558.45,8545.75,1035.61,1018.23,17.39,1.68
186,30,2026-01-16 08:00:00+00:00,2026-01-16 09:00:00+00:00,2026-01-16 13:30:00+05:30,2026-01-16 14:30:00+05:30,13,0,0,8144960921,293466286,3717989214,23,0.2,117,109,1,0.8947,9305.85,9293.15,1171.29,1153.9,17.39,1.48
187,30,2026-01-16 08:00:00+00:00,2026-01-16 09:00:00+00:00,2026-01-16 13:30:00+05:30,2026-01-16 14:30:00+05:30,13,0,0,8144960921,293466286,8145212878,35,0.3,117,109,1,0.8795,9305.85,9293.15,1172.22,1154.83,17.39,1.48
188,30,2026-01-16 08:00:00+00:00,2026-01-16 09:00:00+00:00,2026-01-16 13:30:00+05:30,2026-01-16 14:30:00+05:30,13,0,0,8144960921,293466286,9913774165,47,0.4,117,109,1,0.8592,9305.85,9293.15,1172.77,1155.38,17.39,1.48
189,22,2026-01-16 08:00:00+00:00,2026-01-16 09:00:00+00:00,2026-01-16 13:30:00+05:30,2026-01-16 14:30:00+05:30,13,0,0,9919058606,8157084568,293460223,26,0.2,133,125,1,0.9074,13521.54,13508.84,1379.11,1361.72,17.39,1.26
190,22,2026-01-16 08:00:00+00:00,2026-01-16 09:00:00+00:00,2026-01-16 13:30:00+05:30,2026-01-16 14:30:00+05:30,13,0,0,9919058606,8157084568,9913774165,40,0.3,133,125,1,0.8936,13521.54,13508.84,1379.66,1362.27,17.39,1.26
191,23,2026-01-16 08:00:00+00:00,2026-01-16 09:00:00+00:00,2026-01-16 13:30:00+05:30,2026-01-16 14:30:00+05:30,13,0,0,3714709032,10132690705,293463399,33,0.2,168,160,1,0.9265,15415.64,15402.94,1615.36,1597.97,17.39,1.08
192,45,2026-01-15 10:00:00+00:00,2026-01-15 11:00:00+00:00,2026-01-15 15:30:00+05:30,2026-01-15 16:30:00+05:30,15,0,0,3716311743,6608882862,293465681,15,0.2,77,85,9,0.8592,7544.65,7557.35,940.03,924.64,15.39,1.64
193,45,2026-01-15 10:00:00+00:00,2026-01-15 11:00:00+00:00,2026-01-15 15:30:00+05:30,2026-01-15 16:30:00+05:30,15,0,0,3716311743,6608882862,293463405,23,0.3,77,85,9,0.8413,7544.65,7557.35,939.26,923.87,15.39,1.64
194,31,2026-01-15 10:00:00+00:00,2026-01-15 11:00:00+00:00,2026-01-15 15:30:00+05:30,2026-01-15 16:30:00+05:30,15,0,0,3714708555,4714694214,3714709074,21,0.2,105,113,9,0.8925,8545.75,8558.45,1079.29,1063.9,15.39,1.43
195,31,2026-01-15 10:00:00+00:00,2026-01-15 11:00:00+00:00,2026-01-15 15:30:00+05:30,2026-01-15 16:30:00+05:30,15,0,0,3714708555,4714694214,293463349,31,0.3,105,113,9,0.8795,8545.75,8558.45,1077.64,1062.25,15.39,1.43
196,31,2026-01-15 10:00:00+00:00,2026-01-15 11:00:00+00:00,2026-01-15 15:30:00+05:30,2026-01-15 16:30:00+05:30,15,0,0,3714708555,4714694214,4716027736,42,0.4,105,113,9,0.8611,8545.75,8558.45,1074.77,1059.39,15.39,1.43
197,30,2026-01-15 10:00:00+00:00,2026-01-15 11:00:00+00:00,2026-01-15 15:30:00+05:30,2026-01-15 16:30:00+05:30,15,0,0,8144960921,293466286,3714709080,22,0.2,109,117,9,0.8958,9293.15,9305.85,1118.49,1103.11,15.39,1.38
198,30,2026-01-15 10:00:00+00:00,2026-01-15 11:00:00+00:00,2026-01-15 15:30:00+05:30,2026-01-15 16:30:00+05:30,15,0,0,8144960921,293466286,293460223,33,0.3,109,117,9,0.8824,9293.15,9305.85,1116.22,1100.84,15.39,1.38
199,30,2026-01-15 10:00:00+00:00,2026-01-15 11:00:00+00:00,2026-01-15 15:30:00+05:30,2026-01-15 16:30:00+05:30,15,0,0,8144960921,293466286,293463385,44,0.4,109,117,9,0.8649,9293.15,9305.85,1114.5,1099.12,15.39,1.38
200,22,2026-01-15 10:00:00+00:00,2026-01-15 11:00:00+00:00,2026-01-15 15:30:00+05:30,2026-01-15 16:30:00+05:30,15,0,0,9919058606,8157084568,293463385,37,0.3,125,133,9,0.8969,13508.84,13521.54,1457.76,1442.38,15.39,1.06
201,22,2026-01-15 10:00:00+00:00,2026-01-15 11:00:00+00:00,2026-01-15 15:30:00+05:30,2026-01-15 16:30:00+05:30,15,0,0,9919058606,8157084568,10593858513,25,0.2,125,133,9,0.9083,13508.84,13521.54,1459.95,1444.56,15.39,1.05
202,3,2026-01-16 10:00:00+00:00,2026-01-16 11:00:00+00:00,2026-01-16 15:30:00+05:30,2026-01-16 16:30:00+05:30,15,0,0,8144958910,5875519688,293463399,36,0.4,89,89,11,0.6562,6940.12,6792.17,839.97,825.85,14.12,1.68
203,3,2026-01-16 10:00:00+00:00,2026-01-16 11:00:00+00:00,2026-01-16 15:30:00+05:30,2026-01-16 16:30:00+05:30,15,0,0,8144958910,5875519688,293463599,18,0.2,89,89,11,0.7317,6940.12,6792.17,846.6,832.48,14.12,1.67
204,3,2026-01-16 10:00:00+00:00,2026-01-16 11:00:00+00:00,2026-01-16 15:30:00+05:30,2026-01-16 16:30:00+05:30,15,0,0,8144958910,5875519688,11010006278,27,0.3,89,89,11,0.6986,6940.12,6792.17,843.47,829.35,14.12,1.67
205,45,2026-01-15 11:00:00+00:00,2026-01-15 12:00:00+00:00,2026-01-15 16:30:00+05:30,2026-01-15 17:30:00+05:30,16,0,0,3716311743,6608882862,293464907,31,0.4,77,75,14,0.5,7544.65,7397.16,1018.47,1004.47,14.0,1.37
206,45,2026-01-15 11:00:00+00:00,2026-01-15 12:00:00+00:00,2026-01-15 16:30:00+05:30,2026-01-15 17:30:00+05:30,16,0,0,3716311743,6608882862,293465681,15,0.2,77,75,14,0.6053,7544.65,7397.16,1039.23,1025.23,14.0,1.35
207,45,2026-01-15 11:00:00+00:00,2026-01-15 12:00:00+00:00,2026-01-15 16:30:00+05:30,2026-01-15 17:30:00+05:30,16,0,0,3716311743,6608882862,293463405,23,0.3,77,75,14,0.5588,7544.65,7397.16,1038.14,1024.14,14.0,1.35
208,31,2026-01-15 11:00:00+00:00,2026-01-15 12:00:00+00:00,2026-01-15 16:30:00+05:30,2026-01-15 17:30:00+05:30,16,0,0,3714708555,4714694214,293463349,31,0.3,105,103,14,0.6591,8545.75,8398.26,1188.31,1174.31,14.0,1.18
209,31,2026-01-15 11:00:00+00:00,2026-01-15 12:00:00+00:00,2026-01-15 16:30:00+05:30,2026-01-15 17:30:00+05:30,16,0,0,3714708555,4714694214,4716027736,42,0.4,105,103,14,0.6104,8545.75,8398.26,1183.73,1169.73,14.0,1.18
210,31,2026-01-15 11:00:00+00:00,2026-01-15 12:00:00+00:00,2026-01-15 16:30:00+05:30,2026-01-15 17:30:00+05:30,16,0,0,3714708555,4714694214,3714709074,21,0.2,105,103,14,0.6939,8545.75,8398.26,1193.48,1179.48,14.0,1.17
211,19,2026-01-15 10:00:00+00:00,2026-01-15 11:00:00+00:00,2026-01-15 15:30:00+05:30,2026-01-15 16:30:00+05:30,15,0,0,3725764138,8166852625,4594181065,28,0.4,69,84,30,0.3662,8876.62,8979.76,1091.67,1078.05,13.62,1.25
212,19,2026-01-15 10:00:00+00:00,2026-01-15 11:00:00+00:00,2026-01-15 15:30:00+05:30,2026-01-15 16:30:00+05:30,15,0,0,3725764138,8166852625,6604385665,14,0.2,69,84,30,0.4706,8876.62,8979.76,1102.06,1088.45,13.62,1.24
213,19,2026-01-15 10:00:00+00:00,2026-01-15 11:00:00+00:00,2026-01-15 15:30:00+05:30,2026-01-15 16:30:00+05:30,15,0,0,3725764138,8166852625,4594183924,21,0.3,69,84,30,0.4231,8876.62,8979.76,1097.61,1083.99,13.62,1.24
214,38,2026-01-16 08:00:00+00:00,2026-01-16 09:00:00+00:00,2026-01-16 13:30:00+05:30,2026-01-16 14:30:00+05:30,13,0,0,9798857326,3714706440,9816859455,20,0.2,99,89,1,0.85,9247.71,9239.2,1140.62,1128.99,11.63,1.02
215,38,2026-01-16 08:00:00+00:00,2026-01-16 09:00:00+00:00,2026-01-16 13:30:00+05:30,2026-01-16 14:30:00+05:30,13,0,0,9798857326,3714706440,293464856,30,0.3,99,89,1,0.8286,9247.71,9239.2,1139.94,1128.31,11.63,1.02
216,38,2026-01-16 08:00:00+00:00,2026-01-16 09:00:00+00:00,2026-01-16 13:30:00+05:30,2026-01-16 14:30:00+05:30,13,0,0,9798857326,3714706440,4613766154,40,0.4,99,89,1,0.8,9247.71,9239.2,1139.16,1127.53,11.63,1.02
217,45,2026-01-16 11:00:00+00:00,2026-01-16 12:00:00+00:00,2026-01-16 16:30:00+05:30,2026-01-16 17:30:00+05:30,16,0,0,3716311743,6608882862,293464907,31,0.4,77,75,14,0.5,7544.65,7397.16,1015.61,1004.06,11.54,1.14
218,44,2026-01-16 11:00:00+00:00,2026-01-16 12:00:00+00:00,2026-01-16 16:30:00+05:30,2026-01-16 17:30:00+05:30,16,0,0,6985772828,10091564873,8100516123,13,0.2,66,67,3,0.9107,5559.02,5582.56,856.78,846.92,9.87,1.15
219,44,2026-01-16 11:00:00+00:00,2026-01-16 12:00:00+00:00,2026-01-16 16:30:00+05:30,2026-01-16 17:30:00+05:30,16,0,0,6985772828,10091564873,8100516181,20,0.3,66,67,3,0.898,5559.02,5582.56,856.78,846.92,9.87,1.15
220,44,2026-01-16 11:00:00+00:00,2026-01-16 12:00:00+00:00,2026-01-16 16:30:00+05:30,2026-01-16 17:30:00+05:30,16,0,0,6985772828,10091564873,3717989711,26,0.4,66,67,3,0.8837,5559.02,5582.56,856.78,846.92,9.87,1.15
